id,znamenitost,kategorija,drzave,kontinenti,leto vpisa,povrsina [ha],kriteriji
211,Minaret and Archaeological Remains of Jam,cultural_danger,['Afghanistan'],['Asia'],2002,70,"[('ii', 'to exhibit an important interchange of human values, over a span of time or within a cultural area of the world, on developments in architecture or technology, monumental arts, town-planning or landscape design'), ('iii', 'to bear a unique or at least exceptional testimony to a cultural tradition or to a civilization which is living or which has disappeared'), ('iv', 'to be an outstanding example of a type of building, architectural or technological ensemble or landscape which illustrates (a) significant stage(s) in human history')]"
208,Cultural Landscape and Archaeological Remains of the Bamiyan Valley,cultural_danger,['Afghanistan'],['Asia'],2003,158.9265,"[('i', 'to represent a masterpiece of human creative genius'), ('ii', 'to exhibit an important interchange of human values, over a span of time or within a cultural area of the world, on developments in architecture or technology, monumental arts, town-planning or landscape design'), ('iii', 'to bear a unique or at least exceptional testimony to a cultural tradition or to a civilization which is living or which has disappeared'), ('iv', 'to be an outstanding example of a type of building, architectural or technological ensemble or landscape which illustrates (a) significant stage(s) in human history'), ('vi', 'to be directly or tangibly associated with events or living traditions, with ideas, or with beliefs, with artistic and literary works of outstanding universal significance. (The Committee considers that this criterion should preferably be used in conjunction with other criteria)')]"
99,Natural and Cultural Heritage of the Ohrid region,mixed,"['Albania', 'North Macedonia']",['Europe'],1979,94728.6,"[('i', 'to represent a masterpiece of human creative genius'), ('iii', 'to bear a unique or at least exceptional testimony to a cultural tradition or to a civilization which is living or which has disappeared'), ('iv', 'to be an outstanding example of a type of building, architectural or technological ensemble or landscape which illustrates (a) significant stage(s) in human history'), ('vii', 'to contain superlative natural phenomena or areas of exceptional natural beauty and aesthetic importance')]"
570,Butrint,cultural,['Albania'],['Europe'],1992,ni podatka,"[('iii', 'to bear a unique or at least exceptional testimony to a cultural tradition or to a civilization which is living or which has disappeared')]"
569,Historic Centres of Berat and Gjirokastra,cultural,['Albania'],['Europe'],2005,58.9,"[('iii', 'to bear a unique or at least exceptional testimony to a cultural tradition or to a civilization which is living or which has disappeared'), ('iv', 'to be an outstanding example of a type of building, architectural or technological ensemble or landscape which illustrates (a) significant stage(s) in human history')]"
1133,Ancient and Primeval Beech Forests of the Carpathians and Other Regions of Europe,natural,"['Albania', 'Austria', 'Belgium', 'Bosnia and Herzegovina', 'Bulgaria', 'Croatia', 'Czechia', 'France', 'Germany', 'Italy', 'North Macedonia', 'Poland', 'Romania', 'Slovakia', 'Slovenia', 'Spain', 'Switzerland', 'Ukraine']",['Europe'],2007,99947.81,"[('ix', 'to be outstanding examples representing significant on-going ecological and biological processes in the evolution and development of terrestrial, fresh water, coastal and marine ecosystems and communities of plants and animals')]"
102,Al Qal'a of Beni Hammad,cultural,['Algeria'],['Africa'],1980,150,"[('iii', 'to bear a unique or at least exceptional testimony to a cultural tradition or to a civilization which is living or which has disappeared')]"
191,Djémila,cultural,['Algeria'],['Africa'],1982,30.6,"[('iii', 'to bear a unique or at least exceptional testimony to a cultural tradition or to a civilization which is living or which has disappeared'), ('iv', 'to be an outstanding example of a type of building, architectural or technological ensemble or landscape which illustrates (a) significant stage(s) in human history')]"
188,M'Zab Valley,cultural,['Algeria'],['Africa'],1982,665.03,"[('ii', 'to exhibit an important interchange of human values, over a span of time or within a cultural area of the world, on developments in architecture or technology, monumental arts, town-planning or landscape design'), ('iii', 'to bear a unique or at least exceptional testimony to a cultural tradition or to a civilization which is living or which has disappeared'), ('v', 'to be an outstanding example of a traditional human settlement, land-use, or sea-use which is representative of a culture (or cultures), or human interaction with the environment especially when it has become vulnerable under the impact of irreversible change')]"
179,Tassili n'Ajjer,mixed,['Algeria'],['Africa'],1982,7200000,"[('i', 'to represent a masterpiece of human creative genius'), ('iii', 'to bear a unique or at least exceptional testimony to a cultural tradition or to a civilization which is living or which has disappeared'), ('vii', 'to contain superlative natural phenomena or areas of exceptional natural beauty and aesthetic importance'), ('viii', ""to be outstanding examples representing major stages of earth's history, including the record of life, significant on-going geological processes in the development of landforms, or significant geomorphic or physiographic features"")]"
194,Timgad,cultural,['Algeria'],['Africa'],1982,90.54,"[('ii', 'to exhibit an important interchange of human values, over a span of time or within a cultural area of the world, on developments in architecture or technology, monumental arts, town-planning or landscape design'), ('iii', 'to bear a unique or at least exceptional testimony to a cultural tradition or to a civilization which is living or which has disappeared'), ('iv', 'to be an outstanding example of a type of building, architectural or technological ensemble or landscape which illustrates (a) significant stage(s) in human history')]"
193,Tipasa,cultural,['Algeria'],['Africa'],1982,52.16,"[('iii', 'to bear a unique or at least exceptional testimony to a cultural tradition or to a civilization which is living or which has disappeared'), ('iv', 'to be an outstanding example of a type of building, architectural or technological ensemble or landscape which illustrates (a) significant stage(s) in human history')]"
565,Kasbah of Algiers,cultural,['Algeria'],['Africa'],1992,54.7,"[('ii', 'to exhibit an important interchange of human values, over a span of time or within a cultural area of the world, on developments in architecture or technology, monumental arts, town-planning or landscape design'), ('v', 'to be an outstanding example of a traditional human settlement, land-use, or sea-use which is representative of a culture (or cultures), or human interaction with the environment especially when it has become vulnerable under the impact of irreversible change')]"
1160,Madriu-Perafita-Claror Valley,cultural,['Andorra'],['Europe'],2004,4247,"[('v', 'to be an outstanding example of a traditional human settlement, land-use, or sea-use which is representative of a culture (or cultures), or human interaction with the environment especially when it has become vulnerable under the impact of irreversible change')]"
1511,"Mbanza Kongo, Vestiges of the Capital of the former Kingdom of Kongo",cultural,['Angola'],['Africa'],2017,89.29,"[('iii', 'to bear a unique or at least exceptional testimony to a cultural tradition or to a civilization which is living or which has disappeared'), ('iv', 'to be an outstanding example of a type of building, architectural or technological ensemble or landscape which illustrates (a) significant stage(s) in human history')]"
1499,Antigua Naval Dockyard and Related Archaeological Sites,cultural,['Antigua and Barbuda'],['North America'],2016,255,"[('ii', 'to exhibit an important interchange of human values, over a span of time or within a cultural area of the world, on developments in architecture or technology, monumental arts, town-planning or landscape design'), ('iv', 'to be an outstanding example of a type of building, architectural or technological ensemble or landscape which illustrates (a) significant stage(s) in human history')]"
145,Los Glaciares National Park,natural,['Argentina'],['South America'],1981,726927,"[('vii', 'to contain superlative natural phenomena or areas of exceptional natural beauty and aesthetic importance'), ('viii', ""to be outstanding examples representing major stages of earth's history, including the record of life, significant on-going geological processes in the development of landforms, or significant geomorphic or physiographic features"")]"
275,"Jesuit Missions of the Guaranis: San Ignacio Mini, Santa Ana, Nuestra Señora de Loreto and Santa Maria Mayor (Argentina), Ruins of Sao Miguel das Missoes (Brazil)",cultural,"['Argentina', 'Brazil']",['South America'],1983,265.09,"[('iv', 'to be an outstanding example of a type of building, architectural or technological ensemble or landscape which illustrates (a) significant stage(s) in human history')]"
303,Iguazu National Park,natural,['Argentina'],['South America'],1984,55000,"[('vii', 'to contain superlative natural phenomena or areas of exceptional natural beauty and aesthetic importance'), ('x', 'to contain the most important and significant natural habitats for in-situ conservation of biological diversity, including those containing threatened species of outstanding universal value from the point of view of science or conservation')]"
936,"Cueva de las Manos, Río Pinturas",cultural,['Argentina'],['South America'],1999,600,"[('iii', 'to bear a unique or at least exceptional testimony to a cultural tradition or to a civilization which is living or which has disappeared')]"
937,Península Valdés,natural,['Argentina'],['South America'],1999,360000,"[('x', 'to contain the most important and significant natural habitats for in-situ conservation of biological diversity, including those containing threatened species of outstanding universal value from the point of view of science or conservation')]"
966,Ischigualasto / Talampaya Natural Parks,natural,['Argentina'],['South America'],2000,275369,"[('viii', ""to be outstanding examples representing major stages of earth's history, including the record of life, significant on-going geological processes in the development of landforms, or significant geomorphic or physiographic features"")]"
995,Jesuit Block and Estancias of Córdoba,cultural,['Argentina'],['South America'],2000,38.12,"[('ii', 'to exhibit an important interchange of human values, over a span of time or within a cultural area of the world, on developments in architecture or technology, monumental arts, town-planning or landscape design'), ('iv', 'to be an outstanding example of a type of building, architectural or technological ensemble or landscape which illustrates (a) significant stage(s) in human history')]"
1116,Quebrada de Humahuaca,cultural,['Argentina'],['South America'],2003,172116.4375,"[('ii', 'to exhibit an important interchange of human values, over a span of time or within a cultural area of the world, on developments in architecture or technology, monumental arts, town-planning or landscape design'), ('iv', 'to be an outstanding example of a type of building, architectural or technological ensemble or landscape which illustrates (a) significant stage(s) in human history'), ('v', 'to be an outstanding example of a traditional human settlement, land-use, or sea-use which is representative of a culture (or cultures), or human interaction with the environment especially when it has become vulnerable under the impact of irreversible change')]"
1459,"Qhapaq Ñan, Andean Road System",cultural,"['Argentina', 'Bolivia (Plurinational State of)', 'Chile', 'Colombia', 'Ecuador', 'Peru']",['South America'],2014,3642.8067,"[('ii', 'to exhibit an important interchange of human values, over a span of time or within a cultural area of the world, on developments in architecture or technology, monumental arts, town-planning or landscape design'), ('iii', 'to bear a unique or at least exceptional testimony to a cultural tradition or to a civilization which is living or which has disappeared'), ('iv', 'to be an outstanding example of a type of building, architectural or technological ensemble or landscape which illustrates (a) significant stage(s) in human history'), ('vi', 'to be directly or tangibly associated with events or living traditions, with ideas, or with beliefs, with artistic and literary works of outstanding universal significance. (The Committee considers that this criterion should preferably be used in conjunction with other criteria)')]"
1321,"The Architectural Work of Le Corbusier, an Outstanding Contribution to the Modern Movement",cultural,"['Argentina', 'Belgium', 'France', 'Germany', 'India', 'Japan', 'Switzerland']","['South America', 'Europe', 'Asia']",2016,98.4838,"[('i', 'to represent a masterpiece of human creative genius'), ('ii', 'to exhibit an important interchange of human values, over a span of time or within a cultural area of the world, on developments in architecture or technology, monumental arts, town-planning or landscape design'), ('vi', 'to be directly or tangibly associated with events or living traditions, with ideas, or with beliefs, with artistic and literary works of outstanding universal significance. (The Committee considers that this criterion should preferably be used in conjunction with other criteria)')]"
1526,Los Alerces National Park,natural,['Argentina'],['South America'],2017,188379,"[('vii', 'to contain superlative natural phenomena or areas of exceptional natural beauty and aesthetic importance'), ('x', 'to contain the most important and significant natural habitats for in-situ conservation of biological diversity, including those containing threatened species of outstanding universal value from the point of view of science or conservation')]"
1681,"ESMA Museum and Site of Memory – Former Clandestine Centre of Detention, Torture and Extermination",cultural,['Argentina'],['South America'],2023,0.907,"[('vi', 'to be directly or tangibly associated with events or living traditions, with ideas, or with beliefs, with artistic and literary works of outstanding universal significance. (The Committee considers that this criterion should preferably be used in conjunction with other criteria)')]"
777,Monasteries of Haghpat and Sanahin,cultural,['Armenia'],['Asia'],1996,2.65,"[('ii', 'to exhibit an important interchange of human values, over a span of time or within a cultural area of the world, on developments in architecture or technology, monumental arts, town-planning or landscape design'), ('iv', 'to be an outstanding example of a type of building, architectural or technological ensemble or landscape which illustrates (a) significant stage(s) in human history')]"
1011,Cathedral and Churches of Echmiatsin and the Archaeological Site of Zvartnots,cultural,['Armenia'],['Asia'],2000,74.3,"[('ii', 'to exhibit an important interchange of human values, over a span of time or within a cultural area of the world, on developments in architecture or technology, monumental arts, town-planning or landscape design'), ('iii', 'to bear a unique or at least exceptional testimony to a cultural tradition or to a civilization which is living or which has disappeared')]"
960,Monastery of Geghard and the Upper Azat Valley,cultural,['Armenia'],['Asia'],2000,2.7,"[('ii', 'to exhibit an important interchange of human values, over a span of time or within a cultural area of the world, on developments in architecture or technology, monumental arts, town-planning or landscape design')]"
154,Great Barrier Reef,natural,['Australia'],['Oceania'],1981,34870000,"[('vii', 'to contain superlative natural phenomena or areas of exceptional natural beauty and aesthetic importance'), ('viii', ""to be outstanding examples representing major stages of earth's history, including the record of life, significant on-going geological processes in the development of landforms, or significant geomorphic or physiographic features""), ('ix', 'to be outstanding examples representing significant on-going ecological and biological processes in the evolution and development of terrestrial, fresh water, coastal and marine ecosystems and communities of plants and animals'), ('x', 'to contain the most important and significant natural habitats for in-situ conservation of biological diversity, including those containing threatened species of outstanding universal value from the point of view of science or conservation')]"
147,Kakadu National Park,mixed,['Australia'],['Oceania'],1981,1980994.92,"[('i', 'to represent a masterpiece of human creative genius'), ('vi', 'to be directly or tangibly associated with events or living traditions, with ideas, or with beliefs, with artistic and literary works of outstanding universal significance. (The Committee considers that this criterion should preferably be used in conjunction with other criteria)'), ('vii', 'to contain superlative natural phenomena or areas of exceptional natural beauty and aesthetic importance'), ('ix', 'to be outstanding examples representing significant on-going ecological and biological processes in the evolution and development of terrestrial, fresh water, coastal and marine ecosystems and communities of plants and animals'), ('x', 'to contain the most important and significant natural habitats for in-situ conservation of biological diversity, including those containing threatened species of outstanding universal value from the point of view of science or conservation')]"
167,Willandra Lakes Region,mixed,['Australia'],['Oceania'],1981,240000,"[('iii', 'to bear a unique or at least exceptional testimony to a cultural tradition or to a civilization which is living or which has disappeared'), ('viii', ""to be outstanding examples representing major stages of earth's history, including the record of life, significant on-going geological processes in the development of landforms, or significant geomorphic or physiographic features"")]"
186,Lord Howe Island Group,natural,['Australia'],['Oceania'],1982,146300,"[('vii', 'to contain superlative natural phenomena or areas of exceptional natural beauty and aesthetic importance'), ('x', 'to contain the most important and significant natural habitats for in-situ conservation of biological diversity, including those containing threatened species of outstanding universal value from the point of view of science or conservation')]"
181,Tasmanian Wilderness,mixed,['Australia'],['Oceania'],1982,1584233,"[('iii', 'to bear a unique or at least exceptional testimony to a cultural tradition or to a civilization which is living or which has disappeared'), ('iv', 'to be an outstanding example of a type of building, architectural or technological ensemble or landscape which illustrates (a) significant stage(s) in human history'), ('vi', 'to be directly or tangibly associated with events or living traditions, with ideas, or with beliefs, with artistic and literary works of outstanding universal significance. (The Committee considers that this criterion should preferably be used in conjunction with other criteria)'), ('vii', 'to contain superlative natural phenomena or areas of exceptional natural beauty and aesthetic importance'), ('viii', ""to be outstanding examples representing major stages of earth's history, including the record of life, significant on-going geological processes in the development of landforms, or significant geomorphic or physiographic features""), ('ix', 'to be outstanding examples representing significant on-going ecological and biological processes in the evolution and development of terrestrial, fresh water, coastal and marine ecosystems and communities of plants and animals'), ('x', 'to contain the most important and significant natural habitats for in-situ conservation of biological diversity, including those containing threatened species of outstanding universal value from the point of view of science or conservation')]"
368,Gondwana Rainforests of Australia,natural,['Australia'],['Oceania'],1986,370000,"[('viii', ""to be outstanding examples representing major stages of earth's history, including the record of life, significant on-going geological processes in the development of landforms, or significant geomorphic or physiographic features""), ('ix', 'to be outstanding examples representing significant on-going ecological and biological processes in the evolution and development of terrestrial, fresh water, coastal and marine ecosystems and communities of plants and animals'), ('x', 'to contain the most important and significant natural habitats for in-situ conservation of biological diversity, including those containing threatened species of outstanding universal value from the point of view of science or conservation')]"
447,Ulu<U>r</U>u-Kata Tju<U>t</U>a National Park,mixed,['Australia'],['Oceania'],1987,132566,"[('v', 'to be an outstanding example of a traditional human settlement, land-use, or sea-use which is representative of a culture (or cultures), or human interaction with the environment especially when it has become vulnerable under the impact of irreversible change'), ('vi', 'to be directly or tangibly associated with events or living traditions, with ideas, or with beliefs, with artistic and literary works of outstanding universal significance. (The Committee considers that this criterion should preferably be used in conjunction with other criteria)'), ('vii', 'to contain superlative natural phenomena or areas of exceptional natural beauty and aesthetic importance'), ('viii', ""to be outstanding examples representing major stages of earth's history, including the record of life, significant on-going geological processes in the development of landforms, or significant geomorphic or physiographic features"")]"
486,Wet Tropics of Queensland,natural,['Australia'],['Oceania'],1988,893453,"[('vii', 'to contain superlative natural phenomena or areas of exceptional natural beauty and aesthetic importance'), ('viii', ""to be outstanding examples representing major stages of earth's history, including the record of life, significant on-going geological processes in the development of landforms, or significant geomorphic or physiographic features""), ('ix', 'to be outstanding examples representing significant on-going ecological and biological processes in the evolution and development of terrestrial, fresh water, coastal and marine ecosystems and communities of plants and animals'), ('x', 'to contain the most important and significant natural habitats for in-situ conservation of biological diversity, including those containing threatened species of outstanding universal value from the point of view of science or conservation')]"
578,"Shark Bay, Western Australia",natural,['Australia'],['Oceania'],1991,2200902,"[('vii', 'to contain superlative natural phenomena or areas of exceptional natural beauty and aesthetic importance'), ('viii', ""to be outstanding examples representing major stages of earth's history, including the record of life, significant on-going geological processes in the development of landforms, or significant geomorphic or physiographic features""), ('ix', 'to be outstanding examples representing significant on-going ecological and biological processes in the evolution and development of terrestrial, fresh water, coastal and marine ecosystems and communities of plants and animals'), ('x', 'to contain the most important and significant natural habitats for in-situ conservation of biological diversity, including those containing threatened species of outstanding universal value from the point of view of science or conservation')]"
630,K’gari,natural,['Australia'],['Oceania'],1992,181851,"[('vii', 'to contain superlative natural phenomena or areas of exceptional natural beauty and aesthetic importance'), ('viii', ""to be outstanding examples representing major stages of earth's history, including the record of life, significant on-going geological processes in the development of landforms, or significant geomorphic or physiographic features""), ('ix', 'to be outstanding examples representing significant on-going ecological and biological processes in the evolution and development of terrestrial, fresh water, coastal and marine ecosystems and communities of plants and animals')]"
698,Australian Fossil Mammal Sites (Riversleigh / Naracoorte),natural,['Australia'],['Oceania'],1994,10326,"[('viii', ""to be outstanding examples representing major stages of earth's history, including the record of life, significant on-going geological processes in the development of landforms, or significant geomorphic or physiographic features""), ('ix', 'to be outstanding examples representing significant on-going ecological and biological processes in the evolution and development of terrestrial, fresh water, coastal and marine ecosystems and communities of plants and animals')]"
577,Heard and McDonald Islands,natural,['Australia'],['Oceania'],1997,658903,"[('viii', ""to be outstanding examples representing major stages of earth's history, including the record of life, significant on-going geological processes in the development of landforms, or significant geomorphic or physiographic features""), ('ix', 'to be outstanding examples representing significant on-going ecological and biological processes in the evolution and development of terrestrial, fresh water, coastal and marine ecosystems and communities of plants and animals')]"
629,Macquarie Island,natural,['Australia'],['Oceania'],1997,557280,"[('vii', 'to contain superlative natural phenomena or areas of exceptional natural beauty and aesthetic importance'), ('viii', ""to be outstanding examples representing major stages of earth's history, including the record of life, significant on-going geological processes in the development of landforms, or significant geomorphic or physiographic features"")]"
917,Greater Blue Mountains Area,natural,['Australia'],['Oceania'],2000,1032649,"[('ix', 'to be outstanding examples representing significant on-going ecological and biological processes in the evolution and development of terrestrial, fresh water, coastal and marine ecosystems and communities of plants and animals'), ('x', 'to contain the most important and significant natural habitats for in-situ conservation of biological diversity, including those containing threatened species of outstanding universal value from the point of view of science or conservation')]"
1094,Purnululu National Park,natural,['Australia'],['Oceania'],2003,239723,"[('vii', 'to contain superlative natural phenomena or areas of exceptional natural beauty and aesthetic importance'), ('viii', ""to be outstanding examples representing major stages of earth's history, including the record of life, significant on-going geological processes in the development of landforms, or significant geomorphic or physiographic features"")]"
1131,Royal Exhibition Building and Carlton Gardens,cultural,['Australia'],['Oceania'],2004,26,"[('ii', 'to exhibit an important interchange of human values, over a span of time or within a cultural area of the world, on developments in architecture or technology, monumental arts, town-planning or landscape design')]"
166,Sydney Opera House,cultural,['Australia'],['Oceania'],2007,5.8,"[('i', 'to represent a masterpiece of human creative genius')]"
1306,Australian Convict Sites,cultural,['Australia'],['Oceania'],2010,1502.51,"[('iv', 'to be an outstanding example of a type of building, architectural or technological ensemble or landscape which illustrates (a) significant stage(s) in human history'), ('vi', 'to be directly or tangibly associated with events or living traditions, with ideas, or with beliefs, with artistic and literary works of outstanding universal significance. (The Committee considers that this criterion should preferably be used in conjunction with other criteria)')]"
1369,Ningaloo Coast,natural,['Australia'],['Oceania'],2011,705015,"[('vii', 'to contain superlative natural phenomena or areas of exceptional natural beauty and aesthetic importance'), ('x', 'to contain the most important and significant natural habitats for in-situ conservation of biological diversity, including those containing threatened species of outstanding universal value from the point of view of science or conservation')]"
1577,Budj Bim Cultural Landscape,cultural,['Australia'],['Oceania'],2019,9935,"[('iii', 'to bear a unique or at least exceptional testimony to a cultural tradition or to a civilization which is living or which has disappeared'), ('v', 'to be an outstanding example of a traditional human settlement, land-use, or sea-use which is representative of a culture (or cultures), or human interaction with the environment especially when it has become vulnerable under the impact of irreversible change')]"
1709,Murujuga Cultural Landscape,cultural,['Australia'],['Oceania'],2025,99881,"[('i', 'to represent a masterpiece of human creative genius'), ('iii', 'to bear a unique or at least exceptional testimony to a cultural tradition or to a civilization which is living or which has disappeared'), ('v', 'to be an outstanding example of a traditional human settlement, land-use, or sea-use which is representative of a culture (or cultures), or human interaction with the environment especially when it has become vulnerable under the impact of irreversible change')]"
784,Historic Centre of the City of Salzburg,cultural,['Austria'],['Europe'],1996,236,"[('ii', 'to exhibit an important interchange of human values, over a span of time or within a cultural area of the world, on developments in architecture or technology, monumental arts, town-planning or landscape design'), ('iv', 'to be an outstanding example of a type of building, architectural or technological ensemble or landscape which illustrates (a) significant stage(s) in human history'), ('vi', 'to be directly or tangibly associated with events or living traditions, with ideas, or with beliefs, with artistic and literary works of outstanding universal significance. (The Committee considers that this criterion should preferably be used in conjunction with other criteria)')]"
786,Palace and Gardens of Schönbrunn,cultural,['Austria'],['Europe'],1996,186.28,"[('i', 'to represent a masterpiece of human creative genius'), ('iv', 'to be an outstanding example of a type of building, architectural or technological ensemble or landscape which illustrates (a) significant stage(s) in human history')]"
806,Hallstatt-Dachstein / Salzkammergut Cultural Landscape,cultural,['Austria'],['Europe'],1997,28637,"[('iii', 'to bear a unique or at least exceptional testimony to a cultural tradition or to a civilization which is living or which has disappeared'), ('iv', 'to be an outstanding example of a type of building, architectural or technological ensemble or landscape which illustrates (a) significant stage(s) in human history')]"
785,Semmering Railway,cultural,['Austria'],['Europe'],1998,156.18,"[('ii', 'to exhibit an important interchange of human values, over a span of time or within a cultural area of the world, on developments in architecture or technology, monumental arts, town-planning or landscape design'), ('iv', 'to be an outstanding example of a type of building, architectural or technological ensemble or landscape which illustrates (a) significant stage(s) in human history')]"
931,City of Graz – Historic Centre and Schloss Eggenberg,cultural,['Austria'],['Europe'],1999,91.094,"[('ii', 'to exhibit an important interchange of human values, over a span of time or within a cultural area of the world, on developments in architecture or technology, monumental arts, town-planning or landscape design'), ('iv', 'to be an outstanding example of a type of building, architectural or technological ensemble or landscape which illustrates (a) significant stage(s) in human history')]"
970,Wachau Cultural Landscape,cultural,['Austria'],['Europe'],2000,18462,"[('ii', 'to exhibit an important interchange of human values, over a span of time or within a cultural area of the world, on developments in architecture or technology, monumental arts, town-planning or landscape design'), ('iv', 'to be an outstanding example of a type of building, architectural or technological ensemble or landscape which illustrates (a) significant stage(s) in human history')]"
1033,Historic Centre of Vienna,cultural_danger,['Austria'],['Europe'],2001,371,"[('ii', 'to exhibit an important interchange of human values, over a span of time or within a cultural area of the world, on developments in architecture or technology, monumental arts, town-planning or landscape design'), ('iv', 'to be an outstanding example of a type of building, architectural or technological ensemble or landscape which illustrates (a) significant stage(s) in human history'), ('vi', 'to be directly or tangibly associated with events or living traditions, with ideas, or with beliefs, with artistic and literary works of outstanding universal significance. (The Committee considers that this criterion should preferably be used in conjunction with other criteria)')]"
772,Fertö / Neusiedlersee Cultural Landscape,cultural,"['Austria', 'Hungary']",['Europe'],2001,68369,"[('v', 'to be an outstanding example of a traditional human settlement, land-use, or sea-use which is representative of a culture (or cultures), or human interaction with the environment especially when it has become vulnerable under the impact of irreversible change')]"
1363,Prehistoric Pile Dwellings around the Alps,cultural,"['Austria', 'France', 'Germany', 'Italy', 'Slovenia', 'Switzerland']",['Europe'],2011,274.2,"[('iv', 'to be an outstanding example of a type of building, architectural or technological ensemble or landscape which illustrates (a) significant stage(s) in human history'), ('v', 'to be an outstanding example of a traditional human settlement, land-use, or sea-use which is representative of a culture (or cultures), or human interaction with the environment especially when it has become vulnerable under the impact of irreversible change')]"
1608,Frontiers of the Roman Empire – The Danube Limes (Western Segment),cultural,"['Austria', 'Germany', 'Slovakia']",['Europe'],2021,821.7474,"[('ii', 'to exhibit an important interchange of human values, over a span of time or within a cultural area of the world, on developments in architecture or technology, monumental arts, town-planning or landscape design'), ('iii', 'to bear a unique or at least exceptional testimony to a cultural tradition or to a civilization which is living or which has disappeared'), ('iv', 'to be an outstanding example of a type of building, architectural or technological ensemble or landscape which illustrates (a) significant stage(s) in human history')]"
1613,The Great Spa Towns of Europe,cultural,"['Austria', 'Belgium', 'Czechia', 'France', 'Germany', 'Italy', 'United Kingdom of Great Britain and Northern Ireland']",['Europe'],2021,7018,"[('ii', 'to exhibit an important interchange of human values, over a span of time or within a cultural area of the world, on developments in architecture or technology, monumental arts, town-planning or landscape design'), ('iii', 'to bear a unique or at least exceptional testimony to a cultural tradition or to a civilization which is living or which has disappeared')]"
958,Walled City of Baku with the Shirvanshah's Palace and Maiden Tower,cultural,['Azerbaijan'],['Asia'],2000,21.5,"[('iv', 'to be an outstanding example of a type of building, architectural or technological ensemble or landscape which illustrates (a) significant stage(s) in human history')]"
1076,Gobustan Rock Art Cultural Landscape,cultural,['Azerbaijan'],['Asia'],2007,537.22,"[('iii', 'to bear a unique or at least exceptional testimony to a cultural tradition or to a civilization which is living or which has disappeared')]"
1549,Historic Centre of Sheki with the Khan’s Palace,cultural,['Azerbaijan'],['Asia'],2019,120.5,"[('ii', 'to exhibit an important interchange of human values, over a span of time or within a cultural area of the world, on developments in architecture or technology, monumental arts, town-planning or landscape design'), ('v', 'to be an outstanding example of a traditional human settlement, land-use, or sea-use which is representative of a culture (or cultures), or human interaction with the environment especially when it has become vulnerable under the impact of irreversible change')]"
1584,Hyrcanian Forests,natural,"['Azerbaijan', 'Iran (Islamic Republic of)']",['Asia'],2019,145004.74,"[('ix', 'to be outstanding examples representing significant on-going ecological and biological processes in the evolution and development of terrestrial, fresh water, coastal and marine ecosystems and communities of plants and animals')]"
1696,Cultural Landscape of Khinalig People and “Köç Yolu” Transhumance Route,cultural,['Azerbaijan'],['Asia'],2023,44829.41,"[('iii', 'to bear a unique or at least exceptional testimony to a cultural tradition or to a civilization which is living or which has disappeared'), ('v', 'to be an outstanding example of a traditional human settlement, land-use, or sea-use which is representative of a culture (or cultures), or human interaction with the environment especially when it has become vulnerable under the impact of irreversible change')]"
1192,Qal’at al-Bahrain – Ancient Harbour and Capital of Dilmun,cultural,['Bahrain'],['Asia'],2005,70.4,"[('ii', 'to exhibit an important interchange of human values, over a span of time or within a cultural area of the world, on developments in architecture or technology, monumental arts, town-planning or landscape design'), ('iii', 'to bear a unique or at least exceptional testimony to a cultural tradition or to a civilization which is living or which has disappeared'), ('iv', 'to be an outstanding example of a type of building, architectural or technological ensemble or landscape which illustrates (a) significant stage(s) in human history')]"
1364,"Pearling, Testimony of an Island Economy",cultural,['Bahrain'],['Asia'],2012,35086.81,"[('iii', 'to bear a unique or at least exceptional testimony to a cultural tradition or to a civilization which is living or which has disappeared')]"
1542,Dilmun Burial Mounds,cultural,['Bahrain'],['Asia'],2019,168.45,"[('iii', 'to bear a unique or at least exceptional testimony to a cultural tradition or to a civilization which is living or which has disappeared'), ('iv', 'to be an outstanding example of a type of building, architectural or technological ensemble or landscape which illustrates (a) significant stage(s) in human history')]"
321,Historic Mosque City of Bagerhat,cultural,['Bangladesh'],['Asia'],1985,ni podatka,"[('iv', 'to be an outstanding example of a type of building, architectural or technological ensemble or landscape which illustrates (a) significant stage(s) in human history')]"
322,Ruins of the Buddhist Vihara at Paharpur,cultural,['Bangladesh'],['Asia'],1985,ni podatka,"[('i', 'to represent a masterpiece of human creative genius'), ('ii', 'to exhibit an important interchange of human values, over a span of time or within a cultural area of the world, on developments in architecture or technology, monumental arts, town-planning or landscape design'), ('vi', 'to be directly or tangibly associated with events or living traditions, with ideas, or with beliefs, with artistic and literary works of outstanding universal significance. (The Committee considers that this criterion should preferably be used in conjunction with other criteria)')]"
798,The Sundarbans,natural,['Bangladesh'],['Asia'],1997,139500,"[('ix', 'to be outstanding examples representing significant on-going ecological and biological processes in the evolution and development of terrestrial, fresh water, coastal and marine ecosystems and communities of plants and animals'), ('x', 'to contain the most important and significant natural habitats for in-situ conservation of biological diversity, including those containing threatened species of outstanding universal value from the point of view of science or conservation')]"
1376,Historic Bridgetown and its Garrison,cultural,['Barbados'],['North America'],2011,187,"[('ii', 'to exhibit an important interchange of human values, over a span of time or within a cultural area of the world, on developments in architecture or technology, monumental arts, town-planning or landscape design'), ('iii', 'to bear a unique or at least exceptional testimony to a cultural tradition or to a civilization which is living or which has disappeared'), ('iv', 'to be an outstanding example of a type of building, architectural or technological ensemble or landscape which illustrates (a) significant stage(s) in human history')]"
33,Białowieża Forest,natural,"['Belarus', 'Poland']",['Europe'],1979,141885,"[('ix', 'to be outstanding examples representing significant on-going ecological and biological processes in the evolution and development of terrestrial, fresh water, coastal and marine ecosystems and communities of plants and animals'), ('x', 'to contain the most important and significant natural habitats for in-situ conservation of biological diversity, including those containing threatened species of outstanding universal value from the point of view of science or conservation')]"
625,Mir Castle Complex,cultural,['Belarus'],['Europe'],2000,27,"[('ii', 'to exhibit an important interchange of human values, over a span of time or within a cultural area of the world, on developments in architecture or technology, monumental arts, town-planning or landscape design'), ('iv', 'to be an outstanding example of a type of building, architectural or technological ensemble or landscape which illustrates (a) significant stage(s) in human history')]"
1196,"Architectural, Residential and Cultural Complex of the Radziwill Family at Nesvizh",cultural,['Belarus'],['Europe'],2005,ni podatka,"[('ii', 'to exhibit an important interchange of human values, over a span of time or within a cultural area of the world, on developments in architecture or technology, monumental arts, town-planning or landscape design'), ('iv', 'to be an outstanding example of a type of building, architectural or technological ensemble or landscape which illustrates (a) significant stage(s) in human history'), ('vi', 'to be directly or tangibly associated with events or living traditions, with ideas, or with beliefs, with artistic and literary works of outstanding universal significance. (The Committee considers that this criterion should preferably be used in conjunction with other criteria)')]"
1187,Struve Geodetic Arc,cultural,"['Belarus', 'Estonia', 'Finland', 'Latvia', 'Lithuania', 'Norway', 'Republic of Moldova', 'Russian Federation', 'Sweden', 'Ukraine']",['Europe'],2005,ni podatka,"[('ii', 'to exhibit an important interchange of human values, over a span of time or within a cultural area of the world, on developments in architecture or technology, monumental arts, town-planning or landscape design'), ('iv', 'to be an outstanding example of a type of building, architectural or technological ensemble or landscape which illustrates (a) significant stage(s) in human history'), ('vi', 'to be directly or tangibly associated with events or living traditions, with ideas, or with beliefs, with artistic and literary works of outstanding universal significance. (The Committee considers that this criterion should preferably be used in conjunction with other criteria)')]"
855,Flemish Béguinages,cultural,['Belgium'],['Europe'],1998,59.95,"[('ii', 'to exhibit an important interchange of human values, over a span of time or within a cultural area of the world, on developments in architecture or technology, monumental arts, town-planning or landscape design'), ('iii', 'to bear a unique or at least exceptional testimony to a cultural tradition or to a civilization which is living or which has disappeared'), ('iv', 'to be an outstanding example of a type of building, architectural or technological ensemble or landscape which illustrates (a) significant stage(s) in human history')]"
857,"La Grand-Place, Brussels",cultural,['Belgium'],['Europe'],1998,1.48,"[('ii', 'to exhibit an important interchange of human values, over a span of time or within a cultural area of the world, on developments in architecture or technology, monumental arts, town-planning or landscape design'), ('iv', 'to be an outstanding example of a type of building, architectural or technological ensemble or landscape which illustrates (a) significant stage(s) in human history')]"
856,"The Four Lifts on the Canal du Centre and their Environs, La Louvière and Le Roeulx (Hainaut)",cultural,['Belgium'],['Europe'],1998,67.3436,"[('iii', 'to bear a unique or at least exceptional testimony to a cultural tradition or to a civilization which is living or which has disappeared'), ('iv', 'to be an outstanding example of a type of building, architectural or technological ensemble or landscape which illustrates (a) significant stage(s) in human history')]"
943,Belfries of Belgium and France,cultural,"['Belgium', 'France']",['Europe'],1999,ni podatka,"[('ii', 'to exhibit an important interchange of human values, over a span of time or within a cultural area of the world, on developments in architecture or technology, monumental arts, town-planning or landscape design'), ('iv', 'to be an outstanding example of a type of building, architectural or technological ensemble or landscape which illustrates (a) significant stage(s) in human history')]"
996,Historic Centre of Brugge,cultural,['Belgium'],['Europe'],2000,410,"[('ii', 'to exhibit an important interchange of human values, over a span of time or within a cultural area of the world, on developments in architecture or technology, monumental arts, town-planning or landscape design'), ('iv', 'to be an outstanding example of a type of building, architectural or technological ensemble or landscape which illustrates (a) significant stage(s) in human history'), ('vi', 'to be directly or tangibly associated with events or living traditions, with ideas, or with beliefs, with artistic and literary works of outstanding universal significance. (The Committee considers that this criterion should preferably be used in conjunction with other criteria)')]"
1005,Major Town Houses of the Architect Victor Horta (Brussels),cultural,['Belgium'],['Europe'],2000,ni podatka,"[('i', 'to represent a masterpiece of human creative genius'), ('ii', 'to exhibit an important interchange of human values, over a span of time or within a cultural area of the world, on developments in architecture or technology, monumental arts, town-planning or landscape design'), ('iv', 'to be an outstanding example of a type of building, architectural or technological ensemble or landscape which illustrates (a) significant stage(s) in human history')]"
1006,Neolithic Flint Mines at Spiennes (Mons),cultural,['Belgium'],['Europe'],2000,172,"[('i', 'to represent a masterpiece of human creative genius'), ('iii', 'to bear a unique or at least exceptional testimony to a cultural tradition or to a civilization which is living or which has disappeared'), ('iv', 'to be an outstanding example of a type of building, architectural or technological ensemble or landscape which illustrates (a) significant stage(s) in human history')]"
1009,Notre-Dame Cathedral in Tournai,cultural,['Belgium'],['Europe'],2000,0.4963,"[('ii', 'to exhibit an important interchange of human values, over a span of time or within a cultural area of the world, on developments in architecture or technology, monumental arts, town-planning or landscape design'), ('iv', 'to be an outstanding example of a type of building, architectural or technological ensemble or landscape which illustrates (a) significant stage(s) in human history')]"
1185,Plantin-Moretus House-Workshops-Museum Complex,cultural,['Belgium'],['Europe'],2005,0.23,"[('ii', 'to exhibit an important interchange of human values, over a span of time or within a cultural area of the world, on developments in architecture or technology, monumental arts, town-planning or landscape design'), ('iii', 'to bear a unique or at least exceptional testimony to a cultural tradition or to a civilization which is living or which has disappeared'), ('iv', 'to be an outstanding example of a type of building, architectural or technological ensemble or landscape which illustrates (a) significant stage(s) in human history'), ('vi', 'to be directly or tangibly associated with events or living traditions, with ideas, or with beliefs, with artistic and literary works of outstanding universal significance. (The Committee considers that this criterion should preferably be used in conjunction with other criteria)')]"
1298,Stoclet House,cultural,['Belgium'],['Europe'],2009,0.86,"[('i', 'to represent a masterpiece of human creative genius'), ('ii', 'to exhibit an important interchange of human values, over a span of time or within a cultural area of the world, on developments in architecture or technology, monumental arts, town-planning or landscape design')]"
1344,Major Mining Sites of Wallonia,cultural,['Belgium'],['Europe'],2012,118.07,"[('ii', 'to exhibit an important interchange of human values, over a span of time or within a cultural area of the world, on developments in architecture or technology, monumental arts, town-planning or landscape design'), ('iv', 'to be an outstanding example of a type of building, architectural or technological ensemble or landscape which illustrates (a) significant stage(s) in human history')]"
1555,Colonies of Benevolence,cultural,"['Belgium', 'Netherlands (Kingdom of the)']",['Europe'],2021,2012,"[('ii', 'to exhibit an important interchange of human values, over a span of time or within a cultural area of the world, on developments in architecture or technology, monumental arts, town-planning or landscape design'), ('iv', 'to be an outstanding example of a type of building, architectural or technological ensemble or landscape which illustrates (a) significant stage(s) in human history')]"
1567,Funerary and memory sites of the First World War (Western Front),cultural,"['Belgium', 'France']",['Europe'],2023,879.91,"[('iii', 'to bear a unique or at least exceptional testimony to a cultural tradition or to a civilization which is living or which has disappeared'), ('iv', 'to be an outstanding example of a type of building, architectural or technological ensemble or landscape which illustrates (a) significant stage(s) in human history'), ('vi', 'to be directly or tangibly associated with events or living traditions, with ideas, or with beliefs, with artistic and literary works of outstanding universal significance. (The Committee considers that this criterion should preferably be used in conjunction with other criteria)')]"
764,Belize Barrier Reef Reserve System,natural,['Belize'],['North America'],1996,96300,"[('vii', 'to contain superlative natural phenomena or areas of exceptional natural beauty and aesthetic importance'), ('ix', 'to be outstanding examples representing significant on-going ecological and biological processes in the evolution and development of terrestrial, fresh water, coastal and marine ecosystems and communities of plants and animals'), ('x', 'to contain the most important and significant natural habitats for in-situ conservation of biological diversity, including those containing threatened species of outstanding universal value from the point of view of science or conservation')]"
323,Royal Palaces of Abomey,cultural,['Benin'],['Africa'],1985,47.6,"[('iii', 'to bear a unique or at least exceptional testimony to a cultural tradition or to a civilization which is living or which has disappeared'), ('iv', 'to be an outstanding example of a type of building, architectural or technological ensemble or landscape which illustrates (a) significant stage(s) in human history')]"
749,W-Arly-Pendjari Complex,natural,"['Benin', 'Burkina Faso', 'Niger']",['Africa'],1996,1714831,"[('ix', 'to be outstanding examples representing significant on-going ecological and biological processes in the evolution and development of terrestrial, fresh water, coastal and marine ecosystems and communities of plants and animals'), ('x', 'to contain the most important and significant natural habitats for in-situ conservation of biological diversity, including those containing threatened species of outstanding universal value from the point of view of science or conservation')]"
1140,"Koutammakou, the Land of the Batammariba",cultural,"['Benin', 'Togo']",['Africa'],2004,271826,"[('v', 'to be an outstanding example of a traditional human settlement, land-use, or sea-use which is representative of a culture (or cultures), or human interaction with the environment especially when it has become vulnerable under the impact of irreversible change'), ('vi', 'to be directly or tangibly associated with events or living traditions, with ideas, or with beliefs, with artistic and literary works of outstanding universal significance. (The Committee considers that this criterion should preferably be used in conjunction with other criteria)')]"
420,City of Potosí,cultural_danger,['Bolivia (Plurinational State of)'],['South America'],1987,2210.93,"[('ii', 'to exhibit an important interchange of human values, over a span of time or within a cultural area of the world, on developments in architecture or technology, monumental arts, town-planning or landscape design'), ('iv', 'to be an outstanding example of a type of building, architectural or technological ensemble or landscape which illustrates (a) significant stage(s) in human history'), ('vi', 'to be directly or tangibly associated with events or living traditions, with ideas, or with beliefs, with artistic and literary works of outstanding universal significance. (The Committee considers that this criterion should preferably be used in conjunction with other criteria)')]"
529,Jesuit Missions of the Chiquitos,cultural,['Bolivia (Plurinational State of)'],['South America'],1990,ni podatka,"[('iv', 'to be an outstanding example of a type of building, architectural or technological ensemble or landscape which illustrates (a) significant stage(s) in human history'), ('v', 'to be an outstanding example of a traditional human settlement, land-use, or sea-use which is representative of a culture (or cultures), or human interaction with the environment especially when it has become vulnerable under the impact of irreversible change')]"
566,Historic City of Sucre,cultural,['Bolivia (Plurinational State of)'],['South America'],1991,ni podatka,"[('iv', 'to be an outstanding example of a type of building, architectural or technological ensemble or landscape which illustrates (a) significant stage(s) in human history')]"
883,Fuerte de Samaipata,cultural,['Bolivia (Plurinational State of)'],['South America'],1998,ni podatka,"[('ii', 'to exhibit an important interchange of human values, over a span of time or within a cultural area of the world, on developments in architecture or technology, monumental arts, town-planning or landscape design'), ('iii', 'to bear a unique or at least exceptional testimony to a cultural tradition or to a civilization which is living or which has disappeared')]"
967,Noel Kempff Mercado National Park,natural,['Bolivia (Plurinational State of)'],['South America'],2000,1523446,"[('ix', 'to be outstanding examples representing significant on-going ecological and biological processes in the evolution and development of terrestrial, fresh water, coastal and marine ecosystems and communities of plants and animals'), ('x', 'to contain the most important and significant natural habitats for in-situ conservation of biological diversity, including those containing threatened species of outstanding universal value from the point of view of science or conservation')]"
567,Tiwanaku: Spiritual and Political Centre of the Tiwanaku Culture,cultural,['Bolivia (Plurinational State of)'],['South America'],2000,71.5,"[('iii', 'to bear a unique or at least exceptional testimony to a cultural tradition or to a civilization which is living or which has disappeared'), ('iv', 'to be an outstanding example of a type of building, architectural or technological ensemble or landscape which illustrates (a) significant stage(s) in human history')]"
946,Old Bridge Area of the Old City of Mostar,cultural,['Bosnia and Herzegovina'],['Europe'],2005,7.6,"[('vi', 'to be directly or tangibly associated with events or living traditions, with ideas, or with beliefs, with artistic and literary works of outstanding universal significance. (The Committee considers that this criterion should preferably be used in conjunction with other criteria)')]"
1260,Mehmed Paša Sokolović Bridge in Višegrad,cultural,['Bosnia and Herzegovina'],['Europe'],2007,1.5,"[('ii', 'to exhibit an important interchange of human values, over a span of time or within a cultural area of the world, on developments in architecture or technology, monumental arts, town-planning or landscape design'), ('iv', 'to be an outstanding example of a type of building, architectural or technological ensemble or landscape which illustrates (a) significant stage(s) in human history')]"
1504,Stećci Medieval Tombstone Graveyards,cultural,"['Bosnia and Herzegovina', 'Croatia', 'Montenegro', 'Serbia']",['Europe'],2016,49.15,"[('iii', 'to bear a unique or at least exceptional testimony to a cultural tradition or to a civilization which is living or which has disappeared'), ('vi', 'to be directly or tangibly associated with events or living traditions, with ideas, or with beliefs, with artistic and literary works of outstanding universal significance. (The Committee considers that this criterion should preferably be used in conjunction with other criteria)')]"
1673,"Vjetrenica Cave, Ravno",natural,['Bosnia and Herzegovina'],['Europe'],2024,413.97,"[('x', 'to contain the most important and significant natural habitats for in-situ conservation of biological diversity, including those containing threatened species of outstanding universal value from the point of view of science or conservation')]"
1021,Tsodilo,cultural,['Botswana'],['Africa'],2001,4800,"[('i', 'to represent a masterpiece of human creative genius'), ('iii', 'to bear a unique or at least exceptional testimony to a cultural tradition or to a civilization which is living or which has disappeared'), ('vi', 'to be directly or tangibly associated with events or living traditions, with ideas, or with beliefs, with artistic and literary works of outstanding universal significance. (The Committee considers that this criterion should preferably be used in conjunction with other criteria)')]"
1432,Okavango Delta,natural,['Botswana'],['Africa'],2014,2023590,"[('vii', 'to contain superlative natural phenomena or areas of exceptional natural beauty and aesthetic importance'), ('ix', 'to be outstanding examples representing significant on-going ecological and biological processes in the evolution and development of terrestrial, fresh water, coastal and marine ecosystems and communities of plants and animals'), ('x', 'to contain the most important and significant natural habitats for in-situ conservation of biological diversity, including those containing threatened species of outstanding universal value from the point of view of science or conservation')]"
124,Historic Town of Ouro Preto,cultural,['Brazil'],['South America'],1980,167.8,"[('i', 'to represent a masterpiece of human creative genius'), ('iii', 'to bear a unique or at least exceptional testimony to a cultural tradition or to a civilization which is living or which has disappeared')]"
189,Historic Centre of the Town of Olinda,cultural,['Brazil'],['South America'],1982,190.9,"[('ii', 'to exhibit an important interchange of human values, over a span of time or within a cultural area of the world, on developments in architecture or technology, monumental arts, town-planning or landscape design'), ('iv', 'to be an outstanding example of a type of building, architectural or technological ensemble or landscape which illustrates (a) significant stage(s) in human history')]"
309,Historic Centre of Salvador de Bahia,cultural,['Brazil'],['South America'],1985,200,"[('iv', 'to be an outstanding example of a type of building, architectural or technological ensemble or landscape which illustrates (a) significant stage(s) in human history'), ('vi', 'to be directly or tangibly associated with events or living traditions, with ideas, or with beliefs, with artistic and literary works of outstanding universal significance. (The Committee considers that this criterion should preferably be used in conjunction with other criteria)')]"
334,Sanctuary of Bom Jesus do Congonhas,cultural,['Brazil'],['South America'],1985,2.19,"[('i', 'to represent a masterpiece of human creative genius'), ('iv', 'to be an outstanding example of a type of building, architectural or technological ensemble or landscape which illustrates (a) significant stage(s) in human history')]"
355,Iguaçu National Park,natural,['Brazil'],['South America'],1986,169695.88,"[('vii', 'to contain superlative natural phenomena or areas of exceptional natural beauty and aesthetic importance'), ('x', 'to contain the most important and significant natural habitats for in-situ conservation of biological diversity, including those containing threatened species of outstanding universal value from the point of view of science or conservation')]"
445,Brasilia,cultural,['Brazil'],['South America'],1987,11268.92,"[('i', 'to represent a masterpiece of human creative genius'), ('iv', 'to be an outstanding example of a type of building, architectural or technological ensemble or landscape which illustrates (a) significant stage(s) in human history')]"
606,Serra da Capivara National Park,cultural,['Brazil'],['South America'],1991,130600,"[('iii', 'to bear a unique or at least exceptional testimony to a cultural tradition or to a civilization which is living or which has disappeared')]"
821,Historic Centre of São Luís,cultural,['Brazil'],['South America'],1997,66.65,"[('iii', 'to bear a unique or at least exceptional testimony to a cultural tradition or to a civilization which is living or which has disappeared'), ('iv', 'to be an outstanding example of a type of building, architectural or technological ensemble or landscape which illustrates (a) significant stage(s) in human history'), ('v', 'to be an outstanding example of a traditional human settlement, land-use, or sea-use which is representative of a culture (or cultures), or human interaction with the environment especially when it has become vulnerable under the impact of irreversible change')]"
893,Atlantic Forest South-East Reserves,natural,['Brazil'],['South America'],1999,468193,"[('vii', 'to contain superlative natural phenomena or areas of exceptional natural beauty and aesthetic importance'), ('ix', 'to be outstanding examples representing significant on-going ecological and biological processes in the evolution and development of terrestrial, fresh water, coastal and marine ecosystems and communities of plants and animals'), ('x', 'to contain the most important and significant natural habitats for in-situ conservation of biological diversity, including those containing threatened species of outstanding universal value from the point of view of science or conservation')]"
892,Discovery Coast Atlantic Forest Reserves,natural,['Brazil'],['South America'],1999,111930,"[('ix', 'to be outstanding examples representing significant on-going ecological and biological processes in the evolution and development of terrestrial, fresh water, coastal and marine ecosystems and communities of plants and animals'), ('x', 'to contain the most important and significant natural habitats for in-situ conservation of biological diversity, including those containing threatened species of outstanding universal value from the point of view of science or conservation')]"
890,Historic Centre of the Town of Diamantina,cultural,['Brazil'],['South America'],1999,28.5,"[('ii', 'to exhibit an important interchange of human values, over a span of time or within a cultural area of the world, on developments in architecture or technology, monumental arts, town-planning or landscape design'), ('iv', 'to be an outstanding example of a type of building, architectural or technological ensemble or landscape which illustrates (a) significant stage(s) in human history')]"
998,Central Amazon Conservation Complex,natural,['Brazil'],['South America'],2000,5232018,"[('ix', 'to be outstanding examples representing significant on-going ecological and biological processes in the evolution and development of terrestrial, fresh water, coastal and marine ecosystems and communities of plants and animals'), ('x', 'to contain the most important and significant natural habitats for in-situ conservation of biological diversity, including those containing threatened species of outstanding universal value from the point of view of science or conservation')]"
999,Pantanal Conservation Area,natural,['Brazil'],['South America'],2000,187818,"[('vii', 'to contain superlative natural phenomena or areas of exceptional natural beauty and aesthetic importance'), ('ix', 'to be outstanding examples representing significant on-going ecological and biological processes in the evolution and development of terrestrial, fresh water, coastal and marine ecosystems and communities of plants and animals'), ('x', 'to contain the most important and significant natural habitats for in-situ conservation of biological diversity, including those containing threatened species of outstanding universal value from the point of view of science or conservation')]"
1000,Brazilian Atlantic Islands: Fernando de Noronha and Atol das Rocas Reserves,natural,['Brazil'],['South America'],2001,43270,"[('vii', 'to contain superlative natural phenomena or areas of exceptional natural beauty and aesthetic importance'), ('ix', 'to be outstanding examples representing significant on-going ecological and biological processes in the evolution and development of terrestrial, fresh water, coastal and marine ecosystems and communities of plants and animals'), ('x', 'to contain the most important and significant natural habitats for in-situ conservation of biological diversity, including those containing threatened species of outstanding universal value from the point of view of science or conservation')]"
1035,Cerrado Protected Areas: Chapada dos Veadeiros and Emas National Parks,natural,['Brazil'],['South America'],2001,381430,"[('ix', 'to be outstanding examples representing significant on-going ecological and biological processes in the evolution and development of terrestrial, fresh water, coastal and marine ecosystems and communities of plants and animals'), ('x', 'to contain the most important and significant natural habitats for in-situ conservation of biological diversity, including those containing threatened species of outstanding universal value from the point of view of science or conservation')]"
993,Historic Centre of the Town of Goiás,cultural,['Brazil'],['South America'],2001,40.3,"[('ii', 'to exhibit an important interchange of human values, over a span of time or within a cultural area of the world, on developments in architecture or technology, monumental arts, town-planning or landscape design'), ('iv', 'to be an outstanding example of a type of building, architectural or technological ensemble or landscape which illustrates (a) significant stage(s) in human history')]"
1272,São Francisco Square in the Town of São Cristóvão,cultural,['Brazil'],['South America'],2010,3,"[('ii', 'to exhibit an important interchange of human values, over a span of time or within a cultural area of the world, on developments in architecture or technology, monumental arts, town-planning or landscape design'), ('iv', 'to be an outstanding example of a type of building, architectural or technological ensemble or landscape which illustrates (a) significant stage(s) in human history')]"
1100,Rio de Janeiro: Carioca Landscapes between the Mountain and the Sea,cultural,['Brazil'],['South America'],2012,7248.78,"[('v', 'to be an outstanding example of a traditional human settlement, land-use, or sea-use which is representative of a culture (or cultures), or human interaction with the environment especially when it has become vulnerable under the impact of irreversible change'), ('vi', 'to be directly or tangibly associated with events or living traditions, with ideas, or with beliefs, with artistic and literary works of outstanding universal significance. (The Committee considers that this criterion should preferably be used in conjunction with other criteria)')]"
1493,Pampulha Modern Ensemble,cultural,['Brazil'],['South America'],2016,154,"[('i', 'to represent a masterpiece of human creative genius'), ('ii', 'to exhibit an important interchange of human values, over a span of time or within a cultural area of the world, on developments in architecture or technology, monumental arts, town-planning or landscape design'), ('iv', 'to be an outstanding example of a type of building, architectural or technological ensemble or landscape which illustrates (a) significant stage(s) in human history')]"
1548,Valongo Wharf Archaeological Site,cultural,['Brazil'],['South America'],2017,0.3895,"[('vi', 'to be directly or tangibly associated with events or living traditions, with ideas, or with beliefs, with artistic and literary works of outstanding universal significance. (The Committee considers that this criterion should preferably be used in conjunction with other criteria)')]"
1308,Paraty and Ilha Grande – Culture and Biodiversity,mixed,['Brazil'],['South America'],2019,173164.18,"[('v', 'to be an outstanding example of a traditional human settlement, land-use, or sea-use which is representative of a culture (or cultures), or human interaction with the environment especially when it has become vulnerable under the impact of irreversible change'), ('x', 'to contain the most important and significant natural habitats for in-situ conservation of biological diversity, including those containing threatened species of outstanding universal value from the point of view of science or conservation')]"
1620,Sítio Roberto Burle Marx,cultural,['Brazil'],['South America'],2021,40.53,"[('ii', 'to exhibit an important interchange of human values, over a span of time or within a cultural area of the world, on developments in architecture or technology, monumental arts, town-planning or landscape design'), ('iv', 'to be an outstanding example of a type of building, architectural or technological ensemble or landscape which illustrates (a) significant stage(s) in human history')]"
1611,Lençóis Maranhenses National Park,natural,['Brazil'],['South America'],2024,156562,"[('vii', 'to contain superlative natural phenomena or areas of exceptional natural beauty and aesthetic importance'), ('viii', ""to be outstanding examples representing major stages of earth's history, including the record of life, significant on-going geological processes in the development of landforms, or significant geomorphic or physiographic features"")]"
1747,Peruaçu River Canyon,natural,['Brazil'],['South America'],2025,38003,"[('vii', 'to contain superlative natural phenomena or areas of exceptional natural beauty and aesthetic importance'), ('viii', ""to be outstanding examples representing major stages of earth's history, including the record of life, significant on-going geological processes in the development of landforms, or significant geomorphic or physiographic features"")]"
42,Boyana Church,cultural,['Bulgaria'],['Europe'],1979,0.68,"[('ii', 'to exhibit an important interchange of human values, over a span of time or within a cultural area of the world, on developments in architecture or technology, monumental arts, town-planning or landscape design'), ('iii', 'to bear a unique or at least exceptional testimony to a cultural tradition or to a civilization which is living or which has disappeared')]"
43,Madara Rider,cultural,['Bulgaria'],['Europe'],1979,1.2,"[('i', 'to represent a masterpiece of human creative genius'), ('iii', 'to bear a unique or at least exceptional testimony to a cultural tradition or to a civilization which is living or which has disappeared')]"
45,Rock-Hewn Churches of Ivanovo,cultural,['Bulgaria'],['Europe'],1979,171.9,"[('ii', 'to exhibit an important interchange of human values, over a span of time or within a cultural area of the world, on developments in architecture or technology, monumental arts, town-planning or landscape design'), ('iii', 'to bear a unique or at least exceptional testimony to a cultural tradition or to a civilization which is living or which has disappeared')]"
44,Thracian Tomb of Kazanlak,cultural,['Bulgaria'],['Europe'],1979,0.0155,"[('i', 'to represent a masterpiece of human creative genius'), ('iii', 'to bear a unique or at least exceptional testimony to a cultural tradition or to a civilization which is living or which has disappeared'), ('iv', 'to be an outstanding example of a type of building, architectural or technological ensemble or landscape which illustrates (a) significant stage(s) in human history')]"
217,Ancient City of Nessebar,cultural,['Bulgaria'],['Europe'],1983,34.71,"[('iii', 'to bear a unique or at least exceptional testimony to a cultural tradition or to a civilization which is living or which has disappeared'), ('iv', 'to be an outstanding example of a type of building, architectural or technological ensemble or landscape which illustrates (a) significant stage(s) in human history')]"
225,Pirin National Park,natural,['Bulgaria'],['Europe'],1983,38350.04,"[('vii', 'to contain superlative natural phenomena or areas of exceptional natural beauty and aesthetic importance'), ('viii', ""to be outstanding examples representing major stages of earth's history, including the record of life, significant on-going geological processes in the development of landforms, or significant geomorphic or physiographic features""), ('ix', 'to be outstanding examples representing significant on-going ecological and biological processes in the evolution and development of terrestrial, fresh water, coastal and marine ecosystems and communities of plants and animals')]"
216,Rila Monastery,cultural,['Bulgaria'],['Europe'],1983,10.7,"[('vi', 'to be directly or tangibly associated with events or living traditions, with ideas, or with beliefs, with artistic and literary works of outstanding universal significance. (The Committee considers that this criterion should preferably be used in conjunction with other criteria)')]"
219,Srebarna Nature Reserve,natural,['Bulgaria'],['Europe'],1983,638,"[('x', 'to contain the most important and significant natural habitats for in-situ conservation of biological diversity, including those containing threatened species of outstanding universal value from the point of view of science or conservation')]"
359,Thracian Tomb of Sveshtari,cultural,['Bulgaria'],['Europe'],1985,0.9,"[('i', 'to represent a masterpiece of human creative genius'), ('iii', 'to bear a unique or at least exceptional testimony to a cultural tradition or to a civilization which is living or which has disappeared')]"
1225,Ruins of Loropéni,cultural,['Burkina Faso'],['Africa'],2009,1.113,"[('iii', 'to bear a unique or at least exceptional testimony to a cultural tradition or to a civilization which is living or which has disappeared')]"
1602,Ancient Ferrous Metallurgy Sites of Burkina Faso,cultural,['Burkina Faso'],['Africa'],2019,122.3,"[('iii', 'to bear a unique or at least exceptional testimony to a cultural tradition or to a civilization which is living or which has disappeared'), ('iv', 'to be an outstanding example of a type of building, architectural or technological ensemble or landscape which illustrates (a) significant stage(s) in human history'), ('vi', 'to be directly or tangibly associated with events or living traditions, with ideas, or with beliefs, with artistic and literary works of outstanding universal significance. (The Committee considers that this criterion should preferably be used in conjunction with other criteria)')]"
1713,Royal Court of Tiébélé,cultural,['Burkina Faso'],['Africa'],2024,1.84,"[('iii', 'to bear a unique or at least exceptional testimony to a cultural tradition or to a civilization which is living or which has disappeared')]"
1310,"Cidade Velha, Historic Centre of Ribeira Grande",cultural,['Cabo Verde'],['Africa'],2009,209.1,"[('ii', 'to exhibit an important interchange of human values, over a span of time or within a cultural area of the world, on developments in architecture or technology, monumental arts, town-planning or landscape design'), ('iii', 'to bear a unique or at least exceptional testimony to a cultural tradition or to a civilization which is living or which has disappeared'), ('vi', 'to be directly or tangibly associated with events or living traditions, with ideas, or with beliefs, with artistic and literary works of outstanding universal significance. (The Committee considers that this criterion should preferably be used in conjunction with other criteria)')]"
668,Angkor,cultural,['Cambodia'],['Asia'],1992,40100,"[('i', 'to represent a masterpiece of human creative genius'), ('ii', 'to exhibit an important interchange of human values, over a span of time or within a cultural area of the world, on developments in architecture or technology, monumental arts, town-planning or landscape design'), ('iii', 'to bear a unique or at least exceptional testimony to a cultural tradition or to a civilization which is living or which has disappeared'), ('iv', 'to be an outstanding example of a type of building, architectural or technological ensemble or landscape which illustrates (a) significant stage(s) in human history')]"
1224,Temple of Preah Vihear,cultural,['Cambodia'],['Asia'],2008,154.7,"[('i', 'to represent a masterpiece of human creative genius')]"
1532,"Temple Zone of Sambor Prei Kuk, Archaeological Site of Ancient Ishanapura",cultural,['Cambodia'],['Asia'],2017,840.03,"[('ii', 'to exhibit an important interchange of human values, over a span of time or within a cultural area of the world, on developments in architecture or technology, monumental arts, town-planning or landscape design'), ('iii', 'to bear a unique or at least exceptional testimony to a cultural tradition or to a civilization which is living or which has disappeared'), ('vi', 'to be directly or tangibly associated with events or living traditions, with ideas, or with beliefs, with artistic and literary works of outstanding universal significance. (The Committee considers that this criterion should preferably be used in conjunction with other criteria)')]"
1667,Koh Ker: Archaeological Site of Ancient Lingapura or Chok Gargyar,cultural,['Cambodia'],['Asia'],2023,1187.61,"[('ii', 'to exhibit an important interchange of human values, over a span of time or within a cultural area of the world, on developments in architecture or technology, monumental arts, town-planning or landscape design'), ('iv', 'to be an outstanding example of a type of building, architectural or technological ensemble or landscape which illustrates (a) significant stage(s) in human history')]"
1748,Cambodian Memorial Sites: From centres of repression to places of peace and reflection,cultural,['Cambodia'],['Asia'],2025,3.9,"[('vi', 'to be directly or tangibly associated with events or living traditions, with ideas, or with beliefs, with artistic and literary works of outstanding universal significance. (The Committee considers that this criterion should preferably be used in conjunction with other criteria)')]"
407,Dja Faunal Reserve,natural,['Cameroon'],['Africa'],1987,526000,"[('ix', 'to be outstanding examples representing significant on-going ecological and biological processes in the evolution and development of terrestrial, fresh water, coastal and marine ecosystems and communities of plants and animals'), ('x', 'to contain the most important and significant natural habitats for in-situ conservation of biological diversity, including those containing threatened species of outstanding universal value from the point of view of science or conservation')]"
1380,Sangha Trinational,natural,"['Cameroon', 'Central African Republic', 'Congo']",['Africa'],2012,746309,"[('ix', 'to be outstanding examples representing significant on-going ecological and biological processes in the evolution and development of terrestrial, fresh water, coastal and marine ecosystems and communities of plants and animals'), ('x', 'to contain the most important and significant natural habitats for in-situ conservation of biological diversity, including those containing threatened species of outstanding universal value from the point of view of science or conservation')]"
1745,Diy-Gid-Biy Cultural Landscape of the Mandara Mountains,cultural,['Cameroon'],['Africa'],2025,2500,"[('iii', 'to bear a unique or at least exceptional testimony to a cultural tradition or to a civilization which is living or which has disappeared')]"
4,L’Anse aux Meadows National Historic Site,cultural,['Canada'],['North America'],1978,7991,"[('vi', 'to be directly or tangibly associated with events or living traditions, with ideas, or with beliefs, with artistic and literary works of outstanding universal significance. (The Committee considers that this criterion should preferably be used in conjunction with other criteria)')]"
24,Nahanni National Park,natural,['Canada'],['North America'],1978,476560,"[('vii', 'to contain superlative natural phenomena or areas of exceptional natural beauty and aesthetic importance'), ('viii', ""to be outstanding examples representing major stages of earth's history, including the record of life, significant on-going geological processes in the development of landforms, or significant geomorphic or physiographic features"")]"
71,Dinosaur Provincial Park,natural,['Canada'],['North America'],1979,7825,"[('vii', 'to contain superlative natural phenomena or areas of exceptional natural beauty and aesthetic importance'), ('viii', ""to be outstanding examples representing major stages of earth's history, including the record of life, significant on-going geological processes in the development of landforms, or significant geomorphic or physiographic features"")]"
72,Kluane / Wrangell-St. Elias / Glacier Bay / Tatshenshini-Alsek,natural,"['Canada', 'United States of America']",['North America'],1979,9839121,"[('vii', 'to contain superlative natural phenomena or areas of exceptional natural beauty and aesthetic importance'), ('viii', ""to be outstanding examples representing major stages of earth's history, including the record of life, significant on-going geological processes in the development of landforms, or significant geomorphic or physiographic features""), ('ix', 'to be outstanding examples representing significant on-going ecological and biological processes in the evolution and development of terrestrial, fresh water, coastal and marine ecosystems and communities of plants and animals'), ('x', 'to contain the most important and significant natural habitats for in-situ conservation of biological diversity, including those containing threatened species of outstanding universal value from the point of view of science or conservation')]"
158,Head-Smashed-In Buffalo Jump,cultural,['Canada'],['North America'],1981,3626,"[('vi', 'to be directly or tangibly associated with events or living traditions, with ideas, or with beliefs, with artistic and literary works of outstanding universal significance. (The Committee considers that this criterion should preferably be used in conjunction with other criteria)')]"
157,S<U>G</U>ang Gwaay,cultural,['Canada'],['North America'],1981,ni podatka,"[('iii', 'to bear a unique or at least exceptional testimony to a cultural tradition or to a civilization which is living or which has disappeared')]"
256,Wood Buffalo National Park,natural,['Canada'],['North America'],1983,4480000,"[('vii', 'to contain superlative natural phenomena or areas of exceptional natural beauty and aesthetic importance'), ('ix', 'to be outstanding examples representing significant on-going ecological and biological processes in the evolution and development of terrestrial, fresh water, coastal and marine ecosystems and communities of plants and animals'), ('x', 'to contain the most important and significant natural habitats for in-situ conservation of biological diversity, including those containing threatened species of outstanding universal value from the point of view of science or conservation')]"
304,Canadian Rocky Mountain Parks,natural,['Canada'],['North America'],1984,2360000,"[('vii', 'to contain superlative natural phenomena or areas of exceptional natural beauty and aesthetic importance'), ('viii', ""to be outstanding examples representing major stages of earth's history, including the record of life, significant on-going geological processes in the development of landforms, or significant geomorphic or physiographic features"")]"
300,Historic District of Old Québec,cultural,['Canada'],['North America'],1985,135,"[('iv', 'to be an outstanding example of a type of building, architectural or technological ensemble or landscape which illustrates (a) significant stage(s) in human history'), ('vi', 'to be directly or tangibly associated with events or living traditions, with ideas, or with beliefs, with artistic and literary works of outstanding universal significance. (The Committee considers that this criterion should preferably be used in conjunction with other criteria)')]"
419,Gros Morne National Park,natural,['Canada'],['North America'],1987,180500,"[('vii', 'to contain superlative natural phenomena or areas of exceptional natural beauty and aesthetic importance'), ('viii', ""to be outstanding examples representing major stages of earth's history, including the record of life, significant on-going geological processes in the development of landforms, or significant geomorphic or physiographic features"")]"
741,Old Town Lunenburg,cultural,['Canada'],['North America'],1995,33.85,"[('iv', 'to be an outstanding example of a type of building, architectural or technological ensemble or landscape which illustrates (a) significant stage(s) in human history'), ('v', 'to be an outstanding example of a traditional human settlement, land-use, or sea-use which is representative of a culture (or cultures), or human interaction with the environment especially when it has become vulnerable under the impact of irreversible change')]"
354,Waterton Glacier International Peace Park,natural,"['Canada', 'United States of America']",['North America'],1995,457614,"[('vii', 'to contain superlative natural phenomena or areas of exceptional natural beauty and aesthetic importance'), ('ix', 'to be outstanding examples representing significant on-going ecological and biological processes in the evolution and development of terrestrial, fresh water, coastal and marine ecosystems and communities of plants and animals')]"
686,Miguasha National Park,natural,['Canada'],['North America'],1999,87.3,"[('viii', ""to be outstanding examples representing major stages of earth's history, including the record of life, significant on-going geological processes in the development of landforms, or significant geomorphic or physiographic features"")]"
1221,Rideau Canal,cultural,['Canada'],['North America'],2007,21454.81,"[('i', 'to represent a masterpiece of human creative genius'), ('iv', 'to be an outstanding example of a type of building, architectural or technological ensemble or landscape which illustrates (a) significant stage(s) in human history')]"
1285,Joggins Fossil Cliffs,natural,['Canada'],['North America'],2008,689,"[('viii', ""to be outstanding examples representing major stages of earth's history, including the record of life, significant on-going geological processes in the development of landforms, or significant geomorphic or physiographic features"")]"
1404,Landscape of Grand Pré,cultural,['Canada'],['North America'],2012,1323.24,"[('v', 'to be an outstanding example of a traditional human settlement, land-use, or sea-use which is representative of a culture (or cultures), or human interaction with the environment especially when it has become vulnerable under the impact of irreversible change'), ('vi', 'to be directly or tangibly associated with events or living traditions, with ideas, or with beliefs, with artistic and literary works of outstanding universal significance. (The Committee considers that this criterion should preferably be used in conjunction with other criteria)')]"
1412,Red Bay Basque Whaling Station,cultural,['Canada'],['North America'],2013,312.973,"[('iii', 'to bear a unique or at least exceptional testimony to a cultural tradition or to a civilization which is living or which has disappeared'), ('iv', 'to be an outstanding example of a type of building, architectural or technological ensemble or landscape which illustrates (a) significant stage(s) in human history')]"
1497,Mistaken Point,natural,['Canada'],['North America'],2016,146,"[('viii', ""to be outstanding examples representing major stages of earth's history, including the record of life, significant on-going geological processes in the development of landforms, or significant geomorphic or physiographic features"")]"
1415,Pimachiowin Aki,mixed,['Canada'],['North America'],2018,2904000,"[('iii', 'to bear a unique or at least exceptional testimony to a cultural tradition or to a civilization which is living or which has disappeared'), ('vi', 'to be directly or tangibly associated with events or living traditions, with ideas, or with beliefs, with artistic and literary works of outstanding universal significance. (The Committee considers that this criterion should preferably be used in conjunction with other criteria)'), ('ix', 'to be outstanding examples representing significant on-going ecological and biological processes in the evolution and development of terrestrial, fresh water, coastal and marine ecosystems and communities of plants and animals')]"
1597,Writing-on-Stone / Áísínai’pi,cultural,['Canada'],['North America'],2019,1106,"[('iii', 'to bear a unique or at least exceptional testimony to a cultural tradition or to a civilization which is living or which has disappeared')]"
1686,Anticosti,natural,['Canada'],['North America'],2023,18240,"[('viii', ""to be outstanding examples representing major stages of earth's history, including the record of life, significant on-going geological processes in the development of landforms, or significant geomorphic or physiographic features"")]"
1564,Tr’ondëk-Klondike,cultural,['Canada'],['North America'],2023,334.54,"[('iv', 'to be an outstanding example of a type of building, architectural or technological ensemble or landscape which illustrates (a) significant stage(s) in human history')]"
475,Manovo-Gounda St Floris National Park,natural_danger,['Central African Republic'],['Africa'],1988,1740000,"[('ix', 'to be outstanding examples representing significant on-going ecological and biological processes in the evolution and development of terrestrial, fresh water, coastal and marine ecosystems and communities of plants and animals'), ('x', 'to contain the most important and significant natural habitats for in-situ conservation of biological diversity, including those containing threatened species of outstanding universal value from the point of view of science or conservation')]"
1400,Lakes of Ounianga,natural,['Chad'],['Africa'],2012,62808,"[('vii', 'to contain superlative natural phenomena or areas of exceptional natural beauty and aesthetic importance')]"
1475,Ennedi Massif: Natural and Cultural Landscape,mixed,['Chad'],['Africa'],2016,2441200,"[('iii', 'to bear a unique or at least exceptional testimony to a cultural tradition or to a civilization which is living or which has disappeared'), ('vii', 'to contain superlative natural phenomena or areas of exceptional natural beauty and aesthetic importance'), ('ix', 'to be outstanding examples representing significant on-going ecological and biological processes in the evolution and development of terrestrial, fresh water, coastal and marine ecosystems and communities of plants and animals')]"
715,Rapa Nui National Park,cultural,['Chile'],['South America'],1995,6666,"[('i', 'to represent a masterpiece of human creative genius'), ('iii', 'to bear a unique or at least exceptional testimony to a cultural tradition or to a civilization which is living or which has disappeared'), ('v', 'to be an outstanding example of a traditional human settlement, land-use, or sea-use which is representative of a culture (or cultures), or human interaction with the environment especially when it has become vulnerable under the impact of irreversible change')]"
971,Churches of Chiloé,cultural,['Chile'],['South America'],2000,13.8977,"[('ii', 'to exhibit an important interchange of human values, over a span of time or within a cultural area of the world, on developments in architecture or technology, monumental arts, town-planning or landscape design'), ('iii', 'to bear a unique or at least exceptional testimony to a cultural tradition or to a civilization which is living or which has disappeared')]"
959,Historic Quarter of the Seaport City of Valparaíso,cultural,['Chile'],['South America'],2003,23.2,"[('iii', 'to bear a unique or at least exceptional testimony to a cultural tradition or to a civilization which is living or which has disappeared')]"
1178,Humberstone and Santa Laura Saltpeter Works,cultural,['Chile'],['South America'],2005,573.48,"[('ii', 'to exhibit an important interchange of human values, over a span of time or within a cultural area of the world, on developments in architecture or technology, monumental arts, town-planning or landscape design'), ('iii', 'to bear a unique or at least exceptional testimony to a cultural tradition or to a civilization which is living or which has disappeared'), ('iv', 'to be an outstanding example of a type of building, architectural or technological ensemble or landscape which illustrates (a) significant stage(s) in human history')]"
1214,Sewell Mining Town,cultural,['Chile'],['South America'],2006,17.2,"[('ii', 'to exhibit an important interchange of human values, over a span of time or within a cultural area of the world, on developments in architecture or technology, monumental arts, town-planning or landscape design')]"
1634,Settlement and Artificial Mummification of the Chinchorro Culture in the Arica and Parinacota Region,cultural,['Chile'],['South America'],2021,ni podatka,"[('iii', 'to bear a unique or at least exceptional testimony to a cultural tradition or to a civilization which is living or which has disappeared'), ('v', 'to be an outstanding example of a traditional human settlement, land-use, or sea-use which is representative of a culture (or cultures), or human interaction with the environment especially when it has become vulnerable under the impact of irreversible change')]"
439,Imperial Palaces of the Ming and Qing Dynasties in Beijing and Shenyang,cultural,['China'],['Asia'],1987,84.96,"[('i', 'to represent a masterpiece of human creative genius'), ('ii', 'to exhibit an important interchange of human values, over a span of time or within a cultural area of the world, on developments in architecture or technology, monumental arts, town-planning or landscape design'), ('iii', 'to bear a unique or at least exceptional testimony to a cultural tradition or to a civilization which is living or which has disappeared'), ('iv', 'to be an outstanding example of a type of building, architectural or technological ensemble or landscape which illustrates (a) significant stage(s) in human history')]"
441,Mausoleum of the First Qin Emperor,cultural,['China'],['Asia'],1987,244,"[('i', 'to represent a masterpiece of human creative genius'), ('iii', 'to bear a unique or at least exceptional testimony to a cultural tradition or to a civilization which is living or which has disappeared'), ('iv', 'to be an outstanding example of a type of building, architectural or technological ensemble or landscape which illustrates (a) significant stage(s) in human history'), ('vi', 'to be directly or tangibly associated with events or living traditions, with ideas, or with beliefs, with artistic and literary works of outstanding universal significance. (The Committee considers that this criterion should preferably be used in conjunction with other criteria)')]"
440,Mogao Caves,cultural,['China'],['Asia'],1987,23392,"[('i', 'to represent a masterpiece of human creative genius'), ('ii', 'to exhibit an important interchange of human values, over a span of time or within a cultural area of the world, on developments in architecture or technology, monumental arts, town-planning or landscape design'), ('iii', 'to bear a unique or at least exceptional testimony to a cultural tradition or to a civilization which is living or which has disappeared'), ('iv', 'to be an outstanding example of a type of building, architectural or technological ensemble or landscape which illustrates (a) significant stage(s) in human history'), ('v', 'to be an outstanding example of a traditional human settlement, land-use, or sea-use which is representative of a culture (or cultures), or human interaction with the environment especially when it has become vulnerable under the impact of irreversible change'), ('vi', 'to be directly or tangibly associated with events or living traditions, with ideas, or with beliefs, with artistic and literary works of outstanding universal significance. (The Committee considers that this criterion should preferably be used in conjunction with other criteria)')]"
437,Mount Taishan,mixed,['China'],['Asia'],1987,25000,"[('i', 'to represent a masterpiece of human creative genius'), ('ii', 'to exhibit an important interchange of human values, over a span of time or within a cultural area of the world, on developments in architecture or technology, monumental arts, town-planning or landscape design'), ('iii', 'to bear a unique or at least exceptional testimony to a cultural tradition or to a civilization which is living or which has disappeared'), ('iv', 'to be an outstanding example of a type of building, architectural or technological ensemble or landscape which illustrates (a) significant stage(s) in human history'), ('v', 'to be an outstanding example of a traditional human settlement, land-use, or sea-use which is representative of a culture (or cultures), or human interaction with the environment especially when it has become vulnerable under the impact of irreversible change'), ('vi', 'to be directly or tangibly associated with events or living traditions, with ideas, or with beliefs, with artistic and literary works of outstanding universal significance. (The Committee considers that this criterion should preferably be used in conjunction with other criteria)'), ('vii', 'to contain superlative natural phenomena or areas of exceptional natural beauty and aesthetic importance')]"
449,Peking Man Site at Zhoukoudian,cultural,['China'],['Asia'],1987,480,"[('iii', 'to bear a unique or at least exceptional testimony to a cultural tradition or to a civilization which is living or which has disappeared'), ('vi', 'to be directly or tangibly associated with events or living traditions, with ideas, or with beliefs, with artistic and literary works of outstanding universal significance. (The Committee considers that this criterion should preferably be used in conjunction with other criteria)')]"
438,The Great Wall,cultural,['China'],['Asia'],1987,2151.55,"[('i', 'to represent a masterpiece of human creative genius'), ('ii', 'to exhibit an important interchange of human values, over a span of time or within a cultural area of the world, on developments in architecture or technology, monumental arts, town-planning or landscape design'), ('iii', 'to bear a unique or at least exceptional testimony to a cultural tradition or to a civilization which is living or which has disappeared'), ('iv', 'to be an outstanding example of a type of building, architectural or technological ensemble or landscape which illustrates (a) significant stage(s) in human history'), ('vi', 'to be directly or tangibly associated with events or living traditions, with ideas, or with beliefs, with artistic and literary works of outstanding universal significance. (The Committee considers that this criterion should preferably be used in conjunction with other criteria)')]"
547,Mount Huangshan,mixed,['China'],['Asia'],1990,16060,"[('ii', 'to exhibit an important interchange of human values, over a span of time or within a cultural area of the world, on developments in architecture or technology, monumental arts, town-planning or landscape design'), ('vii', 'to contain superlative natural phenomena or areas of exceptional natural beauty and aesthetic importance'), ('x', 'to contain the most important and significant natural habitats for in-situ conservation of biological diversity, including those containing threatened species of outstanding universal value from the point of view of science or conservation')]"
638,Huanglong Scenic and Historic Interest Area,natural,['China'],['Asia'],1992,60000,"[('vii', 'to contain superlative natural phenomena or areas of exceptional natural beauty and aesthetic importance')]"
637,Jiuzhaigou Valley Scenic and Historic Interest Area,natural,['China'],['Asia'],1992,72000,"[('vii', 'to contain superlative natural phenomena or areas of exceptional natural beauty and aesthetic importance')]"
640,Wulingyuan Scenic and Historic Interest Area,natural,['China'],['Asia'],1992,26400,"[('vii', 'to contain superlative natural phenomena or areas of exceptional natural beauty and aesthetic importance')]"
705,Ancient Building Complex in the Wudang Mountains,cultural,['China'],['Asia'],1994,ni podatka,"[('i', 'to represent a masterpiece of human creative genius'), ('ii', 'to exhibit an important interchange of human values, over a span of time or within a cultural area of the world, on developments in architecture or technology, monumental arts, town-planning or landscape design'), ('vi', 'to be directly or tangibly associated with events or living traditions, with ideas, or with beliefs, with artistic and literary works of outstanding universal significance. (The Committee considers that this criterion should preferably be used in conjunction with other criteria)')]"
707,"Historic Ensemble of the Potala Palace, Lhasa",cultural,['China'],['Asia'],1994,60.5,"[('i', 'to represent a masterpiece of human creative genius'), ('iv', 'to be an outstanding example of a type of building, architectural or technological ensemble or landscape which illustrates (a) significant stage(s) in human history'), ('vi', 'to be directly or tangibly associated with events or living traditions, with ideas, or with beliefs, with artistic and literary works of outstanding universal significance. (The Committee considers that this criterion should preferably be used in conjunction with other criteria)')]"
703,"Mountain Resort and its Outlying Temples, Chengde",cultural,['China'],['Asia'],1994,611.2,"[('ii', 'to exhibit an important interchange of human values, over a span of time or within a cultural area of the world, on developments in architecture or technology, monumental arts, town-planning or landscape design'), ('iv', 'to be an outstanding example of a type of building, architectural or technological ensemble or landscape which illustrates (a) significant stage(s) in human history')]"
704,Temple and Cemetery of Confucius and the Kong Family Mansion in Qufu,cultural,['China'],['Asia'],1994,183,"[('i', 'to represent a masterpiece of human creative genius'), ('iv', 'to be an outstanding example of a type of building, architectural or technological ensemble or landscape which illustrates (a) significant stage(s) in human history'), ('vi', 'to be directly or tangibly associated with events or living traditions, with ideas, or with beliefs, with artistic and literary works of outstanding universal significance. (The Committee considers that this criterion should preferably be used in conjunction with other criteria)')]"
778,Lushan National Park,cultural,['China'],['Asia'],1996,30200,"[('ii', 'to exhibit an important interchange of human values, over a span of time or within a cultural area of the world, on developments in architecture or technology, monumental arts, town-planning or landscape design'), ('iii', 'to bear a unique or at least exceptional testimony to a cultural tradition or to a civilization which is living or which has disappeared'), ('iv', 'to be an outstanding example of a type of building, architectural or technological ensemble or landscape which illustrates (a) significant stage(s) in human history'), ('vi', 'to be directly or tangibly associated with events or living traditions, with ideas, or with beliefs, with artistic and literary works of outstanding universal significance. (The Committee considers that this criterion should preferably be used in conjunction with other criteria)')]"
779,"Mount Emei Scenic Area, including Leshan Giant Buddha Scenic Area",mixed,['China'],['Asia'],1996,15400,"[('iv', 'to be an outstanding example of a type of building, architectural or technological ensemble or landscape which illustrates (a) significant stage(s) in human history'), ('vi', 'to be directly or tangibly associated with events or living traditions, with ideas, or with beliefs, with artistic and literary works of outstanding universal significance. (The Committee considers that this criterion should preferably be used in conjunction with other criteria)'), ('x', 'to contain the most important and significant natural habitats for in-situ conservation of biological diversity, including those containing threatened species of outstanding universal value from the point of view of science or conservation')]"
812,Ancient City of Ping Yao,cultural,['China'],['Asia'],1997,245.62,"[('ii', 'to exhibit an important interchange of human values, over a span of time or within a cultural area of the world, on developments in architecture or technology, monumental arts, town-planning or landscape design'), ('iii', 'to bear a unique or at least exceptional testimony to a cultural tradition or to a civilization which is living or which has disappeared'), ('iv', 'to be an outstanding example of a type of building, architectural or technological ensemble or landscape which illustrates (a) significant stage(s) in human history')]"
813,Classical Gardens of Suzhou,cultural,['China'],['Asia'],1997,11.922,"[('i', 'to represent a masterpiece of human creative genius'), ('ii', 'to exhibit an important interchange of human values, over a span of time or within a cultural area of the world, on developments in architecture or technology, monumental arts, town-planning or landscape design'), ('iii', 'to bear a unique or at least exceptional testimony to a cultural tradition or to a civilization which is living or which has disappeared'), ('iv', 'to be an outstanding example of a type of building, architectural or technological ensemble or landscape which illustrates (a) significant stage(s) in human history'), ('v', 'to be an outstanding example of a traditional human settlement, land-use, or sea-use which is representative of a culture (or cultures), or human interaction with the environment especially when it has become vulnerable under the impact of irreversible change')]"
811,Old Town of Lijiang,cultural,['China'],['Asia'],1997,145.6,"[('ii', 'to exhibit an important interchange of human values, over a span of time or within a cultural area of the world, on developments in architecture or technology, monumental arts, town-planning or landscape design'), ('iv', 'to be an outstanding example of a type of building, architectural or technological ensemble or landscape which illustrates (a) significant stage(s) in human history'), ('v', 'to be an outstanding example of a traditional human settlement, land-use, or sea-use which is representative of a culture (or cultures), or human interaction with the environment especially when it has become vulnerable under the impact of irreversible change')]"
880,"Summer Palace, an Imperial Garden in Beijing",cultural,['China'],['Asia'],1998,297,"[('i', 'to represent a masterpiece of human creative genius'), ('ii', 'to exhibit an important interchange of human values, over a span of time or within a cultural area of the world, on developments in architecture or technology, monumental arts, town-planning or landscape design'), ('iii', 'to bear a unique or at least exceptional testimony to a cultural tradition or to a civilization which is living or which has disappeared')]"
881,Temple of Heaven: an Imperial Sacrificial Altar in Beijing,cultural,['China'],['Asia'],1998,215,"[('i', 'to represent a masterpiece of human creative genius'), ('ii', 'to exhibit an important interchange of human values, over a span of time or within a cultural area of the world, on developments in architecture or technology, monumental arts, town-planning or landscape design'), ('iii', 'to bear a unique or at least exceptional testimony to a cultural tradition or to a civilization which is living or which has disappeared')]"
912,Dazu Rock Carvings,cultural,['China'],['Asia'],1999,20.41,"[('i', 'to represent a masterpiece of human creative genius'), ('ii', 'to exhibit an important interchange of human values, over a span of time or within a cultural area of the world, on developments in architecture or technology, monumental arts, town-planning or landscape design'), ('iii', 'to bear a unique or at least exceptional testimony to a cultural tradition or to a civilization which is living or which has disappeared')]"
911,Mount Wuyi,mixed,['China'],['Asia'],1999,107044,"[('iii', 'to bear a unique or at least exceptional testimony to a cultural tradition or to a civilization which is living or which has disappeared'), ('vi', 'to be directly or tangibly associated with events or living traditions, with ideas, or with beliefs, with artistic and literary works of outstanding universal significance. (The Committee considers that this criterion should preferably be used in conjunction with other criteria)'), ('vii', 'to contain superlative natural phenomena or areas of exceptional natural beauty and aesthetic importance'), ('x', 'to contain the most important and significant natural habitats for in-situ conservation of biological diversity, including those containing threatened species of outstanding universal value from the point of view of science or conservation')]"
1002,Ancient Villages in Southern Anhui – Xidi and Hongcun,cultural,['China'],['Asia'],2000,52,"[('iii', 'to bear a unique or at least exceptional testimony to a cultural tradition or to a civilization which is living or which has disappeared'), ('iv', 'to be an outstanding example of a type of building, architectural or technological ensemble or landscape which illustrates (a) significant stage(s) in human history'), ('v', 'to be an outstanding example of a traditional human settlement, land-use, or sea-use which is representative of a culture (or cultures), or human interaction with the environment especially when it has become vulnerable under the impact of irreversible change')]"
1004,Imperial Tombs of the Ming and Qing Dynasties,cultural,['China'],['Asia'],2000,3434.9399,"[('i', 'to represent a masterpiece of human creative genius'), ('ii', 'to exhibit an important interchange of human values, over a span of time or within a cultural area of the world, on developments in architecture or technology, monumental arts, town-planning or landscape design'), ('iii', 'to bear a unique or at least exceptional testimony to a cultural tradition or to a civilization which is living or which has disappeared'), ('iv', 'to be an outstanding example of a type of building, architectural or technological ensemble or landscape which illustrates (a) significant stage(s) in human history'), ('vi', 'to be directly or tangibly associated with events or living traditions, with ideas, or with beliefs, with artistic and literary works of outstanding universal significance. (The Committee considers that this criterion should preferably be used in conjunction with other criteria)')]"
1003,Longmen Grottoes,cultural,['China'],['Asia'],2000,331,"[('i', 'to represent a masterpiece of human creative genius'), ('ii', 'to exhibit an important interchange of human values, over a span of time or within a cultural area of the world, on developments in architecture or technology, monumental arts, town-planning or landscape design'), ('iii', 'to bear a unique or at least exceptional testimony to a cultural tradition or to a civilization which is living or which has disappeared')]"
1001,Mount Qingcheng and the Dujiangyan Irrigation System,cultural,['China'],['Asia'],2000,ni podatka,"[('ii', 'to exhibit an important interchange of human values, over a span of time or within a cultural area of the world, on developments in architecture or technology, monumental arts, town-planning or landscape design'), ('iv', 'to be an outstanding example of a type of building, architectural or technological ensemble or landscape which illustrates (a) significant stage(s) in human history'), ('vi', 'to be directly or tangibly associated with events or living traditions, with ideas, or with beliefs, with artistic and literary works of outstanding universal significance. (The Committee considers that this criterion should preferably be used in conjunction with other criteria)')]"
1039,Yungang Grottoes,cultural,['China'],['Asia'],2001,348.75,"[('i', 'to represent a masterpiece of human creative genius'), ('ii', 'to exhibit an important interchange of human values, over a span of time or within a cultural area of the world, on developments in architecture or technology, monumental arts, town-planning or landscape design'), ('iii', 'to bear a unique or at least exceptional testimony to a cultural tradition or to a civilization which is living or which has disappeared'), ('iv', 'to be an outstanding example of a type of building, architectural or technological ensemble or landscape which illustrates (a) significant stage(s) in human history')]"
1083,Three Parallel Rivers of Yunnan Protected Areas,natural,['China'],['Asia'],2003,ni podatka,"[('vii', 'to contain superlative natural phenomena or areas of exceptional natural beauty and aesthetic importance'), ('viii', ""to be outstanding examples representing major stages of earth's history, including the record of life, significant on-going geological processes in the development of landforms, or significant geomorphic or physiographic features""), ('ix', 'to be outstanding examples representing significant on-going ecological and biological processes in the evolution and development of terrestrial, fresh water, coastal and marine ecosystems and communities of plants and animals'), ('x', 'to contain the most important and significant natural habitats for in-situ conservation of biological diversity, including those containing threatened species of outstanding universal value from the point of view of science or conservation')]"
1135,Capital Cities and Tombs of the Ancient Koguryo Kingdom,cultural,['China'],['Asia'],2004,4164.8599,"[('i', 'to represent a masterpiece of human creative genius'), ('ii', 'to exhibit an important interchange of human values, over a span of time or within a cultural area of the world, on developments in architecture or technology, monumental arts, town-planning or landscape design'), ('iii', 'to bear a unique or at least exceptional testimony to a cultural tradition or to a civilization which is living or which has disappeared'), ('iv', 'to be an outstanding example of a type of building, architectural or technological ensemble or landscape which illustrates (a) significant stage(s) in human history'), ('v', 'to be an outstanding example of a traditional human settlement, land-use, or sea-use which is representative of a culture (or cultures), or human interaction with the environment especially when it has become vulnerable under the impact of irreversible change')]"
1110,Historic Centre of Macao,cultural,['China'],['Asia'],2005,16.1678,"[('ii', 'to exhibit an important interchange of human values, over a span of time or within a cultural area of the world, on developments in architecture or technology, monumental arts, town-planning or landscape design'), ('iii', 'to bear a unique or at least exceptional testimony to a cultural tradition or to a civilization which is living or which has disappeared'), ('iv', 'to be an outstanding example of a type of building, architectural or technological ensemble or landscape which illustrates (a) significant stage(s) in human history'), ('vi', 'to be directly or tangibly associated with events or living traditions, with ideas, or with beliefs, with artistic and literary works of outstanding universal significance. (The Committee considers that this criterion should preferably be used in conjunction with other criteria)')]"
1213,"Sichuan Giant Panda Sanctuaries - Wolong, Mt Siguniang and Jiajin Mountains",natural,['China'],['Asia'],2006,924500,"[('x', 'to contain the most important and significant natural habitats for in-situ conservation of biological diversity, including those containing threatened species of outstanding universal value from the point of view of science or conservation')]"
1114,Yin Xu,cultural,['China'],['Asia'],2006,414,"[('ii', 'to exhibit an important interchange of human values, over a span of time or within a cultural area of the world, on developments in architecture or technology, monumental arts, town-planning or landscape design'), ('iii', 'to bear a unique or at least exceptional testimony to a cultural tradition or to a civilization which is living or which has disappeared'), ('iv', 'to be an outstanding example of a type of building, architectural or technological ensemble or landscape which illustrates (a) significant stage(s) in human history'), ('vi', 'to be directly or tangibly associated with events or living traditions, with ideas, or with beliefs, with artistic and literary works of outstanding universal significance. (The Committee considers that this criterion should preferably be used in conjunction with other criteria)')]"
1112,Kaiping Diaolou and Villages,cultural,['China'],['Asia'],2007,371.948,"[('ii', 'to exhibit an important interchange of human values, over a span of time or within a cultural area of the world, on developments in architecture or technology, monumental arts, town-planning or landscape design'), ('iii', 'to bear a unique or at least exceptional testimony to a cultural tradition or to a civilization which is living or which has disappeared'), ('iv', 'to be an outstanding example of a type of building, architectural or technological ensemble or landscape which illustrates (a) significant stage(s) in human history')]"
1248,South China Karst,natural,['China'],['Asia'],2007,97125,"[('vii', 'to contain superlative natural phenomena or areas of exceptional natural beauty and aesthetic importance'), ('viii', ""to be outstanding examples representing major stages of earth's history, including the record of life, significant on-going geological processes in the development of landforms, or significant geomorphic or physiographic features"")]"
1113,Fujian <em>Tulou</em>,cultural,['China'],['Asia'],2008,152.65,"[('iii', 'to bear a unique or at least exceptional testimony to a cultural tradition or to a civilization which is living or which has disappeared'), ('iv', 'to be an outstanding example of a type of building, architectural or technological ensemble or landscape which illustrates (a) significant stage(s) in human history'), ('v', 'to be an outstanding example of a traditional human settlement, land-use, or sea-use which is representative of a culture (or cultures), or human interaction with the environment especially when it has become vulnerable under the impact of irreversible change')]"
1292,Mount Sanqingshan National Park,natural,['China'],['Asia'],2008,22950,"[('vii', 'to contain superlative natural phenomena or areas of exceptional natural beauty and aesthetic importance')]"
1279,Mount Wutai,cultural,['China'],['Asia'],2009,18415,"[('ii', 'to exhibit an important interchange of human values, over a span of time or within a cultural area of the world, on developments in architecture or technology, monumental arts, town-planning or landscape design'), ('iii', 'to bear a unique or at least exceptional testimony to a cultural tradition or to a civilization which is living or which has disappeared'), ('iv', 'to be an outstanding example of a type of building, architectural or technological ensemble or landscape which illustrates (a) significant stage(s) in human history'), ('vi', 'to be directly or tangibly associated with events or living traditions, with ideas, or with beliefs, with artistic and literary works of outstanding universal significance. (The Committee considers that this criterion should preferably be used in conjunction with other criteria)')]"
1335,China Danxia,natural,['China'],['Asia'],2010,82151,"[('vii', 'to contain superlative natural phenomena or areas of exceptional natural beauty and aesthetic importance'), ('viii', ""to be outstanding examples representing major stages of earth's history, including the record of life, significant on-going geological processes in the development of landforms, or significant geomorphic or physiographic features"")]"
1305,Historic Monuments of Dengfeng in “The Centre of Heaven and Earth”,cultural,['China'],['Asia'],2010,825,"[('iii', 'to bear a unique or at least exceptional testimony to a cultural tradition or to a civilization which is living or which has disappeared'), ('vi', 'to be directly or tangibly associated with events or living traditions, with ideas, or with beliefs, with artistic and literary works of outstanding universal significance. (The Committee considers that this criterion should preferably be used in conjunction with other criteria)')]"
1334,West Lake Cultural Landscape of Hangzhou,cultural,['China'],['Asia'],2011,3322.88,"[('ii', 'to exhibit an important interchange of human values, over a span of time or within a cultural area of the world, on developments in architecture or technology, monumental arts, town-planning or landscape design'), ('iii', 'to bear a unique or at least exceptional testimony to a cultural tradition or to a civilization which is living or which has disappeared'), ('vi', 'to be directly or tangibly associated with events or living traditions, with ideas, or with beliefs, with artistic and literary works of outstanding universal significance. (The Committee considers that this criterion should preferably be used in conjunction with other criteria)')]"
1388,Chengjiang Fossil Site,natural,['China'],['Asia'],2012,512,"[('viii', ""to be outstanding examples representing major stages of earth's history, including the record of life, significant on-going geological processes in the development of landforms, or significant geomorphic or physiographic features"")]"
1389,Site of Xanadu,cultural,['China'],['Asia'],2012,25131.27,"[('ii', 'to exhibit an important interchange of human values, over a span of time or within a cultural area of the world, on developments in architecture or technology, monumental arts, town-planning or landscape design'), ('iii', 'to bear a unique or at least exceptional testimony to a cultural tradition or to a civilization which is living or which has disappeared'), ('iv', 'to be an outstanding example of a type of building, architectural or technological ensemble or landscape which illustrates (a) significant stage(s) in human history'), ('vi', 'to be directly or tangibly associated with events or living traditions, with ideas, or with beliefs, with artistic and literary works of outstanding universal significance. (The Committee considers that this criterion should preferably be used in conjunction with other criteria)')]"
1111,Cultural Landscape of Honghe Hani Rice Terraces,cultural,['China'],['Asia'],2013,16603.22,"[('iii', 'to bear a unique or at least exceptional testimony to a cultural tradition or to a civilization which is living or which has disappeared'), ('v', 'to be an outstanding example of a traditional human settlement, land-use, or sea-use which is representative of a culture (or cultures), or human interaction with the environment especially when it has become vulnerable under the impact of irreversible change')]"
1414,Xinjiang Tianshan,natural,['China'],['Asia'],2013,606833,"[('vii', 'to contain superlative natural phenomena or areas of exceptional natural beauty and aesthetic importance'), ('ix', 'to be outstanding examples representing significant on-going ecological and biological processes in the evolution and development of terrestrial, fresh water, coastal and marine ecosystems and communities of plants and animals')]"
1442,Silk Roads: the Routes Network of Chang'an-Tianshan Corridor,cultural,"['China', 'Kazakhstan', 'Kyrgyzstan']",['Asia'],2014,42668.16,"[('ii', 'to exhibit an important interchange of human values, over a span of time or within a cultural area of the world, on developments in architecture or technology, monumental arts, town-planning or landscape design'), ('iii', 'to bear a unique or at least exceptional testimony to a cultural tradition or to a civilization which is living or which has disappeared'), ('v', 'to be an outstanding example of a traditional human settlement, land-use, or sea-use which is representative of a culture (or cultures), or human interaction with the environment especially when it has become vulnerable under the impact of irreversible change'), ('vi', 'to be directly or tangibly associated with events or living traditions, with ideas, or with beliefs, with artistic and literary works of outstanding universal significance. (The Committee considers that this criterion should preferably be used in conjunction with other criteria)')]"
1443,The Grand Canal,cultural,['China'],['Asia'],2014,20819.11,"[('i', 'to represent a masterpiece of human creative genius'), ('iii', 'to bear a unique or at least exceptional testimony to a cultural tradition or to a civilization which is living or which has disappeared'), ('iv', 'to be an outstanding example of a type of building, architectural or technological ensemble or landscape which illustrates (a) significant stage(s) in human history'), ('vi', 'to be directly or tangibly associated with events or living traditions, with ideas, or with beliefs, with artistic and literary works of outstanding universal significance. (The Committee considers that this criterion should preferably be used in conjunction with other criteria)')]"
1474,Tusi Sites,cultural,['China'],['Asia'],2015,781.28,"[('ii', 'to exhibit an important interchange of human values, over a span of time or within a cultural area of the world, on developments in architecture or technology, monumental arts, town-planning or landscape design'), ('iii', 'to bear a unique or at least exceptional testimony to a cultural tradition or to a civilization which is living or which has disappeared')]"
1509,Hubei Shennongjia,natural,['China'],['Asia'],2016,79624,"[('ix', 'to be outstanding examples representing significant on-going ecological and biological processes in the evolution and development of terrestrial, fresh water, coastal and marine ecosystems and communities of plants and animals'), ('x', 'to contain the most important and significant natural habitats for in-situ conservation of biological diversity, including those containing threatened species of outstanding universal value from the point of view of science or conservation')]"
1508,Zuojiang Huashan Rock Art Cultural Landscape,cultural,['China'],['Asia'],2016,6621.6,"[('iii', 'to bear a unique or at least exceptional testimony to a cultural tradition or to a civilization which is living or which has disappeared'), ('vi', 'to be directly or tangibly associated with events or living traditions, with ideas, or with beliefs, with artistic and literary works of outstanding universal significance. (The Committee considers that this criterion should preferably be used in conjunction with other criteria)')]"
1541,"Kulangsu, a Historic International Settlement",cultural,['China'],['Asia'],2017,316.2,"[('ii', 'to exhibit an important interchange of human values, over a span of time or within a cultural area of the world, on developments in architecture or technology, monumental arts, town-planning or landscape design'), ('iv', 'to be an outstanding example of a type of building, architectural or technological ensemble or landscape which illustrates (a) significant stage(s) in human history')]"
1540,Qinghai Hoh Xil,natural,['China'],['Asia'],2017,3735632,"[('vii', 'to contain superlative natural phenomena or areas of exceptional natural beauty and aesthetic importance'), ('x', 'to contain the most important and significant natural habitats for in-situ conservation of biological diversity, including those containing threatened species of outstanding universal value from the point of view of science or conservation')]"
1559,Fanjingshan,natural,['China'],['Asia'],2018,40275,"[('x', 'to contain the most important and significant natural habitats for in-situ conservation of biological diversity, including those containing threatened species of outstanding universal value from the point of view of science or conservation')]"
1592,Archaeological Ruins of Liangzhu City,cultural,['China'],['Asia'],2019,1433.66,"[('iii', 'to bear a unique or at least exceptional testimony to a cultural tradition or to a civilization which is living or which has disappeared'), ('iv', 'to be an outstanding example of a type of building, architectural or technological ensemble or landscape which illustrates (a) significant stage(s) in human history')]"
1606,Migratory Bird Sanctuaries along the Coast of Yellow Sea-Bohai Gulf of China,natural,['China'],['Asia'],2019,289710.94,"[('x', 'to contain the most important and significant natural habitats for in-situ conservation of biological diversity, including those containing threatened species of outstanding universal value from the point of view of science or conservation')]"
1561,Quanzhou: Emporium of the World in Song-Yuan China,cultural,['China'],['Asia'],2021,536.08,"[('iv', 'to be an outstanding example of a type of building, architectural or technological ensemble or landscape which illustrates (a) significant stage(s) in human history')]"
1665,Cultural Landscape of Old Tea Forests of the Jingmai Mountain in Pu’er,cultural,['China'],['Asia'],2023,7167.89,"[('iii', 'to bear a unique or at least exceptional testimony to a cultural tradition or to a civilization which is living or which has disappeared'), ('v', 'to be an outstanding example of a traditional human settlement, land-use, or sea-use which is representative of a culture (or cultures), or human interaction with the environment especially when it has become vulnerable under the impact of irreversible change')]"
1638,Badain Jaran Desert - Towers of Sand and Lakes,natural,['China'],['Asia'],2024,726291.41,"[('vii', 'to contain superlative natural phenomena or areas of exceptional natural beauty and aesthetic importance'), ('viii', ""to be outstanding examples representing major stages of earth's history, including the record of life, significant on-going geological processes in the development of landforms, or significant geomorphic or physiographic features"")]"
1714,Beijing Central Axis: A Building Ensemble Exhibiting the Ideal Order of the Chinese Capital,cultural,['China'],['Asia'],2024,589,"[('iii', 'to bear a unique or at least exceptional testimony to a cultural tradition or to a civilization which is living or which has disappeared'), ('iv', 'to be an outstanding example of a type of building, architectural or technological ensemble or landscape which illustrates (a) significant stage(s) in human history')]"
1736,Xixia Imperial Tombs,cultural,['China'],['Asia'],2025,3899,"[('ii', 'to exhibit an important interchange of human values, over a span of time or within a cultural area of the world, on developments in architecture or technology, monumental arts, town-planning or landscape design'), ('iii', 'to bear a unique or at least exceptional testimony to a cultural tradition or to a civilization which is living or which has disappeared')]"
285,"Port, Fortresses and Group of Monuments, Cartagena",cultural,['Colombia'],['South America'],1984,ni podatka,"[('iv', 'to be an outstanding example of a type of building, architectural or technological ensemble or landscape which illustrates (a) significant stage(s) in human history'), ('vi', 'to be directly or tangibly associated with events or living traditions, with ideas, or with beliefs, with artistic and literary works of outstanding universal significance. (The Committee considers that this criterion should preferably be used in conjunction with other criteria)')]"
711,Los Katíos National Park,natural,['Colombia'],['South America'],1994,72000,"[('ix', 'to be outstanding examples representing significant on-going ecological and biological processes in the evolution and development of terrestrial, fresh water, coastal and marine ecosystems and communities of plants and animals'), ('x', 'to contain the most important and significant natural habitats for in-situ conservation of biological diversity, including those containing threatened species of outstanding universal value from the point of view of science or conservation')]"
742,Historic Centre of Santa Cruz de Mompox,cultural,['Colombia'],['South America'],1995,54.05,"[('iv', 'to be an outstanding example of a type of building, architectural or technological ensemble or landscape which illustrates (a) significant stage(s) in human history'), ('v', 'to be an outstanding example of a traditional human settlement, land-use, or sea-use which is representative of a culture (or cultures), or human interaction with the environment especially when it has become vulnerable under the impact of irreversible change')]"
743,National Archeological Park of Tierradentro,cultural,['Colombia'],['South America'],1995,38.84,"[('iii', 'to bear a unique or at least exceptional testimony to a cultural tradition or to a civilization which is living or which has disappeared')]"
744,San Agustín Archaeological Park,cultural,['Colombia'],['South America'],1995,ni podatka,"[('iii', 'to bear a unique or at least exceptional testimony to a cultural tradition or to a civilization which is living or which has disappeared')]"
1216,Malpelo Fauna and Flora Sanctuary,natural,['Colombia'],['South America'],2006,857500,"[('vii', 'to contain superlative natural phenomena or areas of exceptional natural beauty and aesthetic importance'), ('ix', 'to be outstanding examples representing significant on-going ecological and biological processes in the evolution and development of terrestrial, fresh water, coastal and marine ecosystems and communities of plants and animals')]"
1121,Coffee Cultural Landscape of Colombia,cultural,['Colombia'],['South America'],2011,141120,"[('v', 'to be an outstanding example of a traditional human settlement, land-use, or sea-use which is representative of a culture (or cultures), or human interaction with the environment especially when it has become vulnerable under the impact of irreversible change'), ('vi', 'to be directly or tangibly associated with events or living traditions, with ideas, or with beliefs, with artistic and literary works of outstanding universal significance. (The Committee considers that this criterion should preferably be used in conjunction with other criteria)')]"
1174,Chiribiquete National Park – “The Maloca of the Jaguar”,mixed,['Colombia'],['South America'],2018,2782354,"[('iii', 'to bear a unique or at least exceptional testimony to a cultural tradition or to a civilization which is living or which has disappeared'), ('ix', 'to be outstanding examples representing significant on-going ecological and biological processes in the evolution and development of terrestrial, fresh water, coastal and marine ecosystems and communities of plants and animals'), ('x', 'to contain the most important and significant natural habitats for in-situ conservation of biological diversity, including those containing threatened species of outstanding universal value from the point of view of science or conservation')]"
692,Forest Massif of Odzala-Kokoua,natural,['Congo'],['Africa'],2023,1179376,"[('ix', 'to be outstanding examples representing significant on-going ecological and biological processes in the evolution and development of terrestrial, fresh water, coastal and marine ecosystems and communities of plants and animals'), ('x', 'to contain the most important and significant natural habitats for in-situ conservation of biological diversity, including those containing threatened species of outstanding universal value from the point of view of science or conservation')]"
205,Talamanca Range-La Amistad Reserves / La Amistad National Park,natural,"['Costa Rica', 'Panama']",['North America'],1983,570045,"[('vii', 'to contain superlative natural phenomena or areas of exceptional natural beauty and aesthetic importance'), ('viii', ""to be outstanding examples representing major stages of earth's history, including the record of life, significant on-going geological processes in the development of landforms, or significant geomorphic or physiographic features""), ('ix', 'to be outstanding examples representing significant on-going ecological and biological processes in the evolution and development of terrestrial, fresh water, coastal and marine ecosystems and communities of plants and animals'), ('x', 'to contain the most important and significant natural habitats for in-situ conservation of biological diversity, including those containing threatened species of outstanding universal value from the point of view of science or conservation')]"
820,Cocos Island National Park,natural,['Costa Rica'],['North America'],1997,199700,"[('ix', 'to be outstanding examples representing significant on-going ecological and biological processes in the evolution and development of terrestrial, fresh water, coastal and marine ecosystems and communities of plants and animals'), ('x', 'to contain the most important and significant natural habitats for in-situ conservation of biological diversity, including those containing threatened species of outstanding universal value from the point of view of science or conservation')]"
928,Area de Conservación Guanacaste,natural,['Costa Rica'],['North America'],1999,147000,"[('ix', 'to be outstanding examples representing significant on-going ecological and biological processes in the evolution and development of terrestrial, fresh water, coastal and marine ecosystems and communities of plants and animals'), ('x', 'to contain the most important and significant natural habitats for in-situ conservation of biological diversity, including those containing threatened species of outstanding universal value from the point of view of science or conservation')]"
1453,Precolumbian Chiefdom Settlements with Stone Spheres of the Diquís,cultural,['Costa Rica'],['North America'],2014,24.73,"[('iii', 'to bear a unique or at least exceptional testimony to a cultural tradition or to a civilization which is living or which has disappeared')]"
155,Mount Nimba Strict Nature Reserve,natural_danger,"[""Côte d'Ivoire"", 'Guinea']",['Africa'],1981,17540,"[('ix', 'to be outstanding examples representing significant on-going ecological and biological processes in the evolution and development of terrestrial, fresh water, coastal and marine ecosystems and communities of plants and animals'), ('x', 'to contain the most important and significant natural habitats for in-situ conservation of biological diversity, including those containing threatened species of outstanding universal value from the point of view of science or conservation')]"
195,Taï National Park,natural,"[""Côte d'Ivoire""]",['Africa'],1982,508186,"[('vii', 'to contain superlative natural phenomena or areas of exceptional natural beauty and aesthetic importance'), ('x', 'to contain the most important and significant natural habitats for in-situ conservation of biological diversity, including those containing threatened species of outstanding universal value from the point of view of science or conservation')]"
227,Comoé National Park,natural,"[""Côte d'Ivoire""]",['Africa'],1983,ni podatka,"[('ix', 'to be outstanding examples representing significant on-going ecological and biological processes in the evolution and development of terrestrial, fresh water, coastal and marine ecosystems and communities of plants and animals'), ('x', 'to contain the most important and significant natural habitats for in-situ conservation of biological diversity, including those containing threatened species of outstanding universal value from the point of view of science or conservation')]"
1322,Historic Town of Grand-Bassam,cultural,"[""Côte d'Ivoire""]",['Africa'],2012,109.89,"[('iii', 'to bear a unique or at least exceptional testimony to a cultural tradition or to a civilization which is living or which has disappeared'), ('iv', 'to be an outstanding example of a type of building, architectural or technological ensemble or landscape which illustrates (a) significant stage(s) in human history')]"
1648,Sudanese style mosques in northern Côte d’Ivoire,cultural,"[""Côte d'Ivoire""]",['Africa'],2021,0.1298,"[('ii', 'to exhibit an important interchange of human values, over a span of time or within a cultural area of the world, on developments in architecture or technology, monumental arts, town-planning or landscape design'), ('iv', 'to be an outstanding example of a type of building, architectural or technological ensemble or landscape which illustrates (a) significant stage(s) in human history')]"
97,Historical Complex of Split with the Palace of Diocletian,cultural,['Croatia'],['Europe'],1979,20.8,"[('ii', 'to exhibit an important interchange of human values, over a span of time or within a cultural area of the world, on developments in architecture or technology, monumental arts, town-planning or landscape design'), ('iii', 'to bear a unique or at least exceptional testimony to a cultural tradition or to a civilization which is living or which has disappeared'), ('iv', 'to be an outstanding example of a type of building, architectural or technological ensemble or landscape which illustrates (a) significant stage(s) in human history')]"
95,Old City of Dubrovnik,cultural,['Croatia'],['Europe'],1979,96.7,"[('i', 'to represent a masterpiece of human creative genius'), ('iii', 'to bear a unique or at least exceptional testimony to a cultural tradition or to a civilization which is living or which has disappeared'), ('iv', 'to be an outstanding example of a type of building, architectural or technological ensemble or landscape which illustrates (a) significant stage(s) in human history')]"
98,Plitvice Lakes National Park,natural,['Croatia'],['Europe'],1979,29581.71,"[('vii', 'to contain superlative natural phenomena or areas of exceptional natural beauty and aesthetic importance'), ('viii', ""to be outstanding examples representing major stages of earth's history, including the record of life, significant on-going geological processes in the development of landforms, or significant geomorphic or physiographic features""), ('ix', 'to be outstanding examples representing significant on-going ecological and biological processes in the evolution and development of terrestrial, fresh water, coastal and marine ecosystems and communities of plants and animals')]"
809,Episcopal Complex of the Euphrasian Basilica in the Historic Centre of Poreč,cultural,['Croatia'],['Europe'],1997,1.1,"[('ii', 'to exhibit an important interchange of human values, over a span of time or within a cultural area of the world, on developments in architecture or technology, monumental arts, town-planning or landscape design'), ('iii', 'to bear a unique or at least exceptional testimony to a cultural tradition or to a civilization which is living or which has disappeared'), ('iv', 'to be an outstanding example of a type of building, architectural or technological ensemble or landscape which illustrates (a) significant stage(s) in human history')]"
810,Historic City of Trogir,cultural,['Croatia'],['Europe'],1997,6.4,"[('ii', 'to exhibit an important interchange of human values, over a span of time or within a cultural area of the world, on developments in architecture or technology, monumental arts, town-planning or landscape design'), ('iv', 'to be an outstanding example of a type of building, architectural or technological ensemble or landscape which illustrates (a) significant stage(s) in human history')]"
963,The Cathedral of St James in Šibenik,cultural,['Croatia'],['Europe'],2000,0.1,"[('i', 'to represent a masterpiece of human creative genius'), ('ii', 'to exhibit an important interchange of human values, over a span of time or within a cultural area of the world, on developments in architecture or technology, monumental arts, town-planning or landscape design'), ('iv', 'to be an outstanding example of a type of building, architectural or technological ensemble or landscape which illustrates (a) significant stage(s) in human history')]"
1240,Stari Grad Plain,cultural,['Croatia'],['Europe'],2008,1376.53,"[('ii', 'to exhibit an important interchange of human values, over a span of time or within a cultural area of the world, on developments in architecture or technology, monumental arts, town-planning or landscape design'), ('iii', 'to bear a unique or at least exceptional testimony to a cultural tradition or to a civilization which is living or which has disappeared'), ('v', 'to be an outstanding example of a traditional human settlement, land-use, or sea-use which is representative of a culture (or cultures), or human interaction with the environment especially when it has become vulnerable under the impact of irreversible change')]"
1533,Venetian Works of Defence between the 16th and 17th Centuries: <em>Stato da Terra</em> – Western <em>Stato da Mar</em>,cultural,"['Croatia', 'Italy', 'Montenegro']",['Europe'],2017,378.37,"[('iii', 'to bear a unique or at least exceptional testimony to a cultural tradition or to a civilization which is living or which has disappeared'), ('iv', 'to be an outstanding example of a type of building, architectural or technological ensemble or landscape which illustrates (a) significant stage(s) in human history')]"
204,Old Havana and its Fortification System,cultural,['Cuba'],['North America'],1982,238.7,"[('iv', 'to be an outstanding example of a type of building, architectural or technological ensemble or landscape which illustrates (a) significant stage(s) in human history'), ('v', 'to be an outstanding example of a traditional human settlement, land-use, or sea-use which is representative of a culture (or cultures), or human interaction with the environment especially when it has become vulnerable under the impact of irreversible change')]"
460,Trinidad and the Valley de los Ingenios,cultural,['Cuba'],['North America'],1988,ni podatka,"[('iv', 'to be an outstanding example of a type of building, architectural or technological ensemble or landscape which illustrates (a) significant stage(s) in human history'), ('v', 'to be an outstanding example of a traditional human settlement, land-use, or sea-use which is representative of a culture (or cultures), or human interaction with the environment especially when it has become vulnerable under the impact of irreversible change')]"
841,"San Pedro de la Roca Castle, Santiago de Cuba",cultural,['Cuba'],['North America'],1997,93.88,"[('iv', 'to be an outstanding example of a type of building, architectural or technological ensemble or landscape which illustrates (a) significant stage(s) in human history'), ('v', 'to be an outstanding example of a traditional human settlement, land-use, or sea-use which is representative of a culture (or cultures), or human interaction with the environment especially when it has become vulnerable under the impact of irreversible change')]"
889,Desembarco del Granma National Park,natural,['Cuba'],['North America'],1999,32576,"[('vii', 'to contain superlative natural phenomena or areas of exceptional natural beauty and aesthetic importance'), ('viii', ""to be outstanding examples representing major stages of earth's history, including the record of life, significant on-going geological processes in the development of landforms, or significant geomorphic or physiographic features"")]"
840,Viñales Valley,cultural,['Cuba'],['North America'],1999,13200,"[('iv', 'to be an outstanding example of a type of building, architectural or technological ensemble or landscape which illustrates (a) significant stage(s) in human history')]"
1008,Archaeological Landscape of the First Coffee Plantations in the South-East of Cuba,cultural,['Cuba'],['North America'],2000,81475,"[('iii', 'to bear a unique or at least exceptional testimony to a cultural tradition or to a civilization which is living or which has disappeared'), ('iv', 'to be an outstanding example of a type of building, architectural or technological ensemble or landscape which illustrates (a) significant stage(s) in human history')]"
839,Alejandro de Humboldt National Park,natural,['Cuba'],['North America'],2001,71140,"[('ix', 'to be outstanding examples representing significant on-going ecological and biological processes in the evolution and development of terrestrial, fresh water, coastal and marine ecosystems and communities of plants and animals'), ('x', 'to contain the most important and significant natural habitats for in-situ conservation of biological diversity, including those containing threatened species of outstanding universal value from the point of view of science or conservation')]"
1202,Urban Historic Centre of Cienfuegos,cultural,['Cuba'],['North America'],2005,70,"[('ii', 'to exhibit an important interchange of human values, over a span of time or within a cultural area of the world, on developments in architecture or technology, monumental arts, town-planning or landscape design'), ('iv', 'to be an outstanding example of a type of building, architectural or technological ensemble or landscape which illustrates (a) significant stage(s) in human history')]"
1270,Historic Centre of Camagüey,cultural,['Cuba'],['North America'],2008,54,"[('iv', 'to be an outstanding example of a type of building, architectural or technological ensemble or landscape which illustrates (a) significant stage(s) in human history'), ('v', 'to be an outstanding example of a traditional human settlement, land-use, or sea-use which is representative of a culture (or cultures), or human interaction with the environment especially when it has become vulnerable under the impact of irreversible change')]"
79,Paphos,cultural,['Cyprus'],['Asia'],1980,162.0171,"[('iii', 'to bear a unique or at least exceptional testimony to a cultural tradition or to a civilization which is living or which has disappeared'), ('vi', 'to be directly or tangibly associated with events or living traditions, with ideas, or with beliefs, with artistic and literary works of outstanding universal significance. (The Committee considers that this criterion should preferably be used in conjunction with other criteria)')]"
351,Painted Churches in the Troodos Region,cultural,['Cyprus'],['Asia'],1985,3.693,"[('ii', 'to exhibit an important interchange of human values, over a span of time or within a cultural area of the world, on developments in architecture or technology, monumental arts, town-planning or landscape design'), ('iii', 'to bear a unique or at least exceptional testimony to a cultural tradition or to a civilization which is living or which has disappeared'), ('iv', 'to be an outstanding example of a type of building, architectural or technological ensemble or landscape which illustrates (a) significant stage(s) in human history')]"
848,Choirokoitia,cultural,['Cyprus'],['Asia'],1998,6.2,"[('ii', 'to exhibit an important interchange of human values, over a span of time or within a cultural area of the world, on developments in architecture or technology, monumental arts, town-planning or landscape design'), ('iii', 'to bear a unique or at least exceptional testimony to a cultural tradition or to a civilization which is living or which has disappeared'), ('iv', 'to be an outstanding example of a type of building, architectural or technological ensemble or landscape which illustrates (a) significant stage(s) in human history')]"
617,Historic Centre of Český Krumlov,cultural,['Czechia'],['Europe'],1992,51.91,"[('iv', 'to be an outstanding example of a type of building, architectural or technological ensemble or landscape which illustrates (a) significant stage(s) in human history')]"
616,Historic Centre of Prague,cultural,['Czechia'],['Europe'],1992,1106.36,"[('ii', 'to exhibit an important interchange of human values, over a span of time or within a cultural area of the world, on developments in architecture or technology, monumental arts, town-planning or landscape design'), ('iv', 'to be an outstanding example of a type of building, architectural or technological ensemble or landscape which illustrates (a) significant stage(s) in human history'), ('vi', 'to be directly or tangibly associated with events or living traditions, with ideas, or with beliefs, with artistic and literary works of outstanding universal significance. (The Committee considers that this criterion should preferably be used in conjunction with other criteria)')]"
621,Historic Centre of Telč,cultural,['Czechia'],['Europe'],1992,36,"[('i', 'to represent a masterpiece of human creative genius'), ('iv', 'to be an outstanding example of a type of building, architectural or technological ensemble or landscape which illustrates (a) significant stage(s) in human history')]"
690,Pilgrimage Church of St John of Nepomuk at Zelená Hora,cultural,['Czechia'],['Europe'],1994,0.64,"[('iv', 'to be an outstanding example of a type of building, architectural or technological ensemble or landscape which illustrates (a) significant stage(s) in human history')]"
732,Kutná Hora: Historical Town Centre with the Church of St Barbara and the Cathedral of Our Lady at Sedlec,cultural,['Czechia'],['Europe'],1995,62.437,"[('ii', 'to exhibit an important interchange of human values, over a span of time or within a cultural area of the world, on developments in architecture or technology, monumental arts, town-planning or landscape design'), ('iv', 'to be an outstanding example of a type of building, architectural or technological ensemble or landscape which illustrates (a) significant stage(s) in human history')]"
763,Lednice-Valtice Cultural Landscape,cultural,['Czechia'],['Europe'],1996,14398.5,"[('i', 'to represent a masterpiece of human creative genius'), ('ii', 'to exhibit an important interchange of human values, over a span of time or within a cultural area of the world, on developments in architecture or technology, monumental arts, town-planning or landscape design'), ('iv', 'to be an outstanding example of a type of building, architectural or technological ensemble or landscape which illustrates (a) significant stage(s) in human history')]"
860,Gardens and Castle at Kroměříž,cultural,['Czechia'],['Europe'],1998,74.5,"[('ii', 'to exhibit an important interchange of human values, over a span of time or within a cultural area of the world, on developments in architecture or technology, monumental arts, town-planning or landscape design'), ('iv', 'to be an outstanding example of a type of building, architectural or technological ensemble or landscape which illustrates (a) significant stage(s) in human history')]"
861,Holašovice Historic Village,cultural,['Czechia'],['Europe'],1998,11.4,"[('ii', 'to exhibit an important interchange of human values, over a span of time or within a cultural area of the world, on developments in architecture or technology, monumental arts, town-planning or landscape design'), ('iv', 'to be an outstanding example of a type of building, architectural or technological ensemble or landscape which illustrates (a) significant stage(s) in human history')]"
901,Litomyšl Castle,cultural,['Czechia'],['Europe'],1999,4.25,"[('ii', 'to exhibit an important interchange of human values, over a span of time or within a cultural area of the world, on developments in architecture or technology, monumental arts, town-planning or landscape design'), ('iv', 'to be an outstanding example of a type of building, architectural or technological ensemble or landscape which illustrates (a) significant stage(s) in human history')]"
859,Holy Trinity Column in Olomouc,cultural,['Czechia'],['Europe'],2000,0.05,"[('i', 'to represent a masterpiece of human creative genius'), ('iv', 'to be an outstanding example of a type of building, architectural or technological ensemble or landscape which illustrates (a) significant stage(s) in human history')]"
1052,Tugendhat Villa in Brno,cultural,['Czechia'],['Europe'],2001,0.73,"[('ii', 'to exhibit an important interchange of human values, over a span of time or within a cultural area of the world, on developments in architecture or technology, monumental arts, town-planning or landscape design'), ('iv', 'to be an outstanding example of a type of building, architectural or technological ensemble or landscape which illustrates (a) significant stage(s) in human history')]"
1078,Jewish Quarter and St Procopius' Basilica in Třebíč,cultural,['Czechia'],['Europe'],2003,6.55,"[('ii', 'to exhibit an important interchange of human values, over a span of time or within a cultural area of the world, on developments in architecture or technology, monumental arts, town-planning or landscape design'), ('iii', 'to bear a unique or at least exceptional testimony to a cultural tradition or to a civilization which is living or which has disappeared')]"
1478,Erzgebirge/Krušnohoří Mining Region,cultural,"['Czechia', 'Germany']",['Europe'],2019,6833.776,"[('ii', 'to exhibit an important interchange of human values, over a span of time or within a cultural area of the world, on developments in architecture or technology, monumental arts, town-planning or landscape design'), ('iii', 'to bear a unique or at least exceptional testimony to a cultural tradition or to a civilization which is living or which has disappeared'), ('iv', 'to be an outstanding example of a type of building, architectural or technological ensemble or landscape which illustrates (a) significant stage(s) in human history')]"
1589,Landscape for Breeding and Training of Ceremonial Carriage Horses at Kladruby nad Labem,cultural,['Czechia'],['Europe'],2019,1310,"[('iv', 'to be an outstanding example of a type of building, architectural or technological ensemble or landscape which illustrates (a) significant stage(s) in human history'), ('v', 'to be an outstanding example of a traditional human settlement, land-use, or sea-use which is representative of a culture (or cultures), or human interaction with the environment especially when it has become vulnerable under the impact of irreversible change')]"
1558,Žatec and the Landscape of Saaz Hops,cultural,['Czechia'],['Europe'],2023,592.13,"[('iii', 'to bear a unique or at least exceptional testimony to a cultural tradition or to a civilization which is living or which has disappeared'), ('iv', 'to be an outstanding example of a type of building, architectural or technological ensemble or landscape which illustrates (a) significant stage(s) in human history'), ('v', 'to be an outstanding example of a traditional human settlement, land-use, or sea-use which is representative of a culture (or cultures), or human interaction with the environment especially when it has become vulnerable under the impact of irreversible change')]"
1091,Complex of Koguryo Tombs,cultural,"[""Democratic People's Republic of Korea""]",['Asia'],2004,234.73,"[('i', 'to represent a masterpiece of human creative genius'), ('ii', 'to exhibit an important interchange of human values, over a span of time or within a cultural area of the world, on developments in architecture or technology, monumental arts, town-planning or landscape design'), ('iii', 'to bear a unique or at least exceptional testimony to a cultural tradition or to a civilization which is living or which has disappeared'), ('iv', 'to be an outstanding example of a type of building, architectural or technological ensemble or landscape which illustrates (a) significant stage(s) in human history')]"
1278,Historic Monuments and Sites in Kaesong,cultural,"[""Democratic People's Republic of Korea""]",['Asia'],2013,494.2,"[('ii', 'to exhibit an important interchange of human values, over a span of time or within a cultural area of the world, on developments in architecture or technology, monumental arts, town-planning or landscape design'), ('iii', 'to bear a unique or at least exceptional testimony to a cultural tradition or to a civilization which is living or which has disappeared')]"
1642,Mount Kumgang – Diamond Mountain from the Sea,mixed,"[""Democratic People's Republic of Korea""]",['Asia'],2025,19827.86,"[('iii', 'to bear a unique or at least exceptional testimony to a cultural tradition or to a civilization which is living or which has disappeared'), ('vii', 'to contain superlative natural phenomena or areas of exceptional natural beauty and aesthetic importance')]"
63,Virunga National Park,natural_danger,['Democratic Republic of the Congo'],['Africa'],1979,800000,"[('vii', 'to contain superlative natural phenomena or areas of exceptional natural beauty and aesthetic importance'), ('viii', ""to be outstanding examples representing major stages of earth's history, including the record of life, significant on-going geological processes in the development of landforms, or significant geomorphic or physiographic features""), ('x', 'to contain the most important and significant natural habitats for in-situ conservation of biological diversity, including those containing threatened species of outstanding universal value from the point of view of science or conservation')]"
137,Kahuzi-Biega National Park,natural_danger,['Democratic Republic of the Congo'],['Africa'],1980,600000,"[('x', 'to contain the most important and significant natural habitats for in-situ conservation of biological diversity, including those containing threatened species of outstanding universal value from the point of view of science or conservation')]"
136,Garamba National Park,natural_danger,['Democratic Republic of the Congo'],['Africa'],1980,500000,"[('vii', 'to contain superlative natural phenomena or areas of exceptional natural beauty and aesthetic importance'), ('x', 'to contain the most important and significant natural habitats for in-situ conservation of biological diversity, including those containing threatened species of outstanding universal value from the point of view of science or conservation')]"
280,Salonga National Park,natural,['Democratic Republic of the Congo'],['Africa'],1984,3600000,"[('vii', 'to contain superlative natural phenomena or areas of exceptional natural beauty and aesthetic importance'), ('ix', 'to be outstanding examples representing significant on-going ecological and biological processes in the evolution and development of terrestrial, fresh water, coastal and marine ecosystems and communities of plants and animals')]"
718,Okapi Wildlife Reserve,natural_danger,['Democratic Republic of the Congo'],['Africa'],1996,1372625,"[('x', 'to contain the most important and significant natural habitats for in-situ conservation of biological diversity, including those containing threatened species of outstanding universal value from the point of view of science or conservation')]"
697,"Jelling Mounds, Runic Stones and Church",cultural,['Denmark'],['Europe'],1994,12.7,"[('iii', 'to bear a unique or at least exceptional testimony to a cultural tradition or to a civilization which is living or which has disappeared')]"
695,Roskilde Cathedral,cultural,['Denmark'],['Europe'],1995,0.4,"[('ii', 'to exhibit an important interchange of human values, over a span of time or within a cultural area of the world, on developments in architecture or technology, monumental arts, town-planning or landscape design'), ('iv', 'to be an outstanding example of a type of building, architectural or technological ensemble or landscape which illustrates (a) significant stage(s) in human history')]"
696,Kronborg Castle,cultural,['Denmark'],['Europe'],2000,ni podatka,"[('iv', 'to be an outstanding example of a type of building, architectural or technological ensemble or landscape which illustrates (a) significant stage(s) in human history')]"
1149,Ilulissat Icefjord,natural,['Denmark'],['Europe'],2004,399800,"[('vii', 'to contain superlative natural phenomena or areas of exceptional natural beauty and aesthetic importance'), ('viii', ""to be outstanding examples representing major stages of earth's history, including the record of life, significant on-going geological processes in the development of landforms, or significant geomorphic or physiographic features"")]"
1314,Wadden Sea,natural,"['Denmark', 'Germany', 'Netherlands (Kingdom of the)']",['Europe'],2009,1143403,"[('viii', ""to be outstanding examples representing major stages of earth's history, including the record of life, significant on-going geological processes in the development of landforms, or significant geomorphic or physiographic features""), ('ix', 'to be outstanding examples representing significant on-going ecological and biological processes in the evolution and development of terrestrial, fresh water, coastal and marine ecosystems and communities of plants and animals'), ('x', 'to contain the most important and significant natural habitats for in-situ conservation of biological diversity, including those containing threatened species of outstanding universal value from the point of view of science or conservation')]"
1416,Stevns Klint,natural,['Denmark'],['Europe'],2014,50,"[('viii', ""to be outstanding examples representing major stages of earth's history, including the record of life, significant on-going geological processes in the development of landforms, or significant geomorphic or physiographic features"")]"
1468,Moravian Church Settlements,cultural,"['Denmark', 'Germany', 'United Kingdom of Great Britain and Northern Ireland', 'United States of America']","['Europe', 'North America']",2015,ni podatka,"[('iii', 'to bear a unique or at least exceptional testimony to a cultural tradition or to a civilization which is living or which has disappeared'), ('iv', 'to be an outstanding example of a type of building, architectural or technological ensemble or landscape which illustrates (a) significant stage(s) in human history')]"
1469,The par force hunting landscape in North Zealand,cultural,['Denmark'],['Europe'],2015,4543,"[('ii', 'to exhibit an important interchange of human values, over a span of time or within a cultural area of the world, on developments in architecture or technology, monumental arts, town-planning or landscape design'), ('iv', 'to be an outstanding example of a type of building, architectural or technological ensemble or landscape which illustrates (a) significant stage(s) in human history')]"
1536,Kujataa Greenland: Norse and Inuit Farming at the Edge of the Ice Cap,cultural,['Denmark'],['Europe'],2017,34.892,"[('v', 'to be an outstanding example of a traditional human settlement, land-use, or sea-use which is representative of a culture (or cultures), or human interaction with the environment especially when it has become vulnerable under the impact of irreversible change')]"
1557,Aasivissuit – Nipisat. Inuit Hunting Ground between Ice and Sea,cultural,['Denmark'],['Europe'],2018,417800,"[('v', 'to be an outstanding example of a traditional human settlement, land-use, or sea-use which is representative of a culture (or cultures), or human interaction with the environment especially when it has become vulnerable under the impact of irreversible change')]"
1660,Viking-Age Ring Fortresses,cultural,['Denmark'],['Europe'],2023,51,"[('iii', 'to bear a unique or at least exceptional testimony to a cultural tradition or to a civilization which is living or which has disappeared'), ('iv', 'to be an outstanding example of a type of building, architectural or technological ensemble or landscape which illustrates (a) significant stage(s) in human history')]"
1728,Møns Klint,natural,['Denmark'],['Europe'],2025,4123,"[('viii', ""to be outstanding examples representing major stages of earth's history, including the record of life, significant on-going geological processes in the development of landforms, or significant geomorphic or physiographic features"")]"
814,Morne Trois Pitons National Park,natural,['Dominica'],['North America'],1997,6857,"[('viii', ""to be outstanding examples representing major stages of earth's history, including the record of life, significant on-going geological processes in the development of landforms, or significant geomorphic or physiographic features""), ('x', 'to contain the most important and significant natural habitats for in-situ conservation of biological diversity, including those containing threatened species of outstanding universal value from the point of view of science or conservation')]"
526,Colonial City of Santo Domingo,cultural,['Dominican Republic'],['North America'],1990,106,"[('ii', 'to exhibit an important interchange of human values, over a span of time or within a cultural area of the world, on developments in architecture or technology, monumental arts, town-planning or landscape design'), ('iv', 'to be an outstanding example of a type of building, architectural or technological ensemble or landscape which illustrates (a) significant stage(s) in human history'), ('vi', 'to be directly or tangibly associated with events or living traditions, with ideas, or with beliefs, with artistic and literary works of outstanding universal significance. (The Committee considers that this criterion should preferably be used in conjunction with other criteria)')]"
2,City of Quito,cultural,['Ecuador'],['South America'],1978,70.43,"[('ii', 'to exhibit an important interchange of human values, over a span of time or within a cultural area of the world, on developments in architecture or technology, monumental arts, town-planning or landscape design'), ('iv', 'to be an outstanding example of a type of building, architectural or technological ensemble or landscape which illustrates (a) significant stage(s) in human history')]"
1,Galápagos Islands,natural,['Ecuador'],['South America'],1978,14066514,"[('vii', 'to contain superlative natural phenomena or areas of exceptional natural beauty and aesthetic importance'), ('viii', ""to be outstanding examples representing major stages of earth's history, including the record of life, significant on-going geological processes in the development of landforms, or significant geomorphic or physiographic features""), ('ix', 'to be outstanding examples representing significant on-going ecological and biological processes in the evolution and development of terrestrial, fresh water, coastal and marine ecosystems and communities of plants and animals'), ('x', 'to contain the most important and significant natural habitats for in-situ conservation of biological diversity, including those containing threatened species of outstanding universal value from the point of view of science or conservation')]"
260,Sangay National Park,natural,['Ecuador'],['South America'],1983,271925,"[('vii', 'to contain superlative natural phenomena or areas of exceptional natural beauty and aesthetic importance'), ('viii', ""to be outstanding examples representing major stages of earth's history, including the record of life, significant on-going geological processes in the development of landforms, or significant geomorphic or physiographic features""), ('ix', 'to be outstanding examples representing significant on-going ecological and biological processes in the evolution and development of terrestrial, fresh water, coastal and marine ecosystems and communities of plants and animals'), ('x', 'to contain the most important and significant natural habitats for in-situ conservation of biological diversity, including those containing threatened species of outstanding universal value from the point of view of science or conservation')]"
863,Historic Centre of Santa Ana de los Ríos de Cuenca,cultural,['Ecuador'],['South America'],1999,224.14,"[('ii', 'to exhibit an important interchange of human values, over a span of time or within a cultural area of the world, on developments in architecture or technology, monumental arts, town-planning or landscape design'), ('iv', 'to be an outstanding example of a type of building, architectural or technological ensemble or landscape which illustrates (a) significant stage(s) in human history'), ('v', 'to be an outstanding example of a traditional human settlement, land-use, or sea-use which is representative of a culture (or cultures), or human interaction with the environment especially when it has become vulnerable under the impact of irreversible change')]"
90,Abu Mena,cultural,['Egypt'],['Africa'],1979,182.72,"[('iv', 'to be an outstanding example of a type of building, architectural or technological ensemble or landscape which illustrates (a) significant stage(s) in human history')]"
87,Ancient Thebes with its Necropolis,cultural,['Egypt'],['Africa'],1979,7390.16,"[('i', 'to represent a masterpiece of human creative genius'), ('iii', 'to bear a unique or at least exceptional testimony to a cultural tradition or to a civilization which is living or which has disappeared'), ('vi', 'to be directly or tangibly associated with events or living traditions, with ideas, or with beliefs, with artistic and literary works of outstanding universal significance. (The Committee considers that this criterion should preferably be used in conjunction with other criteria)')]"
89,Historic Cairo,cultural,['Egypt'],['Africa'],1979,523.66,"[('i', 'to represent a masterpiece of human creative genius'), ('v', 'to be an outstanding example of a traditional human settlement, land-use, or sea-use which is representative of a culture (or cultures), or human interaction with the environment especially when it has become vulnerable under the impact of irreversible change'), ('vi', 'to be directly or tangibly associated with events or living traditions, with ideas, or with beliefs, with artistic and literary works of outstanding universal significance. (The Committee considers that this criterion should preferably be used in conjunction with other criteria)')]"
86,Memphis and its Necropolis – the Pyramid Fields from Giza to Dahshur,cultural,['Egypt'],['Africa'],1979,16358.52,"[('i', 'to represent a masterpiece of human creative genius'), ('iii', 'to bear a unique or at least exceptional testimony to a cultural tradition or to a civilization which is living or which has disappeared'), ('vi', 'to be directly or tangibly associated with events or living traditions, with ideas, or with beliefs, with artistic and literary works of outstanding universal significance. (The Committee considers that this criterion should preferably be used in conjunction with other criteria)')]"
88,Nubian Monuments from Abu Simbel to Philae,cultural,['Egypt'],['Africa'],1979,374.48,"[('i', 'to represent a masterpiece of human creative genius'), ('iii', 'to bear a unique or at least exceptional testimony to a cultural tradition or to a civilization which is living or which has disappeared'), ('vi', 'to be directly or tangibly associated with events or living traditions, with ideas, or with beliefs, with artistic and literary works of outstanding universal significance. (The Committee considers that this criterion should preferably be used in conjunction with other criteria)')]"
954,Saint Catherine Area,cultural,['Egypt'],['Africa'],2002,60100,"[('i', 'to represent a masterpiece of human creative genius'), ('iii', 'to bear a unique or at least exceptional testimony to a cultural tradition or to a civilization which is living or which has disappeared'), ('iv', 'to be an outstanding example of a type of building, architectural or technological ensemble or landscape which illustrates (a) significant stage(s) in human history'), ('vi', 'to be directly or tangibly associated with events or living traditions, with ideas, or with beliefs, with artistic and literary works of outstanding universal significance. (The Committee considers that this criterion should preferably be used in conjunction with other criteria)')]"
1186,Wadi Al-Hitan (Whale Valley),natural,['Egypt'],['Africa'],2005,20015,"[('viii', ""to be outstanding examples representing major stages of earth's history, including the record of life, significant on-going geological processes in the development of landforms, or significant geomorphic or physiographic features"")]"
675,Joya de Cerén Archaeological Site,cultural,['El Salvador'],['North America'],1993,3200,"[('iii', 'to bear a unique or at least exceptional testimony to a cultural tradition or to a civilization which is living or which has disappeared'), ('iv', 'to be an outstanding example of a type of building, architectural or technological ensemble or landscape which illustrates (a) significant stage(s) in human history')]"
1550,Asmara: A Modernist African City,cultural,['Eritrea'],['Africa'],2017,481,"[('ii', 'to exhibit an important interchange of human values, over a span of time or within a cultural area of the world, on developments in architecture or technology, monumental arts, town-planning or landscape design'), ('iv', 'to be an outstanding example of a type of building, architectural or technological ensemble or landscape which illustrates (a) significant stage(s) in human history')]"
822,Historic Centre (Old Town) of Tallinn,cultural,['Estonia'],['Europe'],1997,113,"[('ii', 'to exhibit an important interchange of human values, over a span of time or within a cultural area of the world, on developments in architecture or technology, monumental arts, town-planning or landscape design'), ('iv', 'to be an outstanding example of a type of building, architectural or technological ensemble or landscape which illustrates (a) significant stage(s) in human history')]"
18,"Rock-Hewn Churches, Lalibela",cultural,['Ethiopia'],['Africa'],1978,ni podatka,"[('i', 'to represent a masterpiece of human creative genius'), ('ii', 'to exhibit an important interchange of human values, over a span of time or within a cultural area of the world, on developments in architecture or technology, monumental arts, town-planning or landscape design'), ('iii', 'to bear a unique or at least exceptional testimony to a cultural tradition or to a civilization which is living or which has disappeared')]"
9,Simien National Park,natural,['Ethiopia'],['Africa'],1978,13600,"[('vii', 'to contain superlative natural phenomena or areas of exceptional natural beauty and aesthetic importance'), ('x', 'to contain the most important and significant natural habitats for in-situ conservation of biological diversity, including those containing threatened species of outstanding universal value from the point of view of science or conservation')]"
19,"Fasil Ghebbi, Gondar Region",cultural,['Ethiopia'],['Africa'],1979,ni podatka,"[('ii', 'to exhibit an important interchange of human values, over a span of time or within a cultural area of the world, on developments in architecture or technology, monumental arts, town-planning or landscape design'), ('iii', 'to bear a unique or at least exceptional testimony to a cultural tradition or to a civilization which is living or which has disappeared')]"
15,Aksum,cultural,['Ethiopia'],['Africa'],1980,ni podatka,"[('i', 'to represent a masterpiece of human creative genius'), ('iv', 'to be an outstanding example of a type of building, architectural or technological ensemble or landscape which illustrates (a) significant stage(s) in human history')]"
10,Lower Valley of the Awash,cultural,['Ethiopia'],['Africa'],1980,ni podatka,"[('ii', 'to exhibit an important interchange of human values, over a span of time or within a cultural area of the world, on developments in architecture or technology, monumental arts, town-planning or landscape design'), ('iii', 'to bear a unique or at least exceptional testimony to a cultural tradition or to a civilization which is living or which has disappeared'), ('iv', 'to be an outstanding example of a type of building, architectural or technological ensemble or landscape which illustrates (a) significant stage(s) in human history')]"
17,Lower Valley of the Omo,cultural,['Ethiopia'],['Africa'],1980,ni podatka,"[('iii', 'to bear a unique or at least exceptional testimony to a cultural tradition or to a civilization which is living or which has disappeared'), ('iv', 'to be an outstanding example of a type of building, architectural or technological ensemble or landscape which illustrates (a) significant stage(s) in human history')]"
12,Tiya,cultural,['Ethiopia'],['Africa'],1980,ni podatka,"[('i', 'to represent a masterpiece of human creative genius'), ('iv', 'to be an outstanding example of a type of building, architectural or technological ensemble or landscape which illustrates (a) significant stage(s) in human history')]"
1189,"Harar Jugol, the Fortified Historic Town",cultural,['Ethiopia'],['Africa'],2006,48,"[('ii', 'to exhibit an important interchange of human values, over a span of time or within a cultural area of the world, on developments in architecture or technology, monumental arts, town-planning or landscape design'), ('iii', 'to bear a unique or at least exceptional testimony to a cultural tradition or to a civilization which is living or which has disappeared'), ('iv', 'to be an outstanding example of a type of building, architectural or technological ensemble or landscape which illustrates (a) significant stage(s) in human history'), ('v', 'to be an outstanding example of a traditional human settlement, land-use, or sea-use which is representative of a culture (or cultures), or human interaction with the environment especially when it has become vulnerable under the impact of irreversible change')]"
1333,Konso Cultural Landscape,cultural,['Ethiopia'],['Africa'],2011,23000,"[('iii', 'to bear a unique or at least exceptional testimony to a cultural tradition or to a civilization which is living or which has disappeared'), ('v', 'to be an outstanding example of a traditional human settlement, land-use, or sea-use which is representative of a culture (or cultures), or human interaction with the environment especially when it has become vulnerable under the impact of irreversible change')]"
111,Bale Mountains National Park,natural,['Ethiopia'],['Africa'],2023,215000,"[('vii', 'to contain superlative natural phenomena or areas of exceptional natural beauty and aesthetic importance'), ('x', 'to contain the most important and significant natural habitats for in-situ conservation of biological diversity, including those containing threatened species of outstanding universal value from the point of view of science or conservation')]"
1641,The Gedeo Cultural Landscape,cultural,['Ethiopia'],['Africa'],2023,29620,"[('iii', 'to bear a unique or at least exceptional testimony to a cultural tradition or to a civilization which is living or which has disappeared'), ('v', 'to be an outstanding example of a traditional human settlement, land-use, or sea-use which is representative of a culture (or cultures), or human interaction with the environment especially when it has become vulnerable under the impact of irreversible change')]"
13,Melka Kunture and Balchit: Archaeological and Palaeontological Sites in the Highland Area of Ethiopia,cultural,['Ethiopia'],['Africa'],2024,ni podatka,"[('iii', 'to bear a unique or at least exceptional testimony to a cultural tradition or to a civilization which is living or which has disappeared'), ('iv', 'to be an outstanding example of a type of building, architectural or technological ensemble or landscape which illustrates (a) significant stage(s) in human history'), ('v', 'to be an outstanding example of a traditional human settlement, land-use, or sea-use which is representative of a culture (or cultures), or human interaction with the environment especially when it has become vulnerable under the impact of irreversible change')]"
1399,Levuka Historical Port Town,cultural,['Fiji'],['Oceania'],2013,69.6,"[('ii', 'to exhibit an important interchange of human values, over a span of time or within a cultural area of the world, on developments in architecture or technology, monumental arts, town-planning or landscape design'), ('iv', 'to be an outstanding example of a type of building, architectural or technological ensemble or landscape which illustrates (a) significant stage(s) in human history')]"
583,Fortress of Suomenlinna,cultural,['Finland'],['Europe'],1991,210,"[('iv', 'to be an outstanding example of a type of building, architectural or technological ensemble or landscape which illustrates (a) significant stage(s) in human history')]"
582,Old Rauma,cultural,['Finland'],['Europe'],1991,29,"[('iv', 'to be an outstanding example of a type of building, architectural or technological ensemble or landscape which illustrates (a) significant stage(s) in human history'), ('v', 'to be an outstanding example of a traditional human settlement, land-use, or sea-use which is representative of a culture (or cultures), or human interaction with the environment especially when it has become vulnerable under the impact of irreversible change')]"
584,Petäjävesi Old Church,cultural,['Finland'],['Europe'],1994,2.98,"[('iv', 'to be an outstanding example of a type of building, architectural or technological ensemble or landscape which illustrates (a) significant stage(s) in human history')]"
751,Verla Groundwood and Board Mill,cultural,['Finland'],['Europe'],1996,22.778,"[('iv', 'to be an outstanding example of a type of building, architectural or technological ensemble or landscape which illustrates (a) significant stage(s) in human history')]"
579,Bronze Age Burial Site of Sammallahdenmäki,cultural,['Finland'],['Europe'],1999,ni podatka,"[('iii', 'to bear a unique or at least exceptional testimony to a cultural tradition or to a civilization which is living or which has disappeared'), ('iv', 'to be an outstanding example of a type of building, architectural or technological ensemble or landscape which illustrates (a) significant stage(s) in human history')]"
898,High Coast / Kvarken Archipelago,natural,"['Finland', 'Sweden']",['Europe'],2000,336900,"[('viii', ""to be outstanding examples representing major stages of earth's history, including the record of life, significant on-going geological processes in the development of landforms, or significant geomorphic or physiographic features"")]"
81,Chartres Cathedral,cultural,['France'],['Europe'],1979,1.06,"[('i', 'to represent a masterpiece of human creative genius'), ('ii', 'to exhibit an important interchange of human values, over a span of time or within a cultural area of the world, on developments in architecture or technology, monumental arts, town-planning or landscape design'), ('iv', 'to be an outstanding example of a type of building, architectural or technological ensemble or landscape which illustrates (a) significant stage(s) in human history')]"
80,Mont-Saint-Michel and its Bay,cultural,['France'],['Europe'],1979,6560,"[('i', 'to represent a masterpiece of human creative genius'), ('iii', 'to bear a unique or at least exceptional testimony to a cultural tradition or to a civilization which is living or which has disappeared'), ('vi', 'to be directly or tangibly associated with events or living traditions, with ideas, or with beliefs, with artistic and literary works of outstanding universal significance. (The Committee considers that this criterion should preferably be used in conjunction with other criteria)')]"
83,Palace and Park of Versailles,cultural,['France'],['Europe'],1979,1070,"[('i', 'to represent a masterpiece of human creative genius'), ('ii', 'to exhibit an important interchange of human values, over a span of time or within a cultural area of the world, on developments in architecture or technology, monumental arts, town-planning or landscape design'), ('vi', 'to be directly or tangibly associated with events or living traditions, with ideas, or with beliefs, with artistic and literary works of outstanding universal significance. (The Committee considers that this criterion should preferably be used in conjunction with other criteria)')]"
85,Prehistoric Sites and Decorated Caves of the Vézère Valley,cultural,['France'],['Europe'],1979,105.733,"[('i', 'to represent a masterpiece of human creative genius'), ('iii', 'to bear a unique or at least exceptional testimony to a cultural tradition or to a civilization which is living or which has disappeared')]"
84,"Vézelay, Church and Hill",cultural,['France'],['Europe'],1979,183,"[('i', 'to represent a masterpiece of human creative genius'), ('vi', 'to be directly or tangibly associated with events or living traditions, with ideas, or with beliefs, with artistic and literary works of outstanding universal significance. (The Committee considers that this criterion should preferably be used in conjunction with other criteria)')]"
162,Amiens Cathedral,cultural,['France'],['Europe'],1981,1.54,"[('i', 'to represent a masterpiece of human creative genius'), ('ii', 'to exhibit an important interchange of human values, over a span of time or within a cultural area of the world, on developments in architecture or technology, monumental arts, town-planning or landscape design')]"
164,"Arles, Roman and Romanesque Monuments",cultural,['France'],['Europe'],1981,65,"[('ii', 'to exhibit an important interchange of human values, over a span of time or within a cultural area of the world, on developments in architecture or technology, monumental arts, town-planning or landscape design'), ('iv', 'to be an outstanding example of a type of building, architectural or technological ensemble or landscape which illustrates (a) significant stage(s) in human history')]"
165,Cistercian Abbey of Fontenay,cultural,['France'],['Europe'],1981,5.77,"[('iv', 'to be an outstanding example of a type of building, architectural or technological ensemble or landscape which illustrates (a) significant stage(s) in human history')]"
160,Palace and Park of Fontainebleau,cultural,['France'],['Europe'],1981,144,"[('ii', 'to exhibit an important interchange of human values, over a span of time or within a cultural area of the world, on developments in architecture or technology, monumental arts, town-planning or landscape design'), ('vi', 'to be directly or tangibly associated with events or living traditions, with ideas, or with beliefs, with artistic and literary works of outstanding universal significance. (The Committee considers that this criterion should preferably be used in conjunction with other criteria)')]"
163,"Roman Theatre and its Surroundings and the ""Triumphal Arch"" of Orange",cultural,['France'],['Europe'],1981,9.45,"[('iii', 'to bear a unique or at least exceptional testimony to a cultural tradition or to a civilization which is living or which has disappeared'), ('vi', 'to be directly or tangibly associated with events or living traditions, with ideas, or with beliefs, with artistic and literary works of outstanding universal significance. (The Committee considers that this criterion should preferably be used in conjunction with other criteria)')]"
203,"From the Great Saltworks of Salins-les-Bains to the Royal Saltworks of Arc-et-Senans, the Production of Open-pan Salt",cultural,['France'],['Europe'],1982,10.48,"[('i', 'to represent a masterpiece of human creative genius'), ('ii', 'to exhibit an important interchange of human values, over a span of time or within a cultural area of the world, on developments in architecture or technology, monumental arts, town-planning or landscape design'), ('iv', 'to be an outstanding example of a type of building, architectural or technological ensemble or landscape which illustrates (a) significant stage(s) in human history')]"
230,Abbey Church of Saint-Savin sur Gartempe,cultural,['France'],['Europe'],1983,1.61,"[('i', 'to represent a masterpiece of human creative genius'), ('iii', 'to bear a unique or at least exceptional testimony to a cultural tradition or to a civilization which is living or which has disappeared')]"
258,"Gulf of Porto: Calanche of Piana, Gulf of Girolata, Scandola Reserve",natural,['France'],['Europe'],1983,11800,"[('vii', 'to contain superlative natural phenomena or areas of exceptional natural beauty and aesthetic importance'), ('viii', ""to be outstanding examples representing major stages of earth's history, including the record of life, significant on-going geological processes in the development of landforms, or significant geomorphic or physiographic features""), ('x', 'to contain the most important and significant natural habitats for in-situ conservation of biological diversity, including those containing threatened species of outstanding universal value from the point of view of science or conservation')]"
229,"Place Stanislas, Place de la Carrière and Place d'Alliance in Nancy",cultural,['France'],['Europe'],1983,7,"[('i', 'to represent a masterpiece of human creative genius'), ('iv', 'to be an outstanding example of a type of building, architectural or technological ensemble or landscape which illustrates (a) significant stage(s) in human history')]"
344,Pont du Gard (Roman Aqueduct),cultural,['France'],['Europe'],1985,0.3257,"[('i', 'to represent a masterpiece of human creative genius'), ('iii', 'to bear a unique or at least exceptional testimony to a cultural tradition or to a civilization which is living or which has disappeared'), ('iv', 'to be an outstanding example of a type of building, architectural or technological ensemble or landscape which illustrates (a) significant stage(s) in human history')]"
495,"Strasbourg, Grande-Île and <em>Neustadt</em>",cultural,['France'],['Europe'],1988,183,"[('ii', 'to exhibit an important interchange of human values, over a span of time or within a cultural area of the world, on developments in architecture or technology, monumental arts, town-planning or landscape design'), ('iv', 'to be an outstanding example of a type of building, architectural or technological ensemble or landscape which illustrates (a) significant stage(s) in human history')]"
601,"Cathedral of Notre-Dame, Former Abbey of Saint-Rémi and Palace of Tau, Reims",cultural,['France'],['Europe'],1991,4.16,"[('i', 'to represent a masterpiece of human creative genius'), ('ii', 'to exhibit an important interchange of human values, over a span of time or within a cultural area of the world, on developments in architecture or technology, monumental arts, town-planning or landscape design'), ('vi', 'to be directly or tangibly associated with events or living traditions, with ideas, or with beliefs, with artistic and literary works of outstanding universal significance. (The Committee considers that this criterion should preferably be used in conjunction with other criteria)')]"
600,"Paris, Banks of the Seine",cultural,['France'],['Europe'],1991,538,"[('i', 'to represent a masterpiece of human creative genius'), ('ii', 'to exhibit an important interchange of human values, over a span of time or within a cultural area of the world, on developments in architecture or technology, monumental arts, town-planning or landscape design'), ('iv', 'to be an outstanding example of a type of building, architectural or technological ensemble or landscape which illustrates (a) significant stage(s) in human history')]"
635,Bourges Cathedral,cultural,['France'],['Europe'],1992,0.85,"[('i', 'to represent a masterpiece of human creative genius'), ('iv', 'to be an outstanding example of a type of building, architectural or technological ensemble or landscape which illustrates (a) significant stage(s) in human history')]"
228,"Historic Centre of Avignon: Papal Palace, Episcopal Ensemble and Avignon Bridge",cultural,['France'],['Europe'],1995,8.2,"[('i', 'to represent a masterpiece of human creative genius'), ('ii', 'to exhibit an important interchange of human values, over a span of time or within a cultural area of the world, on developments in architecture or technology, monumental arts, town-planning or landscape design'), ('iv', 'to be an outstanding example of a type of building, architectural or technological ensemble or landscape which illustrates (a) significant stage(s) in human history')]"
770,Canal du Midi,cultural,['France'],['Europe'],1996,2007,"[('i', 'to represent a masterpiece of human creative genius'), ('ii', 'to exhibit an important interchange of human values, over a span of time or within a cultural area of the world, on developments in architecture or technology, monumental arts, town-planning or landscape design'), ('iv', 'to be an outstanding example of a type of building, architectural or technological ensemble or landscape which illustrates (a) significant stage(s) in human history'), ('vi', 'to be directly or tangibly associated with events or living traditions, with ideas, or with beliefs, with artistic and literary works of outstanding universal significance. (The Committee considers that this criterion should preferably be used in conjunction with other criteria)')]"
345,Historic Fortified City of Carcassonne,cultural,['France'],['Europe'],1997,11,"[('ii', 'to exhibit an important interchange of human values, over a span of time or within a cultural area of the world, on developments in architecture or technology, monumental arts, town-planning or landscape design'), ('iv', 'to be an outstanding example of a type of building, architectural or technological ensemble or landscape which illustrates (a) significant stage(s) in human history')]"
773,Pyrénées - Mont Perdu,mixed,"['France', 'Spain']",['Europe'],1997,30639,"[('iii', 'to bear a unique or at least exceptional testimony to a cultural tradition or to a civilization which is living or which has disappeared'), ('iv', 'to be an outstanding example of a type of building, architectural or technological ensemble or landscape which illustrates (a) significant stage(s) in human history'), ('v', 'to be an outstanding example of a traditional human settlement, land-use, or sea-use which is representative of a culture (or cultures), or human interaction with the environment especially when it has become vulnerable under the impact of irreversible change'), ('vii', 'to contain superlative natural phenomena or areas of exceptional natural beauty and aesthetic importance'), ('viii', ""to be outstanding examples representing major stages of earth's history, including the record of life, significant on-going geological processes in the development of landforms, or significant geomorphic or physiographic features"")]"
872,Historic Site of Lyon,cultural,['France'],['Europe'],1998,427,"[('ii', 'to exhibit an important interchange of human values, over a span of time or within a cultural area of the world, on developments in architecture or technology, monumental arts, town-planning or landscape design'), ('iv', 'to be an outstanding example of a type of building, architectural or technological ensemble or landscape which illustrates (a) significant stage(s) in human history')]"
868,Routes of Santiago de Compostela in France,cultural,['France'],['Europe'],1998,100.9066,"[('ii', 'to exhibit an important interchange of human values, over a span of time or within a cultural area of the world, on developments in architecture or technology, monumental arts, town-planning or landscape design'), ('iv', 'to be an outstanding example of a type of building, architectural or technological ensemble or landscape which illustrates (a) significant stage(s) in human history'), ('vi', 'to be directly or tangibly associated with events or living traditions, with ideas, or with beliefs, with artistic and literary works of outstanding universal significance. (The Committee considers that this criterion should preferably be used in conjunction with other criteria)')]"
932,Jurisdiction of Saint-Emilion,cultural,['France'],['Europe'],1999,7847,"[('iii', 'to bear a unique or at least exceptional testimony to a cultural tradition or to a civilization which is living or which has disappeared'), ('iv', 'to be an outstanding example of a type of building, architectural or technological ensemble or landscape which illustrates (a) significant stage(s) in human history')]"
933,The Loire Valley between Sully-sur-Loire and Chalonnes,cultural,['France'],['Europe'],2000,86021,"[('i', 'to represent a masterpiece of human creative genius'), ('ii', 'to exhibit an important interchange of human values, over a span of time or within a cultural area of the world, on developments in architecture or technology, monumental arts, town-planning or landscape design'), ('iv', 'to be an outstanding example of a type of building, architectural or technological ensemble or landscape which illustrates (a) significant stage(s) in human history')]"
873,"Provins, Town of Medieval Fairs",cultural,['France'],['Europe'],2001,108,"[('ii', 'to exhibit an important interchange of human values, over a span of time or within a cultural area of the world, on developments in architecture or technology, monumental arts, town-planning or landscape design'), ('iv', 'to be an outstanding example of a type of building, architectural or technological ensemble or landscape which illustrates (a) significant stage(s) in human history')]"
1181,"Le Havre, the City Rebuilt by Auguste Perret",cultural,['France'],['Europe'],2005,133,"[('ii', 'to exhibit an important interchange of human values, over a span of time or within a cultural area of the world, on developments in architecture or technology, monumental arts, town-planning or landscape design'), ('iv', 'to be an outstanding example of a type of building, architectural or technological ensemble or landscape which illustrates (a) significant stage(s) in human history')]"
1256,"Bordeaux, Port of the Moon",cultural,['France'],['Europe'],2007,1731,"[('ii', 'to exhibit an important interchange of human values, over a span of time or within a cultural area of the world, on developments in architecture or technology, monumental arts, town-planning or landscape design'), ('iv', 'to be an outstanding example of a type of building, architectural or technological ensemble or landscape which illustrates (a) significant stage(s) in human history')]"
1283,Fortifications of Vauban,cultural,['France'],['Europe'],2008,1153.16,"[('i', 'to represent a masterpiece of human creative genius'), ('ii', 'to exhibit an important interchange of human values, over a span of time or within a cultural area of the world, on developments in architecture or technology, monumental arts, town-planning or landscape design'), ('iv', 'to be an outstanding example of a type of building, architectural or technological ensemble or landscape which illustrates (a) significant stage(s) in human history')]"
1115,Lagoons of New Caledonia: Reef Diversity and Associated Ecosystems,natural,['France'],['Europe'],2008,1574300,"[('vii', 'to contain superlative natural phenomena or areas of exceptional natural beauty and aesthetic importance'), ('ix', 'to be outstanding examples representing significant on-going ecological and biological processes in the evolution and development of terrestrial, fresh water, coastal and marine ecosystems and communities of plants and animals'), ('x', 'to contain the most important and significant natural habitats for in-situ conservation of biological diversity, including those containing threatened species of outstanding universal value from the point of view of science or conservation')]"
1337,Episcopal City of Albi,cultural,['France'],['Europe'],2010,19.47,"[('iv', 'to be an outstanding example of a type of building, architectural or technological ensemble or landscape which illustrates (a) significant stage(s) in human history'), ('v', 'to be an outstanding example of a traditional human settlement, land-use, or sea-use which is representative of a culture (or cultures), or human interaction with the environment especially when it has become vulnerable under the impact of irreversible change')]"
1317,"Pitons, cirques and remparts of Reunion Island",natural,['France'],['Europe'],2010,105838,"[('vii', 'to contain superlative natural phenomena or areas of exceptional natural beauty and aesthetic importance'), ('x', 'to contain the most important and significant natural habitats for in-situ conservation of biological diversity, including those containing threatened species of outstanding universal value from the point of view of science or conservation')]"
1153,"The Causses and the Cévennes, Mediterranean agro-pastoral Cultural Landscape",cultural,['France'],['Europe'],2011,302319,"[('iii', 'to bear a unique or at least exceptional testimony to a cultural tradition or to a civilization which is living or which has disappeared'), ('v', 'to be an outstanding example of a traditional human settlement, land-use, or sea-use which is representative of a culture (or cultures), or human interaction with the environment especially when it has become vulnerable under the impact of irreversible change')]"
1360,Nord-Pas de Calais Mining Basin,cultural,['France'],['Europe'],2012,3943,"[('ii', 'to exhibit an important interchange of human values, over a span of time or within a cultural area of the world, on developments in architecture or technology, monumental arts, town-planning or landscape design'), ('iv', 'to be an outstanding example of a type of building, architectural or technological ensemble or landscape which illustrates (a) significant stage(s) in human history'), ('vi', 'to be directly or tangibly associated with events or living traditions, with ideas, or with beliefs, with artistic and literary works of outstanding universal significance. (The Committee considers that this criterion should preferably be used in conjunction with other criteria)')]"
1426,"Decorated Cave of Pont d’Arc, known as Grotte Chauvet-Pont d’Arc, Ardèche",cultural,['France'],['Europe'],2014,9,"[('i', 'to represent a masterpiece of human creative genius'), ('iii', 'to bear a unique or at least exceptional testimony to a cultural tradition or to a civilization which is living or which has disappeared')]"
1465,"Champagne Hillsides, Houses and Cellars",cultural,['France'],['Europe'],2015,1101.72,"[('iii', 'to bear a unique or at least exceptional testimony to a cultural tradition or to a civilization which is living or which has disappeared'), ('iv', 'to be an outstanding example of a type of building, architectural or technological ensemble or landscape which illustrates (a) significant stage(s) in human history'), ('vi', 'to be directly or tangibly associated with events or living traditions, with ideas, or with beliefs, with artistic and literary works of outstanding universal significance. (The Committee considers that this criterion should preferably be used in conjunction with other criteria)')]"
1425,"The Climats, terroirs of Burgundy",cultural,['France'],['Europe'],2015,13219,"[('iii', 'to bear a unique or at least exceptional testimony to a cultural tradition or to a civilization which is living or which has disappeared'), ('v', 'to be an outstanding example of a traditional human settlement, land-use, or sea-use which is representative of a culture (or cultures), or human interaction with the environment especially when it has become vulnerable under the impact of irreversible change')]"
1529,Taputapuātea,cultural,['France'],['Europe'],2017,2124,"[('iii', 'to bear a unique or at least exceptional testimony to a cultural tradition or to a civilization which is living or which has disappeared'), ('iv', 'to be an outstanding example of a type of building, architectural or technological ensemble or landscape which illustrates (a) significant stage(s) in human history'), ('vi', 'to be directly or tangibly associated with events or living traditions, with ideas, or with beliefs, with artistic and literary works of outstanding universal significance. (The Committee considers that this criterion should preferably be used in conjunction with other criteria)')]"
1434,Chaîne des Puys - Limagne fault tectonic arena,natural,['France'],['Europe'],2018,24223,"[('viii', ""to be outstanding examples representing major stages of earth's history, including the record of life, significant on-going geological processes in the development of landforms, or significant geomorphic or physiographic features"")]"
1603,French Austral Lands and Seas,natural,['France'],['Europe'],2019,166267100,"[('vii', 'to contain superlative natural phenomena or areas of exceptional natural beauty and aesthetic importance'), ('ix', 'to be outstanding examples representing significant on-going ecological and biological processes in the evolution and development of terrestrial, fresh water, coastal and marine ecosystems and communities of plants and animals'), ('x', 'to contain the most important and significant natural habitats for in-situ conservation of biological diversity, including those containing threatened species of outstanding universal value from the point of view of science or conservation')]"
1625,Cordouan Lighthouse,cultural,['France'],['Europe'],2021,23582,"[('i', 'to represent a masterpiece of human creative genius'), ('iv', 'to be an outstanding example of a type of building, architectural or technological ensemble or landscape which illustrates (a) significant stage(s) in human history')]"
1635,"Nice, Winter Resort Town of the Riviera",cultural,['France'],['Europe'],2021,522,"[('ii', 'to exhibit an important interchange of human values, over a span of time or within a cultural area of the world, on developments in architecture or technology, monumental arts, town-planning or landscape design')]"
1569,The Maison Carrée of Nîmes,cultural,['France'],['Europe'],2023,0.0474,"[('iv', 'to be an outstanding example of a type of building, architectural or technological ensemble or landscape which illustrates (a) significant stage(s) in human history')]"
1657,Volcanoes and Forests of Mount Pelée and the Pitons of Northern Martinique,natural,['France'],['Europe'],2023,13980,"[('viii', ""to be outstanding examples representing major stages of earth's history, including the record of life, significant on-going geological processes in the development of landforms, or significant geomorphic or physiographic features""), ('x', 'to contain the most important and significant natural habitats for in-situ conservation of biological diversity, including those containing threatened species of outstanding universal value from the point of view of science or conservation')]"
1707,Te Henua Enata – The Marquesas Islands,mixed,['France'],['Europe'],2024,345749,"[('iii', 'to bear a unique or at least exceptional testimony to a cultural tradition or to a civilization which is living or which has disappeared'), ('vi', 'to be directly or tangibly associated with events or living traditions, with ideas, or with beliefs, with artistic and literary works of outstanding universal significance. (The Committee considers that this criterion should preferably be used in conjunction with other criteria)'), ('vii', 'to contain superlative natural phenomena or areas of exceptional natural beauty and aesthetic importance'), ('ix', 'to be outstanding examples representing significant on-going ecological and biological processes in the evolution and development of terrestrial, fresh water, coastal and marine ecosystems and communities of plants and animals'), ('x', 'to contain the most important and significant natural habitats for in-situ conservation of biological diversity, including those containing threatened species of outstanding universal value from the point of view of science or conservation')]"
1725,Megaliths of Carnac and of the shores of Morbihan,cultural,['France'],['Europe'],2025,19598,"[('i', 'to represent a masterpiece of human creative genius'), ('iv', 'to be an outstanding example of a type of building, architectural or technological ensemble or landscape which illustrates (a) significant stage(s) in human history')]"
1147,Ecosystem and Relict Cultural Landscape of Lopé-Okanda,mixed,['Gabon'],['Africa'],2007,511991,"[('iii', 'to bear a unique or at least exceptional testimony to a cultural tradition or to a civilization which is living or which has disappeared'), ('iv', 'to be an outstanding example of a type of building, architectural or technological ensemble or landscape which illustrates (a) significant stage(s) in human history'), ('ix', 'to be outstanding examples representing significant on-going ecological and biological processes in the evolution and development of terrestrial, fresh water, coastal and marine ecosystems and communities of plants and animals'), ('x', 'to contain the most important and significant natural habitats for in-situ conservation of biological diversity, including those containing threatened species of outstanding universal value from the point of view of science or conservation')]"
1653,Ivindo National Park,natural,['Gabon'],['Africa'],2021,298758,"[('ix', 'to be outstanding examples representing significant on-going ecological and biological processes in the evolution and development of terrestrial, fresh water, coastal and marine ecosystems and communities of plants and animals'), ('x', 'to contain the most important and significant natural habitats for in-situ conservation of biological diversity, including those containing threatened species of outstanding universal value from the point of view of science or conservation')]"
761,Kunta Kinteh Island and Related Sites,cultural,['Gambia'],['Africa'],2003,7.5981,"[('iii', 'to bear a unique or at least exceptional testimony to a cultural tradition or to a civilization which is living or which has disappeared'), ('vi', 'to be directly or tangibly associated with events or living traditions, with ideas, or with beliefs, with artistic and literary works of outstanding universal significance. (The Committee considers that this criterion should preferably be used in conjunction with other criteria)')]"
1226,Stone Circles of Senegambia,cultural,"['Gambia', 'Senegal']",['Africa'],2006,9.85,"[('i', 'to represent a masterpiece of human creative genius'), ('iii', 'to bear a unique or at least exceptional testimony to a cultural tradition or to a civilization which is living or which has disappeared')]"
710,Gelati Monastery,cultural,['Georgia'],['Asia'],1994,4.2,"[('iv', 'to be an outstanding example of a type of building, architectural or technological ensemble or landscape which illustrates (a) significant stage(s) in human history')]"
708,Historical Monuments of Mtskheta,cultural,['Georgia'],['Asia'],1994,3.85,"[('iii', 'to bear a unique or at least exceptional testimony to a cultural tradition or to a civilization which is living or which has disappeared'), ('iv', 'to be an outstanding example of a type of building, architectural or technological ensemble or landscape which illustrates (a) significant stage(s) in human history')]"
709,Upper Svaneti,cultural,['Georgia'],['Asia'],1996,1.06,"[('iv', 'to be an outstanding example of a type of building, architectural or technological ensemble or landscape which illustrates (a) significant stage(s) in human history'), ('v', 'to be an outstanding example of a traditional human settlement, land-use, or sea-use which is representative of a culture (or cultures), or human interaction with the environment especially when it has become vulnerable under the impact of irreversible change')]"
1616,Colchic Rainforests and Wetlands,natural,['Georgia'],['Asia'],2021,31253,"[('ix', 'to be outstanding examples representing significant on-going ecological and biological processes in the evolution and development of terrestrial, fresh water, coastal and marine ecosystems and communities of plants and animals'), ('x', 'to contain the most important and significant natural habitats for in-situ conservation of biological diversity, including those containing threatened species of outstanding universal value from the point of view of science or conservation')]"
3,Aachen Cathedral,cultural,['Germany'],['Europe'],1978,0.2,"[('i', 'to represent a masterpiece of human creative genius'), ('ii', 'to exhibit an important interchange of human values, over a span of time or within a cultural area of the world, on developments in architecture or technology, monumental arts, town-planning or landscape design'), ('iv', 'to be an outstanding example of a type of building, architectural or technological ensemble or landscape which illustrates (a) significant stage(s) in human history'), ('vi', 'to be directly or tangibly associated with events or living traditions, with ideas, or with beliefs, with artistic and literary works of outstanding universal significance. (The Committee considers that this criterion should preferably be used in conjunction with other criteria)')]"
168,Speyer Cathedral,cultural,['Germany'],['Europe'],1981,0.558,"[('ii', 'to exhibit an important interchange of human values, over a span of time or within a cultural area of the world, on developments in architecture or technology, monumental arts, town-planning or landscape design')]"
169,Würzburg Residence with the Court Gardens and Residence Square,cultural,['Germany'],['Europe'],1981,14.77,"[('i', 'to represent a masterpiece of human creative genius'), ('iv', 'to be an outstanding example of a type of building, architectural or technological ensemble or landscape which illustrates (a) significant stage(s) in human history')]"
271,Pilgrimage Church of Wies,cultural,['Germany'],['Europe'],1983,0.1,"[('i', 'to represent a masterpiece of human creative genius'), ('iii', 'to bear a unique or at least exceptional testimony to a cultural tradition or to a civilization which is living or which has disappeared')]"
288,Castles of Augustusburg and Falkenlust at Brühl,cultural,['Germany'],['Europe'],1984,89,"[('ii', 'to exhibit an important interchange of human values, over a span of time or within a cultural area of the world, on developments in architecture or technology, monumental arts, town-planning or landscape design'), ('iv', 'to be an outstanding example of a type of building, architectural or technological ensemble or landscape which illustrates (a) significant stage(s) in human history')]"
187,St Mary's Cathedral and St Michael's Church at Hildesheim,cultural,['Germany'],['Europe'],1985,0.58,"[('i', 'to represent a masterpiece of human creative genius'), ('ii', 'to exhibit an important interchange of human values, over a span of time or within a cultural area of the world, on developments in architecture or technology, monumental arts, town-planning or landscape design'), ('iii', 'to bear a unique or at least exceptional testimony to a cultural tradition or to a civilization which is living or which has disappeared')]"
367,"Roman Monuments, Cathedral of St Peter and Church of Our Lady in Trier",cultural,['Germany'],['Europe'],1986,7.3,"[('i', 'to represent a masterpiece of human creative genius'), ('iii', 'to bear a unique or at least exceptional testimony to a cultural tradition or to a civilization which is living or which has disappeared'), ('iv', 'to be an outstanding example of a type of building, architectural or technological ensemble or landscape which illustrates (a) significant stage(s) in human history'), ('vi', 'to be directly or tangibly associated with events or living traditions, with ideas, or with beliefs, with artistic and literary works of outstanding universal significance. (The Committee considers that this criterion should preferably be used in conjunction with other criteria)')]"
430,Frontiers of the Roman Empire,cultural,"['Germany', 'United Kingdom of Great Britain and Northern Ireland']",['Europe'],1987,526.9,"[('ii', 'to exhibit an important interchange of human values, over a span of time or within a cultural area of the world, on developments in architecture or technology, monumental arts, town-planning or landscape design'), ('iii', 'to bear a unique or at least exceptional testimony to a cultural tradition or to a civilization which is living or which has disappeared'), ('iv', 'to be an outstanding example of a type of building, architectural or technological ensemble or landscape which illustrates (a) significant stage(s) in human history')]"
272,Hanseatic City of Lübeck,cultural,['Germany'],['Europe'],1987,81.1,"[('iv', 'to be an outstanding example of a type of building, architectural or technological ensemble or landscape which illustrates (a) significant stage(s) in human history')]"
532,Palaces and Parks of Potsdam and Berlin,cultural,['Germany'],['Europe'],1990,2064,"[('i', 'to represent a masterpiece of human creative genius'), ('ii', 'to exhibit an important interchange of human values, over a span of time or within a cultural area of the world, on developments in architecture or technology, monumental arts, town-planning or landscape design'), ('iv', 'to be an outstanding example of a type of building, architectural or technological ensemble or landscape which illustrates (a) significant stage(s) in human history')]"
515,Abbey and Altenmünster of Lorsch,cultural,['Germany'],['Europe'],1991,3.34,"[('iii', 'to bear a unique or at least exceptional testimony to a cultural tradition or to a civilization which is living or which has disappeared'), ('iv', 'to be an outstanding example of a type of building, architectural or technological ensemble or landscape which illustrates (a) significant stage(s) in human history')]"
623,"Mines of Rammelsberg, Historic Town of Goslar and Upper Harz Water Management System",cultural,['Germany'],['Europe'],1992,1009.89,"[('i', 'to represent a masterpiece of human creative genius'), ('ii', 'to exhibit an important interchange of human values, over a span of time or within a cultural area of the world, on developments in architecture or technology, monumental arts, town-planning or landscape design'), ('iii', 'to bear a unique or at least exceptional testimony to a cultural tradition or to a civilization which is living or which has disappeared'), ('iv', 'to be an outstanding example of a type of building, architectural or technological ensemble or landscape which illustrates (a) significant stage(s) in human history')]"
546,Maulbronn Monastery Complex,cultural,['Germany'],['Europe'],1993,72.45,"[('ii', 'to exhibit an important interchange of human values, over a span of time or within a cultural area of the world, on developments in architecture or technology, monumental arts, town-planning or landscape design'), ('iv', 'to be an outstanding example of a type of building, architectural or technological ensemble or landscape which illustrates (a) significant stage(s) in human history')]"
624,Town of Bamberg,cultural,['Germany'],['Europe'],1993,142,"[('ii', 'to exhibit an important interchange of human values, over a span of time or within a cultural area of the world, on developments in architecture or technology, monumental arts, town-planning or landscape design'), ('iv', 'to be an outstanding example of a type of building, architectural or technological ensemble or landscape which illustrates (a) significant stage(s) in human history')]"
535,"Collegiate Church, Castle and Old Town of Quedlinburg",cultural,['Germany'],['Europe'],1994,90,"[('iv', 'to be an outstanding example of a type of building, architectural or technological ensemble or landscape which illustrates (a) significant stage(s) in human history')]"
687,Völklingen Ironworks,cultural,['Germany'],['Europe'],1994,7.46,"[('ii', 'to exhibit an important interchange of human values, over a span of time or within a cultural area of the world, on developments in architecture or technology, monumental arts, town-planning or landscape design'), ('iv', 'to be an outstanding example of a type of building, architectural or technological ensemble or landscape which illustrates (a) significant stage(s) in human history')]"
720,Messel Pit Fossil Site,natural,['Germany'],['Europe'],1995,42,"[('viii', ""to be outstanding examples representing major stages of earth's history, including the record of life, significant on-going geological processes in the development of landforms, or significant geomorphic or physiographic features"")]"
729,"Bauhaus and its Sites in Weimar, Dessau and Bernau",cultural,['Germany'],['Europe'],1996,8.1614,"[('ii', 'to exhibit an important interchange of human values, over a span of time or within a cultural area of the world, on developments in architecture or technology, monumental arts, town-planning or landscape design'), ('iv', 'to be an outstanding example of a type of building, architectural or technological ensemble or landscape which illustrates (a) significant stage(s) in human history'), ('vi', 'to be directly or tangibly associated with events or living traditions, with ideas, or with beliefs, with artistic and literary works of outstanding universal significance. (The Committee considers that this criterion should preferably be used in conjunction with other criteria)')]"
292,Cologne Cathedral,cultural,['Germany'],['Europe'],1996,ni podatka,"[('i', 'to represent a masterpiece of human creative genius'), ('ii', 'to exhibit an important interchange of human values, over a span of time or within a cultural area of the world, on developments in architecture or technology, monumental arts, town-planning or landscape design'), ('iv', 'to be an outstanding example of a type of building, architectural or technological ensemble or landscape which illustrates (a) significant stage(s) in human history')]"
783,Luther Memorials in Eisleben and Wittenberg,cultural,['Germany'],['Europe'],1996,0.83,"[('iv', 'to be an outstanding example of a type of building, architectural or technological ensemble or landscape which illustrates (a) significant stage(s) in human history'), ('vi', 'to be directly or tangibly associated with events or living traditions, with ideas, or with beliefs, with artistic and literary works of outstanding universal significance. (The Committee considers that this criterion should preferably be used in conjunction with other criteria)')]"
846,Classical Weimar,cultural,['Germany'],['Europe'],1998,ni podatka,"[('iii', 'to bear a unique or at least exceptional testimony to a cultural tradition or to a civilization which is living or which has disappeared'), ('vi', 'to be directly or tangibly associated with events or living traditions, with ideas, or with beliefs, with artistic and literary works of outstanding universal significance. (The Committee considers that this criterion should preferably be used in conjunction with other criteria)')]"
896,"Museumsinsel (Museum Island), Berlin",cultural,['Germany'],['Europe'],1999,8.6,"[('ii', 'to exhibit an important interchange of human values, over a span of time or within a cultural area of the world, on developments in architecture or technology, monumental arts, town-planning or landscape design'), ('iv', 'to be an outstanding example of a type of building, architectural or technological ensemble or landscape which illustrates (a) significant stage(s) in human history')]"
897,Wartburg Castle,cultural,['Germany'],['Europe'],1999,ni podatka,"[('iii', 'to bear a unique or at least exceptional testimony to a cultural tradition or to a civilization which is living or which has disappeared'), ('vi', 'to be directly or tangibly associated with events or living traditions, with ideas, or with beliefs, with artistic and literary works of outstanding universal significance. (The Committee considers that this criterion should preferably be used in conjunction with other criteria)')]"
534,Garden Kingdom of Dessau-Wörlitz,cultural,['Germany'],['Europe'],2000,11891,"[('ii', 'to exhibit an important interchange of human values, over a span of time or within a cultural area of the world, on developments in architecture or technology, monumental arts, town-planning or landscape design'), ('iv', 'to be an outstanding example of a type of building, architectural or technological ensemble or landscape which illustrates (a) significant stage(s) in human history')]"
974,Monastic Island of Reichenau,cultural,['Germany'],['Europe'],2000,ni podatka,"[('iii', 'to bear a unique or at least exceptional testimony to a cultural tradition or to a civilization which is living or which has disappeared'), ('iv', 'to be an outstanding example of a type of building, architectural or technological ensemble or landscape which illustrates (a) significant stage(s) in human history'), ('vi', 'to be directly or tangibly associated with events or living traditions, with ideas, or with beliefs, with artistic and literary works of outstanding universal significance. (The Committee considers that this criterion should preferably be used in conjunction with other criteria)')]"
975,Zollverein Coal Mine Industrial Complex in Essen,cultural,['Germany'],['Europe'],2001,ni podatka,"[('ii', 'to exhibit an important interchange of human values, over a span of time or within a cultural area of the world, on developments in architecture or technology, monumental arts, town-planning or landscape design'), ('iii', 'to bear a unique or at least exceptional testimony to a cultural tradition or to a civilization which is living or which has disappeared')]"
1067,Historic Centres of Stralsund and Wismar,cultural,['Germany'],['Europe'],2002,168,"[('ii', 'to exhibit an important interchange of human values, over a span of time or within a cultural area of the world, on developments in architecture or technology, monumental arts, town-planning or landscape design'), ('iv', 'to be an outstanding example of a type of building, architectural or technological ensemble or landscape which illustrates (a) significant stage(s) in human history')]"
1066,Upper Middle Rhine Valley,cultural,['Germany'],['Europe'],2002,27250,"[('ii', 'to exhibit an important interchange of human values, over a span of time or within a cultural area of the world, on developments in architecture or technology, monumental arts, town-planning or landscape design'), ('iv', 'to be an outstanding example of a type of building, architectural or technological ensemble or landscape which illustrates (a) significant stage(s) in human history'), ('v', 'to be an outstanding example of a traditional human settlement, land-use, or sea-use which is representative of a culture (or cultures), or human interaction with the environment especially when it has become vulnerable under the impact of irreversible change')]"
1127,Muskauer Park / Park Mużakowski,cultural,"['Germany', 'Poland']",['Europe'],2004,352.14,"[('i', 'to represent a masterpiece of human creative genius'), ('iv', 'to be an outstanding example of a type of building, architectural or technological ensemble or landscape which illustrates (a) significant stage(s) in human history')]"
1087,Town Hall and Roland on the Marketplace of Bremen,cultural,['Germany'],['Europe'],2004,0.287,"[('iii', 'to bear a unique or at least exceptional testimony to a cultural tradition or to a civilization which is living or which has disappeared'), ('iv', 'to be an outstanding example of a type of building, architectural or technological ensemble or landscape which illustrates (a) significant stage(s) in human history'), ('vi', 'to be directly or tangibly associated with events or living traditions, with ideas, or with beliefs, with artistic and literary works of outstanding universal significance. (The Committee considers that this criterion should preferably be used in conjunction with other criteria)')]"
1155,Old town of Regensburg with Stadtamhof,cultural,['Germany'],['Europe'],2006,182.8,"[('ii', 'to exhibit an important interchange of human values, over a span of time or within a cultural area of the world, on developments in architecture or technology, monumental arts, town-planning or landscape design'), ('iii', 'to bear a unique or at least exceptional testimony to a cultural tradition or to a civilization which is living or which has disappeared'), ('iv', 'to be an outstanding example of a type of building, architectural or technological ensemble or landscape which illustrates (a) significant stage(s) in human history')]"
1239,Berlin Modernism Housing Estates,cultural,['Germany'],['Europe'],2008,88.1,"[('ii', 'to exhibit an important interchange of human values, over a span of time or within a cultural area of the world, on developments in architecture or technology, monumental arts, town-planning or landscape design'), ('iv', 'to be an outstanding example of a type of building, architectural or technological ensemble or landscape which illustrates (a) significant stage(s) in human history')]"
1368,Fagus Factory in Alfeld,cultural,['Germany'],['Europe'],2011,1.88,"[('ii', 'to exhibit an important interchange of human values, over a span of time or within a cultural area of the world, on developments in architecture or technology, monumental arts, town-planning or landscape design'), ('iv', 'to be an outstanding example of a type of building, architectural or technological ensemble or landscape which illustrates (a) significant stage(s) in human history')]"
1379,Margravial Opera House Bayreuth,cultural,['Germany'],['Europe'],2012,0.19,"[('i', 'to represent a masterpiece of human creative genius'), ('iv', 'to be an outstanding example of a type of building, architectural or technological ensemble or landscape which illustrates (a) significant stage(s) in human history')]"
1413,Bergpark Wilhelmshöhe,cultural,['Germany'],['Europe'],2013,558.7,"[('iii', 'to bear a unique or at least exceptional testimony to a cultural tradition or to a civilization which is living or which has disappeared'), ('iv', 'to be an outstanding example of a type of building, architectural or technological ensemble or landscape which illustrates (a) significant stage(s) in human history')]"
1447,Carolingian Westwork and Civitas Corvey,cultural,['Germany'],['Europe'],2014,12,"[('ii', 'to exhibit an important interchange of human values, over a span of time or within a cultural area of the world, on developments in architecture or technology, monumental arts, town-planning or landscape design'), ('iii', 'to bear a unique or at least exceptional testimony to a cultural tradition or to a civilization which is living or which has disappeared'), ('iv', 'to be an outstanding example of a type of building, architectural or technological ensemble or landscape which illustrates (a) significant stage(s) in human history')]"
1467,Speicherstadt and Kontorhaus District with Chilehaus,cultural,['Germany'],['Europe'],2015,26.08,"[('iv', 'to be an outstanding example of a type of building, architectural or technological ensemble or landscape which illustrates (a) significant stage(s) in human history')]"
1527,Caves and Ice Age Art in the Swabian Jura,cultural,['Germany'],['Europe'],2017,462.1,"[('iii', 'to bear a unique or at least exceptional testimony to a cultural tradition or to a civilization which is living or which has disappeared')]"
1553,Archaeological Border complex of Hedeby and the Danevirke,cultural,['Germany'],['Europe'],2018,227.55,"[('iii', 'to bear a unique or at least exceptional testimony to a cultural tradition or to a civilization which is living or which has disappeared'), ('iv', 'to be an outstanding example of a type of building, architectural or technological ensemble or landscape which illustrates (a) significant stage(s) in human history')]"
1470,Naumburg Cathedral,cultural,['Germany'],['Europe'],2018,1.82,"[('i', 'to represent a masterpiece of human creative genius'), ('ii', 'to exhibit an important interchange of human values, over a span of time or within a cultural area of the world, on developments in architecture or technology, monumental arts, town-planning or landscape design')]"
1580,Water Management System of Augsburg,cultural,['Germany'],['Europe'],2019,112.83,"[('ii', 'to exhibit an important interchange of human values, over a span of time or within a cultural area of the world, on developments in architecture or technology, monumental arts, town-planning or landscape design'), ('iv', 'to be an outstanding example of a type of building, architectural or technological ensemble or landscape which illustrates (a) significant stage(s) in human history')]"
1631,Frontiers of the Roman Empire – The Lower German Limes,cultural,"['Germany', 'Netherlands (Kingdom of the)']",['Europe'],2021,812.75,"[('ii', 'to exhibit an important interchange of human values, over a span of time or within a cultural area of the world, on developments in architecture or technology, monumental arts, town-planning or landscape design'), ('iii', 'to bear a unique or at least exceptional testimony to a cultural tradition or to a civilization which is living or which has disappeared'), ('iv', 'to be an outstanding example of a type of building, architectural or technological ensemble or landscape which illustrates (a) significant stage(s) in human history')]"
1614,Mathildenhöhe Darmstadt,cultural,['Germany'],['Europe'],2021,5.37,"[('ii', 'to exhibit an important interchange of human values, over a span of time or within a cultural area of the world, on developments in architecture or technology, monumental arts, town-planning or landscape design'), ('iv', 'to be an outstanding example of a type of building, architectural or technological ensemble or landscape which illustrates (a) significant stage(s) in human history')]"
1636,"ShUM Sites of Speyer, Worms and Mainz",cultural,['Germany'],['Europe'],2021,5.56,"[('ii', 'to exhibit an important interchange of human values, over a span of time or within a cultural area of the world, on developments in architecture or technology, monumental arts, town-planning or landscape design'), ('iii', 'to bear a unique or at least exceptional testimony to a cultural tradition or to a civilization which is living or which has disappeared'), ('vi', 'to be directly or tangibly associated with events or living traditions, with ideas, or with beliefs, with artistic and literary works of outstanding universal significance. (The Committee considers that this criterion should preferably be used in conjunction with other criteria)')]"
1656,Jewish-Medieval Heritage of Erfurt,cultural,['Germany'],['Europe'],2023,ni podatka,"[('iv', 'to be an outstanding example of a type of building, architectural or technological ensemble or landscape which illustrates (a) significant stage(s) in human history')]"
1705,Schwerin Residence Ensemble,cultural,['Germany'],['Europe'],2024,2275.77,"[('iv', 'to be an outstanding example of a type of building, architectural or technological ensemble or landscape which illustrates (a) significant stage(s) in human history')]"
1726,"The Palaces of King Ludwig II of Bavaria: Neuschwanstein, Linderhof, Schachen and Herrenchiemsee",cultural,['Germany'],['Europe'],2025,75.875,"[('iv', 'to be an outstanding example of a type of building, architectural or technological ensemble or landscape which illustrates (a) significant stage(s) in human history')]"
34,"Forts and Castles, Volta, Greater Accra, Central and Western Regions",cultural,['Ghana'],['Africa'],1979,ni podatka,"[('vi', 'to be directly or tangibly associated with events or living traditions, with ideas, or with beliefs, with artistic and literary works of outstanding universal significance. (The Committee considers that this criterion should preferably be used in conjunction with other criteria)')]"
35,Asante Traditional Buildings,cultural,['Ghana'],['Africa'],1980,ni podatka,"[('v', 'to be an outstanding example of a traditional human settlement, land-use, or sea-use which is representative of a culture (or cultures), or human interaction with the environment especially when it has become vulnerable under the impact of irreversible change')]"
392,Temple of Apollo Epicurius at Bassae,cultural,['Greece'],['Europe'],1986,20.46,"[('i', 'to represent a masterpiece of human creative genius'), ('ii', 'to exhibit an important interchange of human values, over a span of time or within a cultural area of the world, on developments in architecture or technology, monumental arts, town-planning or landscape design'), ('iii', 'to bear a unique or at least exceptional testimony to a cultural tradition or to a civilization which is living or which has disappeared')]"
404,"Acropolis, Athens",cultural,['Greece'],['Europe'],1987,3.04,"[('i', 'to represent a masterpiece of human creative genius'), ('ii', 'to exhibit an important interchange of human values, over a span of time or within a cultural area of the world, on developments in architecture or technology, monumental arts, town-planning or landscape design'), ('iii', 'to bear a unique or at least exceptional testimony to a cultural tradition or to a civilization which is living or which has disappeared'), ('iv', 'to be an outstanding example of a type of building, architectural or technological ensemble or landscape which illustrates (a) significant stage(s) in human history'), ('vi', 'to be directly or tangibly associated with events or living traditions, with ideas, or with beliefs, with artistic and literary works of outstanding universal significance. (The Committee considers that this criterion should preferably be used in conjunction with other criteria)')]"
393,Archaeological Site of Delphi,cultural,['Greece'],['Europe'],1987,51.04,"[('i', 'to represent a masterpiece of human creative genius'), ('ii', 'to exhibit an important interchange of human values, over a span of time or within a cultural area of the world, on developments in architecture or technology, monumental arts, town-planning or landscape design'), ('iii', 'to bear a unique or at least exceptional testimony to a cultural tradition or to a civilization which is living or which has disappeared'), ('iv', 'to be an outstanding example of a type of building, architectural or technological ensemble or landscape which illustrates (a) significant stage(s) in human history'), ('vi', 'to be directly or tangibly associated with events or living traditions, with ideas, or with beliefs, with artistic and literary works of outstanding universal significance. (The Committee considers that this criterion should preferably be used in conjunction with other criteria)')]"
493,Medieval City of Rhodes,cultural,['Greece'],['Europe'],1988,65.85,"[('ii', 'to exhibit an important interchange of human values, over a span of time or within a cultural area of the world, on developments in architecture or technology, monumental arts, town-planning or landscape design'), ('iv', 'to be an outstanding example of a type of building, architectural or technological ensemble or landscape which illustrates (a) significant stage(s) in human history'), ('v', 'to be an outstanding example of a traditional human settlement, land-use, or sea-use which is representative of a culture (or cultures), or human interaction with the environment especially when it has become vulnerable under the impact of irreversible change')]"
455,Meteora,mixed,['Greece'],['Europe'],1988,271.87,"[('i', 'to represent a masterpiece of human creative genius'), ('ii', 'to exhibit an important interchange of human values, over a span of time or within a cultural area of the world, on developments in architecture or technology, monumental arts, town-planning or landscape design'), ('iv', 'to be an outstanding example of a type of building, architectural or technological ensemble or landscape which illustrates (a) significant stage(s) in human history'), ('v', 'to be an outstanding example of a traditional human settlement, land-use, or sea-use which is representative of a culture (or cultures), or human interaction with the environment especially when it has become vulnerable under the impact of irreversible change'), ('vii', 'to contain superlative natural phenomena or areas of exceptional natural beauty and aesthetic importance')]"
454,Mount Athos,mixed,['Greece'],['Europe'],1988,33042.3,"[('i', 'to represent a masterpiece of human creative genius'), ('ii', 'to exhibit an important interchange of human values, over a span of time or within a cultural area of the world, on developments in architecture or technology, monumental arts, town-planning or landscape design'), ('iv', 'to be an outstanding example of a type of building, architectural or technological ensemble or landscape which illustrates (a) significant stage(s) in human history'), ('v', 'to be an outstanding example of a traditional human settlement, land-use, or sea-use which is representative of a culture (or cultures), or human interaction with the environment especially when it has become vulnerable under the impact of irreversible change'), ('vi', 'to be directly or tangibly associated with events or living traditions, with ideas, or with beliefs, with artistic and literary works of outstanding universal significance. (The Committee considers that this criterion should preferably be used in conjunction with other criteria)'), ('vii', 'to contain superlative natural phenomena or areas of exceptional natural beauty and aesthetic importance')]"
456,Paleochristian and Byzantine Monuments of Thessalonika,cultural,['Greece'],['Europe'],1988,5.327,"[('i', 'to represent a masterpiece of human creative genius'), ('ii', 'to exhibit an important interchange of human values, over a span of time or within a cultural area of the world, on developments in architecture or technology, monumental arts, town-planning or landscape design'), ('iv', 'to be an outstanding example of a type of building, architectural or technological ensemble or landscape which illustrates (a) significant stage(s) in human history')]"
491,Sanctuary of Asklepios at Epidaurus,cultural,['Greece'],['Europe'],1988,1393.8,"[('i', 'to represent a masterpiece of human creative genius'), ('ii', 'to exhibit an important interchange of human values, over a span of time or within a cultural area of the world, on developments in architecture or technology, monumental arts, town-planning or landscape design'), ('iii', 'to bear a unique or at least exceptional testimony to a cultural tradition or to a civilization which is living or which has disappeared'), ('iv', 'to be an outstanding example of a type of building, architectural or technological ensemble or landscape which illustrates (a) significant stage(s) in human history'), ('vi', 'to be directly or tangibly associated with events or living traditions, with ideas, or with beliefs, with artistic and literary works of outstanding universal significance. (The Committee considers that this criterion should preferably be used in conjunction with other criteria)')]"
511,Archaeological Site of Mystras,cultural,['Greece'],['Europe'],1989,54.43,"[('ii', 'to exhibit an important interchange of human values, over a span of time or within a cultural area of the world, on developments in architecture or technology, monumental arts, town-planning or landscape design'), ('iii', 'to bear a unique or at least exceptional testimony to a cultural tradition or to a civilization which is living or which has disappeared'), ('iv', 'to be an outstanding example of a type of building, architectural or technological ensemble or landscape which illustrates (a) significant stage(s) in human history')]"
517,Archaeological Site of Olympia,cultural,['Greece'],['Europe'],1989,105.6,"[('i', 'to represent a masterpiece of human creative genius'), ('ii', 'to exhibit an important interchange of human values, over a span of time or within a cultural area of the world, on developments in architecture or technology, monumental arts, town-planning or landscape design'), ('iii', 'to bear a unique or at least exceptional testimony to a cultural tradition or to a civilization which is living or which has disappeared'), ('iv', 'to be an outstanding example of a type of building, architectural or technological ensemble or landscape which illustrates (a) significant stage(s) in human history'), ('vi', 'to be directly or tangibly associated with events or living traditions, with ideas, or with beliefs, with artistic and literary works of outstanding universal significance. (The Committee considers that this criterion should preferably be used in conjunction with other criteria)')]"
530,Delos,cultural,['Greece'],['Europe'],1990,350.64,"[('ii', 'to exhibit an important interchange of human values, over a span of time or within a cultural area of the world, on developments in architecture or technology, monumental arts, town-planning or landscape design'), ('iii', 'to bear a unique or at least exceptional testimony to a cultural tradition or to a civilization which is living or which has disappeared'), ('iv', 'to be an outstanding example of a type of building, architectural or technological ensemble or landscape which illustrates (a) significant stage(s) in human history'), ('vi', 'to be directly or tangibly associated with events or living traditions, with ideas, or with beliefs, with artistic and literary works of outstanding universal significance. (The Committee considers that this criterion should preferably be used in conjunction with other criteria)')]"
537,"Monasteries of Daphni, Hosios Loukas and Nea Moni of Chios",cultural,['Greece'],['Europe'],1990,3.7,"[('i', 'to represent a masterpiece of human creative genius'), ('iv', 'to be an outstanding example of a type of building, architectural or technological ensemble or landscape which illustrates (a) significant stage(s) in human history')]"
595,Pythagoreion and Heraion of Samos,cultural,['Greece'],['Europe'],1992,668.35,"[('ii', 'to exhibit an important interchange of human values, over a span of time or within a cultural area of the world, on developments in architecture or technology, monumental arts, town-planning or landscape design'), ('iii', 'to bear a unique or at least exceptional testimony to a cultural tradition or to a civilization which is living or which has disappeared')]"
780,Archaeological Site of Aigai (modern name Vergina),cultural,['Greece'],['Europe'],1996,1420.81,"[('i', 'to represent a masterpiece of human creative genius'), ('iii', 'to bear a unique or at least exceptional testimony to a cultural tradition or to a civilization which is living or which has disappeared')]"
941,Archaeological Sites of Mycenae and Tiryns,cultural,['Greece'],['Europe'],1999,ni podatka,"[('i', 'to represent a masterpiece of human creative genius'), ('ii', 'to exhibit an important interchange of human values, over a span of time or within a cultural area of the world, on developments in architecture or technology, monumental arts, town-planning or landscape design'), ('iii', 'to bear a unique or at least exceptional testimony to a cultural tradition or to a civilization which is living or which has disappeared'), ('iv', 'to be an outstanding example of a type of building, architectural or technological ensemble or landscape which illustrates (a) significant stage(s) in human history'), ('vi', 'to be directly or tangibly associated with events or living traditions, with ideas, or with beliefs, with artistic and literary works of outstanding universal significance. (The Committee considers that this criterion should preferably be used in conjunction with other criteria)')]"
942,The Historic Centre (Chorá) with the Monastery of Saint-John the Theologian and the Cave of the Apocalypse on the Island of Pátmos,cultural,['Greece'],['Europe'],1999,ni podatka,"[('iii', 'to bear a unique or at least exceptional testimony to a cultural tradition or to a civilization which is living or which has disappeared'), ('iv', 'to be an outstanding example of a type of building, architectural or technological ensemble or landscape which illustrates (a) significant stage(s) in human history'), ('vi', 'to be directly or tangibly associated with events or living traditions, with ideas, or with beliefs, with artistic and literary works of outstanding universal significance. (The Committee considers that this criterion should preferably be used in conjunction with other criteria)')]"
978,Old Town of Corfu,cultural,['Greece'],['Europe'],2007,70,"[('iv', 'to be an outstanding example of a type of building, architectural or technological ensemble or landscape which illustrates (a) significant stage(s) in human history')]"
1517,Archaeological Site of Philippi,cultural,['Greece'],['Europe'],2016,87.545,"[('iii', 'to bear a unique or at least exceptional testimony to a cultural tradition or to a civilization which is living or which has disappeared'), ('iv', 'to be an outstanding example of a type of building, architectural or technological ensemble or landscape which illustrates (a) significant stage(s) in human history')]"
1695,Zagori Cultural Landscape,cultural,['Greece'],['Europe'],2023,ni podatka,"[('v', 'to be an outstanding example of a traditional human settlement, land-use, or sea-use which is representative of a culture (or cultures), or human interaction with the environment especially when it has become vulnerable under the impact of irreversible change')]"
1733,Minoan Palatial Centres,cultural,['Greece'],['Europe'],2025,29.512,"[('ii', 'to exhibit an important interchange of human values, over a span of time or within a cultural area of the world, on developments in architecture or technology, monumental arts, town-planning or landscape design'), ('iii', 'to bear a unique or at least exceptional testimony to a cultural tradition or to a civilization which is living or which has disappeared'), ('iv', 'to be an outstanding example of a type of building, architectural or technological ensemble or landscape which illustrates (a) significant stage(s) in human history'), ('vi', 'to be directly or tangibly associated with events or living traditions, with ideas, or with beliefs, with artistic and literary works of outstanding universal significance. (The Committee considers that this criterion should preferably be used in conjunction with other criteria)')]"
65,Antigua Guatemala,cultural,['Guatemala'],['North America'],1979,ni podatka,"[('ii', 'to exhibit an important interchange of human values, over a span of time or within a cultural area of the world, on developments in architecture or technology, monumental arts, town-planning or landscape design'), ('iii', 'to bear a unique or at least exceptional testimony to a cultural tradition or to a civilization which is living or which has disappeared'), ('iv', 'to be an outstanding example of a type of building, architectural or technological ensemble or landscape which illustrates (a) significant stage(s) in human history')]"
64,Tikal National Park,mixed,['Guatemala'],['North America'],1979,57600,"[('i', 'to represent a masterpiece of human creative genius'), ('iii', 'to bear a unique or at least exceptional testimony to a cultural tradition or to a civilization which is living or which has disappeared'), ('iv', 'to be an outstanding example of a type of building, architectural or technological ensemble or landscape which illustrates (a) significant stage(s) in human history'), ('ix', 'to be outstanding examples representing significant on-going ecological and biological processes in the evolution and development of terrestrial, fresh water, coastal and marine ecosystems and communities of plants and animals'), ('x', 'to contain the most important and significant natural habitats for in-situ conservation of biological diversity, including those containing threatened species of outstanding universal value from the point of view of science or conservation')]"
149,Archaeological Park and Ruins of Quirigua,cultural,['Guatemala'],['North America'],1981,34,"[('i', 'to represent a masterpiece of human creative genius'), ('ii', 'to exhibit an important interchange of human values, over a span of time or within a cultural area of the world, on developments in architecture or technology, monumental arts, town-planning or landscape design'), ('iv', 'to be an outstanding example of a type of building, architectural or technological ensemble or landscape which illustrates (a) significant stage(s) in human history')]"
1663,National Archaeological Park Tak’alik Ab’aj,cultural,['Guatemala'],['North America'],2023,15.38,"[('ii', 'to exhibit an important interchange of human values, over a span of time or within a cultural area of the world, on developments in architecture or technology, monumental arts, town-planning or landscape design'), ('iii', 'to bear a unique or at least exceptional testimony to a cultural tradition or to a civilization which is living or which has disappeared')]"
1431,Coastal and Marine Ecosystems of the Bijagós Archipelago – Omatí Minhô,natural,['Guinea-Bissau'],['Africa'],2025,394067.28,"[('ix', 'to be outstanding examples representing significant on-going ecological and biological processes in the evolution and development of terrestrial, fresh water, coastal and marine ecosystems and communities of plants and animals'), ('x', 'to contain the most important and significant natural habitats for in-situ conservation of biological diversity, including those containing threatened species of outstanding universal value from the point of view of science or conservation')]"
180,"National History Park – Citadel, Sans Souci, Ramiers",cultural,['Haiti'],['North America'],1982,25285.59,"[('iv', 'to be an outstanding example of a type of building, architectural or technological ensemble or landscape which illustrates (a) significant stage(s) in human history'), ('vi', 'to be directly or tangibly associated with events or living traditions, with ideas, or with beliefs, with artistic and literary works of outstanding universal significance. (The Committee considers that this criterion should preferably be used in conjunction with other criteria)')]"
91,"Historic Centre of Rome, the Properties of the Holy See in that City Enjoying Extraterritorial Rights and San Paolo Fuori le Mura",cultural,"['Holy See', 'Italy']",['Europe'],1980,1469.7,"[('i', 'to represent a masterpiece of human creative genius'), ('ii', 'to exhibit an important interchange of human values, over a span of time or within a cultural area of the world, on developments in architecture or technology, monumental arts, town-planning or landscape design'), ('iii', 'to bear a unique or at least exceptional testimony to a cultural tradition or to a civilization which is living or which has disappeared'), ('iv', 'to be an outstanding example of a type of building, architectural or technological ensemble or landscape which illustrates (a) significant stage(s) in human history'), ('vi', 'to be directly or tangibly associated with events or living traditions, with ideas, or with beliefs, with artistic and literary works of outstanding universal significance. (The Committee considers that this criterion should preferably be used in conjunction with other criteria)')]"
286,Vatican City,cultural,['Holy See'],['Europe'],1984,44,"[('i', 'to represent a masterpiece of human creative genius'), ('ii', 'to exhibit an important interchange of human values, over a span of time or within a cultural area of the world, on developments in architecture or technology, monumental arts, town-planning or landscape design'), ('iv', 'to be an outstanding example of a type of building, architectural or technological ensemble or landscape which illustrates (a) significant stage(s) in human history'), ('vi', 'to be directly or tangibly associated with events or living traditions, with ideas, or with beliefs, with artistic and literary works of outstanding universal significance. (The Committee considers that this criterion should preferably be used in conjunction with other criteria)')]"
129,Maya Site of Copan,cultural,['Honduras'],['North America'],1980,15.095,"[('iv', 'to be an outstanding example of a type of building, architectural or technological ensemble or landscape which illustrates (a) significant stage(s) in human history'), ('vi', 'to be directly or tangibly associated with events or living traditions, with ideas, or with beliefs, with artistic and literary works of outstanding universal significance. (The Committee considers that this criterion should preferably be used in conjunction with other criteria)')]"
196,Río Plátano Biosphere Reserve,natural_danger,['Honduras'],['North America'],1982,350000,"[('vii', 'to contain superlative natural phenomena or areas of exceptional natural beauty and aesthetic importance'), ('viii', ""to be outstanding examples representing major stages of earth's history, including the record of life, significant on-going geological processes in the development of landforms, or significant geomorphic or physiographic features""), ('ix', 'to be outstanding examples representing significant on-going ecological and biological processes in the evolution and development of terrestrial, fresh water, coastal and marine ecosystems and communities of plants and animals'), ('x', 'to contain the most important and significant natural habitats for in-situ conservation of biological diversity, including those containing threatened species of outstanding universal value from the point of view of science or conservation')]"
400,"Budapest, including the Banks of the Danube, the Buda Castle Quarter and Andrássy Avenue",cultural,['Hungary'],['Europe'],1987,473.3,"[('ii', 'to exhibit an important interchange of human values, over a span of time or within a cultural area of the world, on developments in architecture or technology, monumental arts, town-planning or landscape design'), ('iv', 'to be an outstanding example of a type of building, architectural or technological ensemble or landscape which illustrates (a) significant stage(s) in human history')]"
401,Old Village of Hollókő and its Surroundings,cultural,['Hungary'],['Europe'],1987,144.5,"[('v', 'to be an outstanding example of a traditional human settlement, land-use, or sea-use which is representative of a culture (or cultures), or human interaction with the environment especially when it has become vulnerable under the impact of irreversible change')]"
725,Caves of Aggtelek Karst and Slovak Karst,natural,"['Hungary', 'Slovakia']",['Europe'],1995,56650.57,"[('viii', ""to be outstanding examples representing major stages of earth's history, including the record of life, significant on-going geological processes in the development of landforms, or significant geomorphic or physiographic features"")]"
758,Millenary Benedictine Abbey of Pannonhalma and its Natural Environment,cultural,['Hungary'],['Europe'],1996,47.4,"[('iv', 'to be an outstanding example of a type of building, architectural or technological ensemble or landscape which illustrates (a) significant stage(s) in human history'), ('vi', 'to be directly or tangibly associated with events or living traditions, with ideas, or with beliefs, with artistic and literary works of outstanding universal significance. (The Committee considers that this criterion should preferably be used in conjunction with other criteria)')]"
474,Hortobágy National Park - the <i>Puszta</i>,cultural,['Hungary'],['Europe'],1999,74820,"[('iv', 'to be an outstanding example of a type of building, architectural or technological ensemble or landscape which illustrates (a) significant stage(s) in human history'), ('v', 'to be an outstanding example of a traditional human settlement, land-use, or sea-use which is representative of a culture (or cultures), or human interaction with the environment especially when it has become vulnerable under the impact of irreversible change')]"
853,Early Christian Necropolis of Pécs (Sopianae),cultural,['Hungary'],['Europe'],2000,3.76,"[('iii', 'to bear a unique or at least exceptional testimony to a cultural tradition or to a civilization which is living or which has disappeared'), ('iv', 'to be an outstanding example of a type of building, architectural or technological ensemble or landscape which illustrates (a) significant stage(s) in human history')]"
1063,Tokaj Wine Region Historic Cultural Landscape,cultural,['Hungary'],['Europe'],2002,13255,"[('iii', 'to bear a unique or at least exceptional testimony to a cultural tradition or to a civilization which is living or which has disappeared'), ('v', 'to be an outstanding example of a traditional human settlement, land-use, or sea-use which is representative of a culture (or cultures), or human interaction with the environment especially when it has become vulnerable under the impact of irreversible change')]"
1152,Þingvellir National Park,cultural,['Iceland'],['Europe'],2004,9270,"[('iii', 'to bear a unique or at least exceptional testimony to a cultural tradition or to a civilization which is living or which has disappeared'), ('vi', 'to be directly or tangibly associated with events or living traditions, with ideas, or with beliefs, with artistic and literary works of outstanding universal significance. (The Committee considers that this criterion should preferably be used in conjunction with other criteria)')]"
1267,Surtsey,natural,['Iceland'],['Europe'],2008,3370,"[('ix', 'to be outstanding examples representing significant on-going ecological and biological processes in the evolution and development of terrestrial, fresh water, coastal and marine ecosystems and communities of plants and animals')]"
1604,Vatnajökull National Park - Dynamic Nature of Fire and Ice,natural,['Iceland'],['Europe'],2019,1482000,"[('viii', ""to be outstanding examples representing major stages of earth's history, including the record of life, significant on-going geological processes in the development of landforms, or significant geomorphic or physiographic features"")]"
251,Agra Fort,cultural,['India'],['Asia'],1983,ni podatka,"[('iii', 'to bear a unique or at least exceptional testimony to a cultural tradition or to a civilization which is living or which has disappeared')]"
242,Ajanta Caves,cultural,['India'],['Asia'],1983,8242,"[('i', 'to represent a masterpiece of human creative genius'), ('ii', 'to exhibit an important interchange of human values, over a span of time or within a cultural area of the world, on developments in architecture or technology, monumental arts, town-planning or landscape design'), ('iii', 'to bear a unique or at least exceptional testimony to a cultural tradition or to a civilization which is living or which has disappeared'), ('vi', 'to be directly or tangibly associated with events or living traditions, with ideas, or with beliefs, with artistic and literary works of outstanding universal significance. (The Committee considers that this criterion should preferably be used in conjunction with other criteria)')]"
243,Ellora Caves,cultural,['India'],['Asia'],1983,ni podatka,"[('i', 'to represent a masterpiece of human creative genius'), ('iii', 'to bear a unique or at least exceptional testimony to a cultural tradition or to a civilization which is living or which has disappeared'), ('vi', 'to be directly or tangibly associated with events or living traditions, with ideas, or with beliefs, with artistic and literary works of outstanding universal significance. (The Committee considers that this criterion should preferably be used in conjunction with other criteria)')]"
252,Taj Mahal,cultural,['India'],['Asia'],1983,ni podatka,"[('i', 'to represent a masterpiece of human creative genius')]"
249,Group of Monuments at Mahabalipuram,cultural,['India'],['Asia'],1984,ni podatka,"[('i', 'to represent a masterpiece of human creative genius'), ('ii', 'to exhibit an important interchange of human values, over a span of time or within a cultural area of the world, on developments in architecture or technology, monumental arts, town-planning or landscape design'), ('iii', 'to bear a unique or at least exceptional testimony to a cultural tradition or to a civilization which is living or which has disappeared'), ('vi', 'to be directly or tangibly associated with events or living traditions, with ideas, or with beliefs, with artistic and literary works of outstanding universal significance. (The Committee considers that this criterion should preferably be used in conjunction with other criteria)')]"
246,"Sun Temple, Konârak",cultural,['India'],['Asia'],1984,10.62,"[('i', 'to represent a masterpiece of human creative genius'), ('iii', 'to bear a unique or at least exceptional testimony to a cultural tradition or to a civilization which is living or which has disappeared'), ('vi', 'to be directly or tangibly associated with events or living traditions, with ideas, or with beliefs, with artistic and literary works of outstanding universal significance. (The Committee considers that this criterion should preferably be used in conjunction with other criteria)')]"
337,Kaziranga National Park,natural,['India'],['Asia'],1985,42996,"[('ix', 'to be outstanding examples representing significant on-going ecological and biological processes in the evolution and development of terrestrial, fresh water, coastal and marine ecosystems and communities of plants and animals'), ('x', 'to contain the most important and significant natural habitats for in-situ conservation of biological diversity, including those containing threatened species of outstanding universal value from the point of view of science or conservation')]"
340,Keoladeo National Park,natural,['India'],['Asia'],1985,2873,"[('x', 'to contain the most important and significant natural habitats for in-situ conservation of biological diversity, including those containing threatened species of outstanding universal value from the point of view of science or conservation')]"
338,Manas Wildlife Sanctuary,natural,['India'],['Asia'],1985,39100,"[('vii', 'to contain superlative natural phenomena or areas of exceptional natural beauty and aesthetic importance'), ('ix', 'to be outstanding examples representing significant on-going ecological and biological processes in the evolution and development of terrestrial, fresh water, coastal and marine ecosystems and communities of plants and animals'), ('x', 'to contain the most important and significant natural habitats for in-situ conservation of biological diversity, including those containing threatened species of outstanding universal value from the point of view of science or conservation')]"
234,Churches and Convents of Goa,cultural,['India'],['Asia'],1986,ni podatka,"[('ii', 'to exhibit an important interchange of human values, over a span of time or within a cultural area of the world, on developments in architecture or technology, monumental arts, town-planning or landscape design'), ('iv', 'to be an outstanding example of a type of building, architectural or technological ensemble or landscape which illustrates (a) significant stage(s) in human history'), ('vi', 'to be directly or tangibly associated with events or living traditions, with ideas, or with beliefs, with artistic and literary works of outstanding universal significance. (The Committee considers that this criterion should preferably be used in conjunction with other criteria)')]"
255,Fatehpur Sikri,cultural,['India'],['Asia'],1986,ni podatka,"[('ii', 'to exhibit an important interchange of human values, over a span of time or within a cultural area of the world, on developments in architecture or technology, monumental arts, town-planning or landscape design'), ('iii', 'to bear a unique or at least exceptional testimony to a cultural tradition or to a civilization which is living or which has disappeared'), ('iv', 'to be an outstanding example of a type of building, architectural or technological ensemble or landscape which illustrates (a) significant stage(s) in human history')]"
241,Group of Monuments at Hampi,cultural,['India'],['Asia'],1986,4187.24,"[('i', 'to represent a masterpiece of human creative genius'), ('iii', 'to bear a unique or at least exceptional testimony to a cultural tradition or to a civilization which is living or which has disappeared'), ('iv', 'to be an outstanding example of a type of building, architectural or technological ensemble or landscape which illustrates (a) significant stage(s) in human history')]"
240,Khajuraho Group of Monuments,cultural,['India'],['Asia'],1986,ni podatka,"[('i', 'to represent a masterpiece of human creative genius'), ('iii', 'to bear a unique or at least exceptional testimony to a cultural tradition or to a civilization which is living or which has disappeared')]"
244,Elephanta Caves,cultural,['India'],['Asia'],1987,ni podatka,"[('i', 'to represent a masterpiece of human creative genius'), ('iii', 'to bear a unique or at least exceptional testimony to a cultural tradition or to a civilization which is living or which has disappeared')]"
250,Great Living Chola Temples,cultural,['India'],['Asia'],1987,21.74,"[('ii', 'to exhibit an important interchange of human values, over a span of time or within a cultural area of the world, on developments in architecture or technology, monumental arts, town-planning or landscape design'), ('iii', 'to bear a unique or at least exceptional testimony to a cultural tradition or to a civilization which is living or which has disappeared')]"
239,Group of Monuments at Pattadakal,cultural,['India'],['Asia'],1987,5.56,"[('iii', 'to bear a unique or at least exceptional testimony to a cultural tradition or to a civilization which is living or which has disappeared'), ('iv', 'to be an outstanding example of a type of building, architectural or technological ensemble or landscape which illustrates (a) significant stage(s) in human history')]"
452,Sundarbans National Park,natural,['India'],['Asia'],1987,133010,"[('ix', 'to be outstanding examples representing significant on-going ecological and biological processes in the evolution and development of terrestrial, fresh water, coastal and marine ecosystems and communities of plants and animals'), ('x', 'to contain the most important and significant natural habitats for in-situ conservation of biological diversity, including those containing threatened species of outstanding universal value from the point of view of science or conservation')]"
335,Nanda Devi and Valley of Flowers National Parks,natural,['India'],['Asia'],1988,71210,"[('vii', 'to contain superlative natural phenomena or areas of exceptional natural beauty and aesthetic importance'), ('x', 'to contain the most important and significant natural habitats for in-situ conservation of biological diversity, including those containing threatened species of outstanding universal value from the point of view of science or conservation')]"
524,Buddhist Monuments at Sanchi,cultural,['India'],['Asia'],1989,ni podatka,"[('i', 'to represent a masterpiece of human creative genius'), ('ii', 'to exhibit an important interchange of human values, over a span of time or within a cultural area of the world, on developments in architecture or technology, monumental arts, town-planning or landscape design'), ('iii', 'to bear a unique or at least exceptional testimony to a cultural tradition or to a civilization which is living or which has disappeared'), ('iv', 'to be an outstanding example of a type of building, architectural or technological ensemble or landscape which illustrates (a) significant stage(s) in human history'), ('vi', 'to be directly or tangibly associated with events or living traditions, with ideas, or with beliefs, with artistic and literary works of outstanding universal significance. (The Committee considers that this criterion should preferably be used in conjunction with other criteria)')]"
232,"Humayun's Tomb, Delhi",cultural,['India'],['Asia'],1993,27.04,"[('ii', 'to exhibit an important interchange of human values, over a span of time or within a cultural area of the world, on developments in architecture or technology, monumental arts, town-planning or landscape design'), ('iv', 'to be an outstanding example of a type of building, architectural or technological ensemble or landscape which illustrates (a) significant stage(s) in human history')]"
233,"Qutb Minar and its Monuments, Delhi",cultural,['India'],['Asia'],1993,ni podatka,"[('iv', 'to be an outstanding example of a type of building, architectural or technological ensemble or landscape which illustrates (a) significant stage(s) in human history')]"
944,Mountain Railways of India,cultural,['India'],['Asia'],1999,88.99,"[('ii', 'to exhibit an important interchange of human values, over a span of time or within a cultural area of the world, on developments in architecture or technology, monumental arts, town-planning or landscape design'), ('iv', 'to be an outstanding example of a type of building, architectural or technological ensemble or landscape which illustrates (a) significant stage(s) in human history')]"
1056,Mahabodhi Temple Complex at Bodh Gaya,cultural,['India'],['Asia'],2002,4.86,"[('i', 'to represent a masterpiece of human creative genius'), ('ii', 'to exhibit an important interchange of human values, over a span of time or within a cultural area of the world, on developments in architecture or technology, monumental arts, town-planning or landscape design'), ('iii', 'to bear a unique or at least exceptional testimony to a cultural tradition or to a civilization which is living or which has disappeared'), ('iv', 'to be an outstanding example of a type of building, architectural or technological ensemble or landscape which illustrates (a) significant stage(s) in human history'), ('vi', 'to be directly or tangibly associated with events or living traditions, with ideas, or with beliefs, with artistic and literary works of outstanding universal significance. (The Committee considers that this criterion should preferably be used in conjunction with other criteria)')]"
925,Rock Shelters of Bhimbetka,cultural,['India'],['Asia'],2003,1893,"[('iii', 'to bear a unique or at least exceptional testimony to a cultural tradition or to a civilization which is living or which has disappeared'), ('v', 'to be an outstanding example of a traditional human settlement, land-use, or sea-use which is representative of a culture (or cultures), or human interaction with the environment especially when it has become vulnerable under the impact of irreversible change')]"
1101,Champaner-Pavagadh Archaeological Park,cultural,['India'],['Asia'],2004,1328.89,"[('iii', 'to bear a unique or at least exceptional testimony to a cultural tradition or to a civilization which is living or which has disappeared'), ('iv', 'to be an outstanding example of a type of building, architectural or technological ensemble or landscape which illustrates (a) significant stage(s) in human history'), ('v', 'to be an outstanding example of a traditional human settlement, land-use, or sea-use which is representative of a culture (or cultures), or human interaction with the environment especially when it has become vulnerable under the impact of irreversible change'), ('vi', 'to be directly or tangibly associated with events or living traditions, with ideas, or with beliefs, with artistic and literary works of outstanding universal significance. (The Committee considers that this criterion should preferably be used in conjunction with other criteria)')]"
945,Chhatrapati Shivaji Terminus (formerly Victoria Terminus),cultural,['India'],['Asia'],2004,2.85,"[('ii', 'to exhibit an important interchange of human values, over a span of time or within a cultural area of the world, on developments in architecture or technology, monumental arts, town-planning or landscape design'), ('iv', 'to be an outstanding example of a type of building, architectural or technological ensemble or landscape which illustrates (a) significant stage(s) in human history')]"
231,Red Fort Complex,cultural,['India'],['Asia'],2007,49.1815,"[('ii', 'to exhibit an important interchange of human values, over a span of time or within a cultural area of the world, on developments in architecture or technology, monumental arts, town-planning or landscape design'), ('iii', 'to bear a unique or at least exceptional testimony to a cultural tradition or to a civilization which is living or which has disappeared'), ('vi', 'to be directly or tangibly associated with events or living traditions, with ideas, or with beliefs, with artistic and literary works of outstanding universal significance. (The Committee considers that this criterion should preferably be used in conjunction with other criteria)')]"
1338,"The Jantar Mantar, Jaipur",cultural,['India'],['Asia'],2010,1.8652,"[('iii', 'to bear a unique or at least exceptional testimony to a cultural tradition or to a civilization which is living or which has disappeared'), ('iv', 'to be an outstanding example of a type of building, architectural or technological ensemble or landscape which illustrates (a) significant stage(s) in human history')]"
1342,Western Ghats,natural,['India'],['Asia'],2012,795315,"[('ix', 'to be outstanding examples representing significant on-going ecological and biological processes in the evolution and development of terrestrial, fresh water, coastal and marine ecosystems and communities of plants and animals'), ('x', 'to contain the most important and significant natural habitats for in-situ conservation of biological diversity, including those containing threatened species of outstanding universal value from the point of view of science or conservation')]"
247,Hill Forts of Rajasthan,cultural,['India'],['Asia'],2013,736,"[('ii', 'to exhibit an important interchange of human values, over a span of time or within a cultural area of the world, on developments in architecture or technology, monumental arts, town-planning or landscape design'), ('iii', 'to bear a unique or at least exceptional testimony to a cultural tradition or to a civilization which is living or which has disappeared')]"
1406,Great Himalayan National Park Conservation Area,natural,['India'],['Asia'],2014,90540,"[('x', 'to contain the most important and significant natural habitats for in-situ conservation of biological diversity, including those containing threatened species of outstanding universal value from the point of view of science or conservation')]"
922,"Rani-ki-Vav (the Queen’s Stepwell) at Patan, Gujarat",cultural,['India'],['Asia'],2014,4.68,"[('i', 'to represent a masterpiece of human creative genius'), ('iv', 'to be an outstanding example of a type of building, architectural or technological ensemble or landscape which illustrates (a) significant stage(s) in human history')]"
1502,"Archaeological Site of Nalanda Mahavihara at Nalanda, Bihar",cultural,['India'],['Asia'],2016,23,"[('iv', 'to be an outstanding example of a type of building, architectural or technological ensemble or landscape which illustrates (a) significant stage(s) in human history'), ('vi', 'to be directly or tangibly associated with events or living traditions, with ideas, or with beliefs, with artistic and literary works of outstanding universal significance. (The Committee considers that this criterion should preferably be used in conjunction with other criteria)')]"
1513,Khangchendzonga National Park,mixed,['India'],['Asia'],2016,178400,"[('iii', 'to bear a unique or at least exceptional testimony to a cultural tradition or to a civilization which is living or which has disappeared'), ('vi', 'to be directly or tangibly associated with events or living traditions, with ideas, or with beliefs, with artistic and literary works of outstanding universal significance. (The Committee considers that this criterion should preferably be used in conjunction with other criteria)'), ('vii', 'to contain superlative natural phenomena or areas of exceptional natural beauty and aesthetic importance'), ('x', 'to contain the most important and significant natural habitats for in-situ conservation of biological diversity, including those containing threatened species of outstanding universal value from the point of view of science or conservation')]"
1551,Historic City of Ahmadabad,cultural,['India'],['Asia'],2017,535.7,"[('ii', 'to exhibit an important interchange of human values, over a span of time or within a cultural area of the world, on developments in architecture or technology, monumental arts, town-planning or landscape design'), ('v', 'to be an outstanding example of a traditional human settlement, land-use, or sea-use which is representative of a culture (or cultures), or human interaction with the environment especially when it has become vulnerable under the impact of irreversible change')]"
1480,Victorian Gothic and Art Deco Ensembles of Mumbai,cultural,['India'],['Asia'],2018,66.34,"[('ii', 'to exhibit an important interchange of human values, over a span of time or within a cultural area of the world, on developments in architecture or technology, monumental arts, town-planning or landscape design'), ('iv', 'to be an outstanding example of a type of building, architectural or technological ensemble or landscape which illustrates (a) significant stage(s) in human history')]"
1605,"Jaipur City, Rajasthan",cultural,['India'],['Asia'],2019,710,"[('ii', 'to exhibit an important interchange of human values, over a span of time or within a cultural area of the world, on developments in architecture or technology, monumental arts, town-planning or landscape design'), ('iv', 'to be an outstanding example of a type of building, architectural or technological ensemble or landscape which illustrates (a) significant stage(s) in human history'), ('vi', 'to be directly or tangibly associated with events or living traditions, with ideas, or with beliefs, with artistic and literary works of outstanding universal significance. (The Committee considers that this criterion should preferably be used in conjunction with other criteria)')]"
1645,Dholavira: a Harappan City,cultural,['India'],['Asia'],2021,103,"[('iii', 'to bear a unique or at least exceptional testimony to a cultural tradition or to a civilization which is living or which has disappeared'), ('iv', 'to be an outstanding example of a type of building, architectural or technological ensemble or landscape which illustrates (a) significant stage(s) in human history')]"
1570,"Kakatiya Rudreshwara (Ramappa) Temple, Telangana",cultural,['India'],['Asia'],2021,7.84,"[('i', 'to represent a masterpiece of human creative genius'), ('iii', 'to bear a unique or at least exceptional testimony to a cultural tradition or to a civilization which is living or which has disappeared')]"
1670,Sacred Ensembles of the Hoysalas,cultural,['India'],['Asia'],2023,10.47,"[('i', 'to represent a masterpiece of human creative genius'), ('ii', 'to exhibit an important interchange of human values, over a span of time or within a cultural area of the world, on developments in architecture or technology, monumental arts, town-planning or landscape design'), ('iv', 'to be an outstanding example of a type of building, architectural or technological ensemble or landscape which illustrates (a) significant stage(s) in human history')]"
1375,Santiniketan,cultural,['India'],['Asia'],2023,36,"[('iv', 'to be an outstanding example of a type of building, architectural or technological ensemble or landscape which illustrates (a) significant stage(s) in human history'), ('vi', 'to be directly or tangibly associated with events or living traditions, with ideas, or with beliefs, with artistic and literary works of outstanding universal significance. (The Committee considers that this criterion should preferably be used in conjunction with other criteria)')]"
1711,Moidams – the Mound-Burial System of the Ahom Dynasty,cultural,['India'],['Asia'],2024,96.5,"[('iii', 'to bear a unique or at least exceptional testimony to a cultural tradition or to a civilization which is living or which has disappeared'), ('iv', 'to be an outstanding example of a type of building, architectural or technological ensemble or landscape which illustrates (a) significant stage(s) in human history')]"
1739,Maratha Military Landscapes of India,cultural,['India'],['Asia'],2025,1577.63,"[('iv', 'to be an outstanding example of a type of building, architectural or technological ensemble or landscape which illustrates (a) significant stage(s) in human history'), ('vi', 'to be directly or tangibly associated with events or living traditions, with ideas, or with beliefs, with artistic and literary works of outstanding universal significance. (The Committee considers that this criterion should preferably be used in conjunction with other criteria)')]"
592,Borobudur Temple Compounds,cultural,['Indonesia'],['Asia'],1991,25.51,"[('i', 'to represent a masterpiece of human creative genius'), ('ii', 'to exhibit an important interchange of human values, over a span of time or within a cultural area of the world, on developments in architecture or technology, monumental arts, town-planning or landscape design'), ('vi', 'to be directly or tangibly associated with events or living traditions, with ideas, or with beliefs, with artistic and literary works of outstanding universal significance. (The Committee considers that this criterion should preferably be used in conjunction with other criteria)')]"
609,Komodo National Park,natural,['Indonesia'],['Asia'],1991,219322,"[('vii', 'to contain superlative natural phenomena or areas of exceptional natural beauty and aesthetic importance'), ('x', 'to contain the most important and significant natural habitats for in-situ conservation of biological diversity, including those containing threatened species of outstanding universal value from the point of view of science or conservation')]"
642,Prambanan Temple Compounds,cultural,['Indonesia'],['Asia'],1991,ni podatka,"[('i', 'to represent a masterpiece of human creative genius'), ('iv', 'to be an outstanding example of a type of building, architectural or technological ensemble or landscape which illustrates (a) significant stage(s) in human history')]"
608,Ujung Kulon National Park,natural,['Indonesia'],['Asia'],1991,78525,"[('vii', 'to contain superlative natural phenomena or areas of exceptional natural beauty and aesthetic importance'), ('x', 'to contain the most important and significant natural habitats for in-situ conservation of biological diversity, including those containing threatened species of outstanding universal value from the point of view of science or conservation')]"
593,Sangiran Early Man Site,cultural,['Indonesia'],['Asia'],1996,5600,"[('iii', 'to bear a unique or at least exceptional testimony to a cultural tradition or to a civilization which is living or which has disappeared'), ('vi', 'to be directly or tangibly associated with events or living traditions, with ideas, or with beliefs, with artistic and literary works of outstanding universal significance. (The Committee considers that this criterion should preferably be used in conjunction with other criteria)')]"
955,Lorentz National Park,natural,['Indonesia'],['Asia'],1999,2350000,"[('viii', ""to be outstanding examples representing major stages of earth's history, including the record of life, significant on-going geological processes in the development of landforms, or significant geomorphic or physiographic features""), ('ix', 'to be outstanding examples representing significant on-going ecological and biological processes in the evolution and development of terrestrial, fresh water, coastal and marine ecosystems and communities of plants and animals'), ('x', 'to contain the most important and significant natural habitats for in-situ conservation of biological diversity, including those containing threatened species of outstanding universal value from the point of view of science or conservation')]"
1167,Tropical Rainforest Heritage of Sumatra,natural_danger,['Indonesia'],['Asia'],2004,2595124,"[('vii', 'to contain superlative natural phenomena or areas of exceptional natural beauty and aesthetic importance'), ('ix', 'to be outstanding examples representing significant on-going ecological and biological processes in the evolution and development of terrestrial, fresh water, coastal and marine ecosystems and communities of plants and animals'), ('x', 'to contain the most important and significant natural habitats for in-situ conservation of biological diversity, including those containing threatened species of outstanding universal value from the point of view of science or conservation')]"
1194,Cultural Landscape of Bali Province: the <em>Subak</em> System as a Manifestation of the <em>Tri Hita Karana</em> Philosophy,cultural,['Indonesia'],['Asia'],2012,19519.9,"[('iii', 'to bear a unique or at least exceptional testimony to a cultural tradition or to a civilization which is living or which has disappeared'), ('v', 'to be an outstanding example of a traditional human settlement, land-use, or sea-use which is representative of a culture (or cultures), or human interaction with the environment especially when it has become vulnerable under the impact of irreversible change'), ('vi', 'to be directly or tangibly associated with events or living traditions, with ideas, or with beliefs, with artistic and literary works of outstanding universal significance. (The Committee considers that this criterion should preferably be used in conjunction with other criteria)')]"
1610,Ombilin Coal Mining Heritage of Sawahlunto,cultural,['Indonesia'],['Asia'],2019,268.18,"[('ii', 'to exhibit an important interchange of human values, over a span of time or within a cultural area of the world, on developments in architecture or technology, monumental arts, town-planning or landscape design'), ('iv', 'to be an outstanding example of a type of building, architectural or technological ensemble or landscape which illustrates (a) significant stage(s) in human history')]"
1671,The Cosmological Axis of Yogyakarta and its Historic Landmarks,cultural,['Indonesia'],['Asia'],2023,42.22,"[('ii', 'to exhibit an important interchange of human values, over a span of time or within a cultural area of the world, on developments in architecture or technology, monumental arts, town-planning or landscape design'), ('iii', 'to bear a unique or at least exceptional testimony to a cultural tradition or to a civilization which is living or which has disappeared')]"
115,"Meidan Emam, Esfahan",cultural,['Iran (Islamic Republic of)'],['Asia'],1979,ni podatka,"[('i', 'to represent a masterpiece of human creative genius'), ('v', 'to be an outstanding example of a traditional human settlement, land-use, or sea-use which is representative of a culture (or cultures), or human interaction with the environment especially when it has become vulnerable under the impact of irreversible change'), ('vi', 'to be directly or tangibly associated with events or living traditions, with ideas, or with beliefs, with artistic and literary works of outstanding universal significance. (The Committee considers that this criterion should preferably be used in conjunction with other criteria)')]"
114,Persepolis,cultural,['Iran (Islamic Republic of)'],['Asia'],1979,12.5,"[('i', 'to represent a masterpiece of human creative genius'), ('iii', 'to bear a unique or at least exceptional testimony to a cultural tradition or to a civilization which is living or which has disappeared'), ('vi', 'to be directly or tangibly associated with events or living traditions, with ideas, or with beliefs, with artistic and literary works of outstanding universal significance. (The Committee considers that this criterion should preferably be used in conjunction with other criteria)')]"
113,Tchogha Zanbil,cultural,['Iran (Islamic Republic of)'],['Asia'],1979,ni podatka,"[('iii', 'to bear a unique or at least exceptional testimony to a cultural tradition or to a civilization which is living or which has disappeared'), ('iv', 'to be an outstanding example of a type of building, architectural or technological ensemble or landscape which illustrates (a) significant stage(s) in human history')]"
1077,Takht-e Soleyman,cultural,['Iran (Islamic Republic of)'],['Asia'],2003,10,"[('i', 'to represent a masterpiece of human creative genius'), ('ii', 'to exhibit an important interchange of human values, over a span of time or within a cultural area of the world, on developments in architecture or technology, monumental arts, town-planning or landscape design'), ('iii', 'to bear a unique or at least exceptional testimony to a cultural tradition or to a civilization which is living or which has disappeared'), ('iv', 'to be an outstanding example of a type of building, architectural or technological ensemble or landscape which illustrates (a) significant stage(s) in human history'), ('vi', 'to be directly or tangibly associated with events or living traditions, with ideas, or with beliefs, with artistic and literary works of outstanding universal significance. (The Committee considers that this criterion should preferably be used in conjunction with other criteria)')]"
1208,Bam and its Cultural Landscape,cultural,['Iran (Islamic Republic of)'],['Asia'],2004,ni podatka,"[('ii', 'to exhibit an important interchange of human values, over a span of time or within a cultural area of the world, on developments in architecture or technology, monumental arts, town-planning or landscape design'), ('iii', 'to bear a unique or at least exceptional testimony to a cultural tradition or to a civilization which is living or which has disappeared'), ('iv', 'to be an outstanding example of a type of building, architectural or technological ensemble or landscape which illustrates (a) significant stage(s) in human history'), ('v', 'to be an outstanding example of a traditional human settlement, land-use, or sea-use which is representative of a culture (or cultures), or human interaction with the environment especially when it has become vulnerable under the impact of irreversible change')]"
1106,Pasargadae,cultural,['Iran (Islamic Republic of)'],['Asia'],2004,159.65,"[('i', 'to represent a masterpiece of human creative genius'), ('ii', 'to exhibit an important interchange of human values, over a span of time or within a cultural area of the world, on developments in architecture or technology, monumental arts, town-planning or landscape design'), ('iii', 'to bear a unique or at least exceptional testimony to a cultural tradition or to a civilization which is living or which has disappeared'), ('iv', 'to be an outstanding example of a type of building, architectural or technological ensemble or landscape which illustrates (a) significant stage(s) in human history')]"
1188,Soltaniyeh,cultural,['Iran (Islamic Republic of)'],['Asia'],2005,790.146,"[('ii', 'to exhibit an important interchange of human values, over a span of time or within a cultural area of the world, on developments in architecture or technology, monumental arts, town-planning or landscape design'), ('iii', 'to bear a unique or at least exceptional testimony to a cultural tradition or to a civilization which is living or which has disappeared'), ('iv', 'to be an outstanding example of a type of building, architectural or technological ensemble or landscape which illustrates (a) significant stage(s) in human history')]"
1222,Bisotun,cultural,['Iran (Islamic Republic of)'],['Asia'],2006,187,"[('ii', 'to exhibit an important interchange of human values, over a span of time or within a cultural area of the world, on developments in architecture or technology, monumental arts, town-planning or landscape design'), ('iii', 'to bear a unique or at least exceptional testimony to a cultural tradition or to a civilization which is living or which has disappeared')]"
1262,Armenian Monastic Ensembles of Iran,cultural,['Iran (Islamic Republic of)'],['Asia'],2008,129.2819,"[('ii', 'to exhibit an important interchange of human values, over a span of time or within a cultural area of the world, on developments in architecture or technology, monumental arts, town-planning or landscape design'), ('iii', 'to bear a unique or at least exceptional testimony to a cultural tradition or to a civilization which is living or which has disappeared'), ('vi', 'to be directly or tangibly associated with events or living traditions, with ideas, or with beliefs, with artistic and literary works of outstanding universal significance. (The Committee considers that this criterion should preferably be used in conjunction with other criteria)')]"
1315,Shushtar Historical Hydraulic System,cultural,['Iran (Islamic Republic of)'],['Asia'],2009,240.4152,"[('i', 'to represent a masterpiece of human creative genius'), ('ii', 'to exhibit an important interchange of human values, over a span of time or within a cultural area of the world, on developments in architecture or technology, monumental arts, town-planning or landscape design'), ('v', 'to be an outstanding example of a traditional human settlement, land-use, or sea-use which is representative of a culture (or cultures), or human interaction with the environment especially when it has become vulnerable under the impact of irreversible change')]"
1345,Sheikh Safi al-din Khānegāh and Shrine Ensemble in Ardabil,cultural,['Iran (Islamic Republic of)'],['Asia'],2010,2.1353,"[('i', 'to represent a masterpiece of human creative genius'), ('ii', 'to exhibit an important interchange of human values, over a span of time or within a cultural area of the world, on developments in architecture or technology, monumental arts, town-planning or landscape design'), ('iv', 'to be an outstanding example of a type of building, architectural or technological ensemble or landscape which illustrates (a) significant stage(s) in human history')]"
1346,Tabriz Historic Bazaar Complex,cultural,['Iran (Islamic Republic of)'],['Asia'],2010,28.9733,"[('ii', 'to exhibit an important interchange of human values, over a span of time or within a cultural area of the world, on developments in architecture or technology, monumental arts, town-planning or landscape design'), ('iii', 'to bear a unique or at least exceptional testimony to a cultural tradition or to a civilization which is living or which has disappeared'), ('iv', 'to be an outstanding example of a type of building, architectural or technological ensemble or landscape which illustrates (a) significant stage(s) in human history')]"
1372,The Persian Garden,cultural,['Iran (Islamic Republic of)'],['Asia'],2011,716.35,"[('i', 'to represent a masterpiece of human creative genius'), ('ii', 'to exhibit an important interchange of human values, over a span of time or within a cultural area of the world, on developments in architecture or technology, monumental arts, town-planning or landscape design'), ('iii', 'to bear a unique or at least exceptional testimony to a cultural tradition or to a civilization which is living or which has disappeared'), ('iv', 'to be an outstanding example of a type of building, architectural or technological ensemble or landscape which illustrates (a) significant stage(s) in human history'), ('vi', 'to be directly or tangibly associated with events or living traditions, with ideas, or with beliefs, with artistic and literary works of outstanding universal significance. (The Committee considers that this criterion should preferably be used in conjunction with other criteria)')]"
1398,Gonbad-e Qābus,cultural,['Iran (Islamic Republic of)'],['Asia'],2012,1.4754,"[('i', 'to represent a masterpiece of human creative genius'), ('ii', 'to exhibit an important interchange of human values, over a span of time or within a cultural area of the world, on developments in architecture or technology, monumental arts, town-planning or landscape design'), ('iii', 'to bear a unique or at least exceptional testimony to a cultural tradition or to a civilization which is living or which has disappeared'), ('iv', 'to be an outstanding example of a type of building, architectural or technological ensemble or landscape which illustrates (a) significant stage(s) in human history')]"
1397,Masjed-e Jāmé of Isfahan,cultural,['Iran (Islamic Republic of)'],['Asia'],2012,2.0756,"[('ii', 'to exhibit an important interchange of human values, over a span of time or within a cultural area of the world, on developments in architecture or technology, monumental arts, town-planning or landscape design')]"
1422,Golestan Palace,cultural,['Iran (Islamic Republic of)'],['Asia'],2013,5.3,"[('ii', 'to exhibit an important interchange of human values, over a span of time or within a cultural area of the world, on developments in architecture or technology, monumental arts, town-planning or landscape design'), ('iii', 'to bear a unique or at least exceptional testimony to a cultural tradition or to a civilization which is living or which has disappeared'), ('iv', 'to be an outstanding example of a type of building, architectural or technological ensemble or landscape which illustrates (a) significant stage(s) in human history')]"
1456,Shahr-i Sokhta,cultural,['Iran (Islamic Republic of)'],['Asia'],2014,275,"[('ii', 'to exhibit an important interchange of human values, over a span of time or within a cultural area of the world, on developments in architecture or technology, monumental arts, town-planning or landscape design'), ('iii', 'to bear a unique or at least exceptional testimony to a cultural tradition or to a civilization which is living or which has disappeared'), ('iv', 'to be an outstanding example of a type of building, architectural or technological ensemble or landscape which illustrates (a) significant stage(s) in human history')]"
1423,Cultural Landscape of Maymand,cultural,['Iran (Islamic Republic of)'],['Asia'],2015,4953.85,"[('v', 'to be an outstanding example of a traditional human settlement, land-use, or sea-use which is representative of a culture (or cultures), or human interaction with the environment especially when it has become vulnerable under the impact of irreversible change')]"
1455,Susa,cultural,['Iran (Islamic Republic of)'],['Asia'],2015,350,"[('i', 'to represent a masterpiece of human creative genius'), ('ii', 'to exhibit an important interchange of human values, over a span of time or within a cultural area of the world, on developments in architecture or technology, monumental arts, town-planning or landscape design'), ('iii', 'to bear a unique or at least exceptional testimony to a cultural tradition or to a civilization which is living or which has disappeared'), ('iv', 'to be an outstanding example of a type of building, architectural or technological ensemble or landscape which illustrates (a) significant stage(s) in human history')]"
1505,Lut Desert,natural,['Iran (Islamic Republic of)'],['Asia'],2016,2278015,"[('vii', 'to contain superlative natural phenomena or areas of exceptional natural beauty and aesthetic importance'), ('viii', ""to be outstanding examples representing major stages of earth's history, including the record of life, significant on-going geological processes in the development of landforms, or significant geomorphic or physiographic features"")]"
1506,The Persian Qanat,cultural,['Iran (Islamic Republic of)'],['Asia'],2016,19057,"[('iii', 'to bear a unique or at least exceptional testimony to a cultural tradition or to a civilization which is living or which has disappeared'), ('iv', 'to be an outstanding example of a type of building, architectural or technological ensemble or landscape which illustrates (a) significant stage(s) in human history')]"
1544,Historic City of Yazd,cultural,['Iran (Islamic Republic of)'],['Asia'],2017,195.67,"[('iii', 'to bear a unique or at least exceptional testimony to a cultural tradition or to a civilization which is living or which has disappeared'), ('v', 'to be an outstanding example of a traditional human settlement, land-use, or sea-use which is representative of a culture (or cultures), or human interaction with the environment especially when it has become vulnerable under the impact of irreversible change')]"
1568,Sassanid Archaeological Landscape of Fars Region,cultural,['Iran (Islamic Republic of)'],['Asia'],2018,639.3,"[('ii', 'to exhibit an important interchange of human values, over a span of time or within a cultural area of the world, on developments in architecture or technology, monumental arts, town-planning or landscape design'), ('iii', 'to bear a unique or at least exceptional testimony to a cultural tradition or to a civilization which is living or which has disappeared'), ('v', 'to be an outstanding example of a traditional human settlement, land-use, or sea-use which is representative of a culture (or cultures), or human interaction with the environment especially when it has become vulnerable under the impact of irreversible change')]"
1647,Cultural Landscape of Hawraman/Uramanat,cultural,['Iran (Islamic Republic of)'],['Asia'],2021,106307,"[('iii', 'to bear a unique or at least exceptional testimony to a cultural tradition or to a civilization which is living or which has disappeared'), ('v', 'to be an outstanding example of a traditional human settlement, land-use, or sea-use which is representative of a culture (or cultures), or human interaction with the environment especially when it has become vulnerable under the impact of irreversible change')]"
1585,Trans-Iranian Railway,cultural,['Iran (Islamic Republic of)'],['Asia'],2021,5784,"[('ii', 'to exhibit an important interchange of human values, over a span of time or within a cultural area of the world, on developments in architecture or technology, monumental arts, town-planning or landscape design'), ('iv', 'to be an outstanding example of a type of building, architectural or technological ensemble or landscape which illustrates (a) significant stage(s) in human history')]"
1668,The Persian Caravanserai,cultural,['Iran (Islamic Republic of)'],['Asia'],2023,30.34,"[('ii', 'to exhibit an important interchange of human values, over a span of time or within a cultural area of the world, on developments in architecture or technology, monumental arts, town-planning or landscape design'), ('iii', 'to bear a unique or at least exceptional testimony to a cultural tradition or to a civilization which is living or which has disappeared')]"
1716,Hegmataneh,cultural,['Iran (Islamic Republic of)'],['Asia'],2024,ni podatka,"[('ii', 'to exhibit an important interchange of human values, over a span of time or within a cultural area of the world, on developments in architecture or technology, monumental arts, town-planning or landscape design'), ('iii', 'to bear a unique or at least exceptional testimony to a cultural tradition or to a civilization which is living or which has disappeared')]"
1744,Prehistoric Sites of the Khorramabad Valley,cultural,['Iran (Islamic Republic of)'],['Asia'],2025,394.46,"[('iii', 'to bear a unique or at least exceptional testimony to a cultural tradition or to a civilization which is living or which has disappeared')]"
277,Hatra,cultural_danger,['Iraq'],['Asia'],1985,323.75,"[('ii', 'to exhibit an important interchange of human values, over a span of time or within a cultural area of the world, on developments in architecture or technology, monumental arts, town-planning or landscape design'), ('iii', 'to bear a unique or at least exceptional testimony to a cultural tradition or to a civilization which is living or which has disappeared'), ('iv', 'to be an outstanding example of a type of building, architectural or technological ensemble or landscape which illustrates (a) significant stage(s) in human history'), ('vi', 'to be directly or tangibly associated with events or living traditions, with ideas, or with beliefs, with artistic and literary works of outstanding universal significance. (The Committee considers that this criterion should preferably be used in conjunction with other criteria)')]"
1130,Ashur (Qal'at Sherqat),cultural_danger,['Iraq'],['Asia'],2003,70,"[('iii', 'to bear a unique or at least exceptional testimony to a cultural tradition or to a civilization which is living or which has disappeared'), ('iv', 'to be an outstanding example of a type of building, architectural or technological ensemble or landscape which illustrates (a) significant stage(s) in human history')]"
276,Samarra Archaeological City,cultural_danger,['Iraq'],['Asia'],2007,15058,"[('ii', 'to exhibit an important interchange of human values, over a span of time or within a cultural area of the world, on developments in architecture or technology, monumental arts, town-planning or landscape design'), ('iii', 'to bear a unique or at least exceptional testimony to a cultural tradition or to a civilization which is living or which has disappeared'), ('iv', 'to be an outstanding example of a type of building, architectural or technological ensemble or landscape which illustrates (a) significant stage(s) in human history')]"
1437,Erbil Citadel,cultural,['Iraq'],['Asia'],2014,15.6,"[('iv', 'to be an outstanding example of a type of building, architectural or technological ensemble or landscape which illustrates (a) significant stage(s) in human history')]"
1481,The Ahwar of Southern Iraq: Refuge of Biodiversity and the Relict Landscape of the Mesopotamian Cities,mixed,['Iraq'],['Asia'],2016,211544,"[('iii', 'to bear a unique or at least exceptional testimony to a cultural tradition or to a civilization which is living or which has disappeared'), ('v', 'to be an outstanding example of a traditional human settlement, land-use, or sea-use which is representative of a culture (or cultures), or human interaction with the environment especially when it has become vulnerable under the impact of irreversible change'), ('ix', 'to be outstanding examples representing significant on-going ecological and biological processes in the evolution and development of terrestrial, fresh water, coastal and marine ecosystems and communities of plants and animals'), ('x', 'to contain the most important and significant natural habitats for in-situ conservation of biological diversity, including those containing threatened species of outstanding universal value from the point of view of science or conservation')]"
278,Babylon,cultural,['Iraq'],['Asia'],2019,1054.3,"[('iii', 'to bear a unique or at least exceptional testimony to a cultural tradition or to a civilization which is living or which has disappeared'), ('vi', 'to be directly or tangibly associated with events or living traditions, with ideas, or with beliefs, with artistic and literary works of outstanding universal significance. (The Committee considers that this criterion should preferably be used in conjunction with other criteria)')]"
659,Brú na Bóinne - Archaeological Ensemble of the Bend of the Boyne,cultural,['Ireland'],['Europe'],1993,770,"[('i', 'to represent a masterpiece of human creative genius'), ('iii', 'to bear a unique or at least exceptional testimony to a cultural tradition or to a civilization which is living or which has disappeared'), ('iv', 'to be an outstanding example of a type of building, architectural or technological ensemble or landscape which illustrates (a) significant stage(s) in human history')]"
757,Sceilg Mhichíl,cultural,['Ireland'],['Europe'],1996,21.9,"[('iii', 'to bear a unique or at least exceptional testimony to a cultural tradition or to a civilization which is living or which has disappeared'), ('iv', 'to be an outstanding example of a type of building, architectural or technological ensemble or landscape which illustrates (a) significant stage(s) in human history')]"
1040,Masada,cultural,['Israel'],['Asia'],2001,276,"[('iii', 'to bear a unique or at least exceptional testimony to a cultural tradition or to a civilization which is living or which has disappeared'), ('iv', 'to be an outstanding example of a type of building, architectural or technological ensemble or landscape which illustrates (a) significant stage(s) in human history'), ('vi', 'to be directly or tangibly associated with events or living traditions, with ideas, or with beliefs, with artistic and literary works of outstanding universal significance. (The Committee considers that this criterion should preferably be used in conjunction with other criteria)')]"
1042,Old City of Acre,cultural,['Israel'],['Asia'],2001,63.3,"[('ii', 'to exhibit an important interchange of human values, over a span of time or within a cultural area of the world, on developments in architecture or technology, monumental arts, town-planning or landscape design'), ('iii', 'to bear a unique or at least exceptional testimony to a cultural tradition or to a civilization which is living or which has disappeared'), ('v', 'to be an outstanding example of a traditional human settlement, land-use, or sea-use which is representative of a culture (or cultures), or human interaction with the environment especially when it has become vulnerable under the impact of irreversible change')]"
1096,White City of Tel-Aviv – the Modern Movement,cultural,['Israel'],['Asia'],2003,140.4,"[('ii', 'to exhibit an important interchange of human values, over a span of time or within a cultural area of the world, on developments in architecture or technology, monumental arts, town-planning or landscape design'), ('iv', 'to be an outstanding example of a type of building, architectural or technological ensemble or landscape which illustrates (a) significant stage(s) in human history')]"
1108,"Biblical Tels - Megiddo, Hazor, Beer Sheba",cultural,['Israel'],['Asia'],2005,96.04,"[('ii', 'to exhibit an important interchange of human values, over a span of time or within a cultural area of the world, on developments in architecture or technology, monumental arts, town-planning or landscape design'), ('iii', 'to bear a unique or at least exceptional testimony to a cultural tradition or to a civilization which is living or which has disappeared'), ('iv', 'to be an outstanding example of a type of building, architectural or technological ensemble or landscape which illustrates (a) significant stage(s) in human history'), ('vi', 'to be directly or tangibly associated with events or living traditions, with ideas, or with beliefs, with artistic and literary works of outstanding universal significance. (The Committee considers that this criterion should preferably be used in conjunction with other criteria)')]"
1107,Incense Route - Desert Cities in the Negev,cultural,['Israel'],['Asia'],2005,6655,"[('iii', 'to bear a unique or at least exceptional testimony to a cultural tradition or to a civilization which is living or which has disappeared'), ('v', 'to be an outstanding example of a traditional human settlement, land-use, or sea-use which is representative of a culture (or cultures), or human interaction with the environment especially when it has become vulnerable under the impact of irreversible change')]"
1220,Bahá’i Holy Places in Haifa and the Western Galilee,cultural,['Israel'],['Asia'],2008,62.58,"[('iii', 'to bear a unique or at least exceptional testimony to a cultural tradition or to a civilization which is living or which has disappeared'), ('vi', 'to be directly or tangibly associated with events or living traditions, with ideas, or with beliefs, with artistic and literary works of outstanding universal significance. (The Committee considers that this criterion should preferably be used in conjunction with other criteria)')]"
1393,Sites of Human Evolution at Mount Carmel: The Nahal Me’arot / Wadi el-Mughara Caves,cultural,['Israel'],['Asia'],2012,54,"[('iii', 'to bear a unique or at least exceptional testimony to a cultural tradition or to a civilization which is living or which has disappeared'), ('v', 'to be an outstanding example of a traditional human settlement, land-use, or sea-use which is representative of a culture (or cultures), or human interaction with the environment especially when it has become vulnerable under the impact of irreversible change')]"
1370,Caves of Maresha and Bet-Guvrin in the Judean Lowlands as a Microcosm of the Land of the Caves,cultural,['Israel'],['Asia'],2014,259,"[('v', 'to be an outstanding example of a traditional human settlement, land-use, or sea-use which is representative of a culture (or cultures), or human interaction with the environment especially when it has become vulnerable under the impact of irreversible change')]"
1471,Necropolis of Bet She’arim: A Landmark of Jewish Renewal,cultural,['Israel'],['Asia'],2015,12.2,"[('ii', 'to exhibit an important interchange of human values, over a span of time or within a cultural area of the world, on developments in architecture or technology, monumental arts, town-planning or landscape design'), ('iii', 'to bear a unique or at least exceptional testimony to a cultural tradition or to a civilization which is living or which has disappeared')]"
94,Rock Drawings in Valcamonica,cultural,['Italy'],['Europe'],1979,432.3,"[('iii', 'to bear a unique or at least exceptional testimony to a cultural tradition or to a civilization which is living or which has disappeared'), ('vi', 'to be directly or tangibly associated with events or living traditions, with ideas, or with beliefs, with artistic and literary works of outstanding universal significance. (The Committee considers that this criterion should preferably be used in conjunction with other criteria)')]"
93,Church and Dominican Convent of Santa Maria delle Grazie with “The Last Supper” by Leonardo da Vinci,cultural,['Italy'],['Europe'],1980,1.5,"[('i', 'to represent a masterpiece of human creative genius'), ('ii', 'to exhibit an important interchange of human values, over a span of time or within a cultural area of the world, on developments in architecture or technology, monumental arts, town-planning or landscape design')]"
174,Historic Centre of Florence,cultural,['Italy'],['Europe'],1982,532,"[('i', 'to represent a masterpiece of human creative genius'), ('ii', 'to exhibit an important interchange of human values, over a span of time or within a cultural area of the world, on developments in architecture or technology, monumental arts, town-planning or landscape design'), ('iii', 'to bear a unique or at least exceptional testimony to a cultural tradition or to a civilization which is living or which has disappeared'), ('iv', 'to be an outstanding example of a type of building, architectural or technological ensemble or landscape which illustrates (a) significant stage(s) in human history'), ('vi', 'to be directly or tangibly associated with events or living traditions, with ideas, or with beliefs, with artistic and literary works of outstanding universal significance. (The Committee considers that this criterion should preferably be used in conjunction with other criteria)')]"
395,"Piazza del Duomo, Pisa",cultural,['Italy'],['Europe'],1987,8.87,"[('i', 'to represent a masterpiece of human creative genius'), ('ii', 'to exhibit an important interchange of human values, over a span of time or within a cultural area of the world, on developments in architecture or technology, monumental arts, town-planning or landscape design'), ('iv', 'to be an outstanding example of a type of building, architectural or technological ensemble or landscape which illustrates (a) significant stage(s) in human history'), ('vi', 'to be directly or tangibly associated with events or living traditions, with ideas, or with beliefs, with artistic and literary works of outstanding universal significance. (The Committee considers that this criterion should preferably be used in conjunction with other criteria)')]"
394,Venice and its Lagoon,cultural,['Italy'],['Europe'],1987,70176.4,"[('i', 'to represent a masterpiece of human creative genius'), ('ii', 'to exhibit an important interchange of human values, over a span of time or within a cultural area of the world, on developments in architecture or technology, monumental arts, town-planning or landscape design'), ('iii', 'to bear a unique or at least exceptional testimony to a cultural tradition or to a civilization which is living or which has disappeared'), ('iv', 'to be an outstanding example of a type of building, architectural or technological ensemble or landscape which illustrates (a) significant stage(s) in human history'), ('v', 'to be an outstanding example of a traditional human settlement, land-use, or sea-use which is representative of a culture (or cultures), or human interaction with the environment especially when it has become vulnerable under the impact of irreversible change'), ('vi', 'to be directly or tangibly associated with events or living traditions, with ideas, or with beliefs, with artistic and literary works of outstanding universal significance. (The Committee considers that this criterion should preferably be used in conjunction with other criteria)')]"
550,Historic Centre of San Gimignano,cultural,['Italy'],['Europe'],1990,13.88,"[('i', 'to represent a masterpiece of human creative genius'), ('iii', 'to bear a unique or at least exceptional testimony to a cultural tradition or to a civilization which is living or which has disappeared'), ('iv', 'to be an outstanding example of a type of building, architectural or technological ensemble or landscape which illustrates (a) significant stage(s) in human history')]"
670,The Sassi and the Park of the Rupestrian Churches of Matera,cultural,['Italy'],['Europe'],1993,1016,"[('iii', 'to bear a unique or at least exceptional testimony to a cultural tradition or to a civilization which is living or which has disappeared'), ('iv', 'to be an outstanding example of a type of building, architectural or technological ensemble or landscape which illustrates (a) significant stage(s) in human history'), ('v', 'to be an outstanding example of a traditional human settlement, land-use, or sea-use which is representative of a culture (or cultures), or human interaction with the environment especially when it has become vulnerable under the impact of irreversible change')]"
712,City of Vicenza and the Palladian Villas of the Veneto,cultural,['Italy'],['Europe'],1994,333.87,"[('i', 'to represent a masterpiece of human creative genius'), ('ii', 'to exhibit an important interchange of human values, over a span of time or within a cultural area of the world, on developments in architecture or technology, monumental arts, town-planning or landscape design')]"
730,Crespi d'Adda,cultural,['Italy'],['Europe'],1995,ni podatka,"[('iv', 'to be an outstanding example of a type of building, architectural or technological ensemble or landscape which illustrates (a) significant stage(s) in human history'), ('v', 'to be an outstanding example of a traditional human settlement, land-use, or sea-use which is representative of a culture (or cultures), or human interaction with the environment especially when it has become vulnerable under the impact of irreversible change')]"
733,"Ferrara, City of the Renaissance, and its Po Delta",cultural,['Italy'],['Europe'],1995,46712,"[('ii', 'to exhibit an important interchange of human values, over a span of time or within a cultural area of the world, on developments in architecture or technology, monumental arts, town-planning or landscape design'), ('iii', 'to bear a unique or at least exceptional testimony to a cultural tradition or to a civilization which is living or which has disappeared'), ('iv', 'to be an outstanding example of a type of building, architectural or technological ensemble or landscape which illustrates (a) significant stage(s) in human history'), ('v', 'to be an outstanding example of a traditional human settlement, land-use, or sea-use which is representative of a culture (or cultures), or human interaction with the environment especially when it has become vulnerable under the impact of irreversible change'), ('vi', 'to be directly or tangibly associated with events or living traditions, with ideas, or with beliefs, with artistic and literary works of outstanding universal significance. (The Committee considers that this criterion should preferably be used in conjunction with other criteria)')]"
726,Historic Centre of Naples,cultural,['Italy'],['Europe'],1995,1021,"[('ii', 'to exhibit an important interchange of human values, over a span of time or within a cultural area of the world, on developments in architecture or technology, monumental arts, town-planning or landscape design'), ('iv', 'to be an outstanding example of a type of building, architectural or technological ensemble or landscape which illustrates (a) significant stage(s) in human history')]"
717,Historic Centre of Siena,cultural,['Italy'],['Europe'],1995,170,"[('i', 'to represent a masterpiece of human creative genius'), ('ii', 'to exhibit an important interchange of human values, over a span of time or within a cultural area of the world, on developments in architecture or technology, monumental arts, town-planning or landscape design'), ('iv', 'to be an outstanding example of a type of building, architectural or technological ensemble or landscape which illustrates (a) significant stage(s) in human history')]"
398,Castel del Monte,cultural,['Italy'],['Europe'],1996,3.1,"[('i', 'to represent a masterpiece of human creative genius'), ('ii', 'to exhibit an important interchange of human values, over a span of time or within a cultural area of the world, on developments in architecture or technology, monumental arts, town-planning or landscape design'), ('iii', 'to bear a unique or at least exceptional testimony to a cultural tradition or to a civilization which is living or which has disappeared')]"
788,Early Christian Monuments of Ravenna,cultural,['Italy'],['Europe'],1996,1.32,"[('i', 'to represent a masterpiece of human creative genius'), ('ii', 'to exhibit an important interchange of human values, over a span of time or within a cultural area of the world, on developments in architecture or technology, monumental arts, town-planning or landscape design'), ('iii', 'to bear a unique or at least exceptional testimony to a cultural tradition or to a civilization which is living or which has disappeared'), ('iv', 'to be an outstanding example of a type of building, architectural or technological ensemble or landscape which illustrates (a) significant stage(s) in human history')]"
789,Historic Centre of the City of Pienza,cultural,['Italy'],['Europe'],1996,4.41,"[('i', 'to represent a masterpiece of human creative genius'), ('ii', 'to exhibit an important interchange of human values, over a span of time or within a cultural area of the world, on developments in architecture or technology, monumental arts, town-planning or landscape design'), ('iv', 'to be an outstanding example of a type of building, architectural or technological ensemble or landscape which illustrates (a) significant stage(s) in human history')]"
787,The <I>Trulli</I> of Alberobello,cultural,['Italy'],['Europe'],1996,10.52,"[('iii', 'to bear a unique or at least exceptional testimony to a cultural tradition or to a civilization which is living or which has disappeared'), ('iv', 'to be an outstanding example of a type of building, architectural or technological ensemble or landscape which illustrates (a) significant stage(s) in human history'), ('v', 'to be an outstanding example of a traditional human settlement, land-use, or sea-use which is representative of a culture (or cultures), or human interaction with the environment especially when it has become vulnerable under the impact of irreversible change')]"
549,"18th-Century Royal Palace at Caserta with the Park, the Aqueduct of Vanvitelli, and the San Leucio Complex",cultural,['Italy'],['Europe'],1997,87.37,"[('i', 'to represent a masterpiece of human creative genius'), ('ii', 'to exhibit an important interchange of human values, over a span of time or within a cultural area of the world, on developments in architecture or technology, monumental arts, town-planning or landscape design'), ('iii', 'to bear a unique or at least exceptional testimony to a cultural tradition or to a civilization which is living or which has disappeared'), ('iv', 'to be an outstanding example of a type of building, architectural or technological ensemble or landscape which illustrates (a) significant stage(s) in human history')]"
831,Archaeological Area of Agrigento,cultural,['Italy'],['Europe'],1997,934,"[('i', 'to represent a masterpiece of human creative genius'), ('ii', 'to exhibit an important interchange of human values, over a span of time or within a cultural area of the world, on developments in architecture or technology, monumental arts, town-planning or landscape design'), ('iii', 'to bear a unique or at least exceptional testimony to a cultural tradition or to a civilization which is living or which has disappeared'), ('iv', 'to be an outstanding example of a type of building, architectural or technological ensemble or landscape which illustrates (a) significant stage(s) in human history')]"
829,"Archaeological Areas of Pompei, Herculaneum and Torre Annunziata",cultural,['Italy'],['Europe'],1997,98.05,"[('iii', 'to bear a unique or at least exceptional testimony to a cultural tradition or to a civilization which is living or which has disappeared'), ('iv', 'to be an outstanding example of a type of building, architectural or technological ensemble or landscape which illustrates (a) significant stage(s) in human history'), ('v', 'to be an outstanding example of a traditional human settlement, land-use, or sea-use which is representative of a culture (or cultures), or human interaction with the environment especially when it has become vulnerable under the impact of irreversible change')]"
824,"Botanical Garden (Orto Botanico), Padua",cultural,['Italy'],['Europe'],1997,2.2,"[('ii', 'to exhibit an important interchange of human values, over a span of time or within a cultural area of the world, on developments in architecture or technology, monumental arts, town-planning or landscape design'), ('iii', 'to bear a unique or at least exceptional testimony to a cultural tradition or to a civilization which is living or which has disappeared')]"
827,"Cathedral, Torre Civica and Piazza Grande, Modena",cultural,['Italy'],['Europe'],1997,1.2,"[('i', 'to represent a masterpiece of human creative genius'), ('ii', 'to exhibit an important interchange of human values, over a span of time or within a cultural area of the world, on developments in architecture or technology, monumental arts, town-planning or landscape design'), ('iii', 'to bear a unique or at least exceptional testimony to a cultural tradition or to a civilization which is living or which has disappeared'), ('iv', 'to be an outstanding example of a type of building, architectural or technological ensemble or landscape which illustrates (a) significant stage(s) in human history')]"
830,Costiera Amalfitana,cultural,['Italy'],['Europe'],1997,11231,"[('ii', 'to exhibit an important interchange of human values, over a span of time or within a cultural area of the world, on developments in architecture or technology, monumental arts, town-planning or landscape design'), ('iv', 'to be an outstanding example of a type of building, architectural or technological ensemble or landscape which illustrates (a) significant stage(s) in human history'), ('v', 'to be an outstanding example of a traditional human settlement, land-use, or sea-use which is representative of a culture (or cultures), or human interaction with the environment especially when it has become vulnerable under the impact of irreversible change')]"
826,"Portovenere, Cinque Terre, and the Islands (Palmaria, Tino and Tinetto)",cultural,['Italy'],['Europe'],1997,4689.25,"[('ii', 'to exhibit an important interchange of human values, over a span of time or within a cultural area of the world, on developments in architecture or technology, monumental arts, town-planning or landscape design'), ('iv', 'to be an outstanding example of a type of building, architectural or technological ensemble or landscape which illustrates (a) significant stage(s) in human history'), ('v', 'to be an outstanding example of a traditional human settlement, land-use, or sea-use which is representative of a culture (or cultures), or human interaction with the environment especially when it has become vulnerable under the impact of irreversible change')]"
823,Residences of the Royal House of Savoy,cultural,['Italy'],['Europe'],1997,370.82,"[('i', 'to represent a masterpiece of human creative genius'), ('ii', 'to exhibit an important interchange of human values, over a span of time or within a cultural area of the world, on developments in architecture or technology, monumental arts, town-planning or landscape design'), ('iv', 'to be an outstanding example of a type of building, architectural or technological ensemble or landscape which illustrates (a) significant stage(s) in human history'), ('v', 'to be an outstanding example of a traditional human settlement, land-use, or sea-use which is representative of a culture (or cultures), or human interaction with the environment especially when it has become vulnerable under the impact of irreversible change')]"
833,Su Nuraxi di Barumini,cultural,['Italy'],['Europe'],1997,2.3254,"[('i', 'to represent a masterpiece of human creative genius'), ('iii', 'to bear a unique or at least exceptional testimony to a cultural tradition or to a civilization which is living or which has disappeared'), ('iv', 'to be an outstanding example of a type of building, architectural or technological ensemble or landscape which illustrates (a) significant stage(s) in human history')]"
832,Villa Romana del Casale,cultural,['Italy'],['Europe'],1997,8.92,"[('i', 'to represent a masterpiece of human creative genius'), ('ii', 'to exhibit an important interchange of human values, over a span of time or within a cultural area of the world, on developments in architecture or technology, monumental arts, town-planning or landscape design'), ('iii', 'to bear a unique or at least exceptional testimony to a cultural tradition or to a civilization which is living or which has disappeared')]"
825,Archaeological Area and the Patriarchal Basilica of Aquileia,cultural,['Italy'],['Europe'],1998,155.43,"[('iii', 'to bear a unique or at least exceptional testimony to a cultural tradition or to a civilization which is living or which has disappeared'), ('iv', 'to be an outstanding example of a type of building, architectural or technological ensemble or landscape which illustrates (a) significant stage(s) in human history'), ('vi', 'to be directly or tangibly associated with events or living traditions, with ideas, or with beliefs, with artistic and literary works of outstanding universal significance. (The Committee considers that this criterion should preferably be used in conjunction with other criteria)')]"
842,"Cilento and Vallo di Diano National Park with the Archeological Sites of Paestum and Velia, and the Certosa di Padula",cultural,['Italy'],['Europe'],1998,159109.73,"[('iii', 'to bear a unique or at least exceptional testimony to a cultural tradition or to a civilization which is living or which has disappeared'), ('iv', 'to be an outstanding example of a type of building, architectural or technological ensemble or landscape which illustrates (a) significant stage(s) in human history')]"
828,Historic Centre of Urbino,cultural,['Italy'],['Europe'],1998,29.23,"[('ii', 'to exhibit an important interchange of human values, over a span of time or within a cultural area of the world, on developments in architecture or technology, monumental arts, town-planning or landscape design'), ('iv', 'to be an outstanding example of a type of building, architectural or technological ensemble or landscape which illustrates (a) significant stage(s) in human history')]"
907,Villa Adriana (Tivoli),cultural,['Italy'],['Europe'],1999,80,"[('i', 'to represent a masterpiece of human creative genius'), ('ii', 'to exhibit an important interchange of human values, over a span of time or within a cultural area of the world, on developments in architecture or technology, monumental arts, town-planning or landscape design'), ('iii', 'to bear a unique or at least exceptional testimony to a cultural tradition or to a civilization which is living or which has disappeared')]"
990,"Assisi, the Basilica of San Francesco and Other Franciscan Sites",cultural,['Italy'],['Europe'],2000,14563.25,"[('i', 'to represent a masterpiece of human creative genius'), ('ii', 'to exhibit an important interchange of human values, over a span of time or within a cultural area of the world, on developments in architecture or technology, monumental arts, town-planning or landscape design'), ('iii', 'to bear a unique or at least exceptional testimony to a cultural tradition or to a civilization which is living or which has disappeared'), ('iv', 'to be an outstanding example of a type of building, architectural or technological ensemble or landscape which illustrates (a) significant stage(s) in human history'), ('vi', 'to be directly or tangibly associated with events or living traditions, with ideas, or with beliefs, with artistic and literary works of outstanding universal significance. (The Committee considers that this criterion should preferably be used in conjunction with other criteria)')]"
797,City of Verona,cultural,['Italy'],['Europe'],2000,444.4,"[('ii', 'to exhibit an important interchange of human values, over a span of time or within a cultural area of the world, on developments in architecture or technology, monumental arts, town-planning or landscape design'), ('iv', 'to be an outstanding example of a type of building, architectural or technological ensemble or landscape which illustrates (a) significant stage(s) in human history')]"
908,Isole Eolie (Aeolian Islands),natural,['Italy'],['Europe'],2000,1216,"[('viii', ""to be outstanding examples representing major stages of earth's history, including the record of life, significant on-going geological processes in the development of landforms, or significant geomorphic or physiographic features"")]"
1025,"Villa d'Este, Tivoli",cultural,['Italy'],['Europe'],2001,4.5,"[('i', 'to represent a masterpiece of human creative genius'), ('ii', 'to exhibit an important interchange of human values, over a span of time or within a cultural area of the world, on developments in architecture or technology, monumental arts, town-planning or landscape design'), ('iii', 'to bear a unique or at least exceptional testimony to a cultural tradition or to a civilization which is living or which has disappeared'), ('iv', 'to be an outstanding example of a type of building, architectural or technological ensemble or landscape which illustrates (a) significant stage(s) in human history'), ('vi', 'to be directly or tangibly associated with events or living traditions, with ideas, or with beliefs, with artistic and literary works of outstanding universal significance. (The Committee considers that this criterion should preferably be used in conjunction with other criteria)')]"
1024,Late Baroque Towns of the Val di Noto (South-Eastern Sicily),cultural,['Italy'],['Europe'],2002,112.79,"[('i', 'to represent a masterpiece of human creative genius'), ('ii', 'to exhibit an important interchange of human values, over a span of time or within a cultural area of the world, on developments in architecture or technology, monumental arts, town-planning or landscape design'), ('iv', 'to be an outstanding example of a type of building, architectural or technological ensemble or landscape which illustrates (a) significant stage(s) in human history'), ('v', 'to be an outstanding example of a traditional human settlement, land-use, or sea-use which is representative of a culture (or cultures), or human interaction with the environment especially when it has become vulnerable under the impact of irreversible change')]"
1068,<I>Sacri Monti</I> of Piedmont and Lombardy,cultural,['Italy'],['Europe'],2003,90.5,"[('ii', 'to exhibit an important interchange of human values, over a span of time or within a cultural area of the world, on developments in architecture or technology, monumental arts, town-planning or landscape design'), ('iv', 'to be an outstanding example of a type of building, architectural or technological ensemble or landscape which illustrates (a) significant stage(s) in human history')]"
1090,Monte San Giorgio,natural,"['Italy', 'Switzerland']",['Europe'],2003,1089.34,"[('viii', ""to be outstanding examples representing major stages of earth's history, including the record of life, significant on-going geological processes in the development of landforms, or significant geomorphic or physiographic features"")]"
1158,Etruscan Necropolises of Cerveteri and Tarquinia,cultural,['Italy'],['Europe'],2004,326.93,"[('i', 'to represent a masterpiece of human creative genius'), ('iii', 'to bear a unique or at least exceptional testimony to a cultural tradition or to a civilization which is living or which has disappeared'), ('iv', 'to be an outstanding example of a type of building, architectural or technological ensemble or landscape which illustrates (a) significant stage(s) in human history')]"
1026,Val d'Orcia,cultural,['Italy'],['Europe'],2004,61187.9609,"[('iv', 'to be an outstanding example of a type of building, architectural or technological ensemble or landscape which illustrates (a) significant stage(s) in human history'), ('vi', 'to be directly or tangibly associated with events or living traditions, with ideas, or with beliefs, with artistic and literary works of outstanding universal significance. (The Committee considers that this criterion should preferably be used in conjunction with other criteria)')]"
1200,Syracuse and the Rocky Necropolis of Pantalica,cultural,['Italy'],['Europe'],2005,898.46,"[('ii', 'to exhibit an important interchange of human values, over a span of time or within a cultural area of the world, on developments in architecture or technology, monumental arts, town-planning or landscape design'), ('iii', 'to bear a unique or at least exceptional testimony to a cultural tradition or to a civilization which is living or which has disappeared'), ('iv', 'to be an outstanding example of a type of building, architectural or technological ensemble or landscape which illustrates (a) significant stage(s) in human history'), ('vi', 'to be directly or tangibly associated with events or living traditions, with ideas, or with beliefs, with artistic and literary works of outstanding universal significance. (The Committee considers that this criterion should preferably be used in conjunction with other criteria)')]"
1211,Genoa: <i>Le Strade Nuove</i> and the system of the<i> Palazzi dei Rolli</i>,cultural,['Italy'],['Europe'],2006,15.777,"[('ii', 'to exhibit an important interchange of human values, over a span of time or within a cultural area of the world, on developments in architecture or technology, monumental arts, town-planning or landscape design'), ('iv', 'to be an outstanding example of a type of building, architectural or technological ensemble or landscape which illustrates (a) significant stage(s) in human history')]"
1287,Mantua and Sabbioneta,cultural,['Italy'],['Europe'],2008,235.43,"[('ii', 'to exhibit an important interchange of human values, over a span of time or within a cultural area of the world, on developments in architecture or technology, monumental arts, town-planning or landscape design'), ('iii', 'to bear a unique or at least exceptional testimony to a cultural tradition or to a civilization which is living or which has disappeared')]"
1276,Rhaetian Railway in the Albula / Bernina Landscapes,cultural,"['Italy', 'Switzerland']",['Europe'],2008,152.42,"[('ii', 'to exhibit an important interchange of human values, over a span of time or within a cultural area of the world, on developments in architecture or technology, monumental arts, town-planning or landscape design'), ('iv', 'to be an outstanding example of a type of building, architectural or technological ensemble or landscape which illustrates (a) significant stage(s) in human history')]"
1237,The Dolomites,natural,['Italy'],['Europe'],2009,141902.8,"[('vii', 'to contain superlative natural phenomena or areas of exceptional natural beauty and aesthetic importance'), ('viii', ""to be outstanding examples representing major stages of earth's history, including the record of life, significant on-going geological processes in the development of landforms, or significant geomorphic or physiographic features"")]"
1318,Longobards in Italy. Places of the Power (568-774 A.D.),cultural,['Italy'],['Europe'],2011,14.08,"[('ii', 'to exhibit an important interchange of human values, over a span of time or within a cultural area of the world, on developments in architecture or technology, monumental arts, town-planning or landscape design'), ('iii', 'to bear a unique or at least exceptional testimony to a cultural tradition or to a civilization which is living or which has disappeared'), ('vi', 'to be directly or tangibly associated with events or living traditions, with ideas, or with beliefs, with artistic and literary works of outstanding universal significance. (The Committee considers that this criterion should preferably be used in conjunction with other criteria)')]"
175,Medici Villas and Gardens in Tuscany,cultural,['Italy'],['Europe'],2013,125.4,"[('ii', 'to exhibit an important interchange of human values, over a span of time or within a cultural area of the world, on developments in architecture or technology, monumental arts, town-planning or landscape design'), ('iv', 'to be an outstanding example of a type of building, architectural or technological ensemble or landscape which illustrates (a) significant stage(s) in human history'), ('vi', 'to be directly or tangibly associated with events or living traditions, with ideas, or with beliefs, with artistic and literary works of outstanding universal significance. (The Committee considers that this criterion should preferably be used in conjunction with other criteria)')]"
1427,Mount Etna,natural,['Italy'],['Europe'],2013,19237,"[('viii', ""to be outstanding examples representing major stages of earth's history, including the record of life, significant on-going geological processes in the development of landforms, or significant geomorphic or physiographic features"")]"
1390,Vineyard Landscape of Piedmont: Langhe-Roero and Monferrato,cultural,['Italy'],['Europe'],2014,10789,"[('iii', 'to bear a unique or at least exceptional testimony to a cultural tradition or to a civilization which is living or which has disappeared'), ('v', 'to be an outstanding example of a traditional human settlement, land-use, or sea-use which is representative of a culture (or cultures), or human interaction with the environment especially when it has become vulnerable under the impact of irreversible change')]"
1487,Arab-Norman Palermo and the Cathedral Churches of Cefalú and Monreale,cultural,['Italy'],['Europe'],2015,6.235,"[('ii', 'to exhibit an important interchange of human values, over a span of time or within a cultural area of the world, on developments in architecture or technology, monumental arts, town-planning or landscape design'), ('iv', 'to be an outstanding example of a type of building, architectural or technological ensemble or landscape which illustrates (a) significant stage(s) in human history')]"
1538,"Ivrea, industrial city of the 20th century",cultural,['Italy'],['Europe'],2018,52.37,"[('iv', 'to be an outstanding example of a type of building, architectural or technological ensemble or landscape which illustrates (a) significant stage(s) in human history')]"
1571,Le Colline del Prosecco di Conegliano e Valdobbiadene,cultural,['Italy'],['Europe'],2019,20334.2,"[('v', 'to be an outstanding example of a traditional human settlement, land-use, or sea-use which is representative of a culture (or cultures), or human interaction with the environment especially when it has become vulnerable under the impact of irreversible change')]"
1623,Padua’s fourteenth-century fresco cycles,cultural,['Italy'],['Europe'],2021,19.96,"[('ii', 'to exhibit an important interchange of human values, over a span of time or within a cultural area of the world, on developments in architecture or technology, monumental arts, town-planning or landscape design')]"
1650,The Porticoes of Bologna,cultural,['Italy'],['Europe'],2021,52.18,"[('iv', 'to be an outstanding example of a type of building, architectural or technological ensemble or landscape which illustrates (a) significant stage(s) in human history')]"
1692,Evaporitic Karst and Caves of Northern Apennines,natural,['Italy'],['Europe'],2023,3680,"[('viii', ""to be outstanding examples representing major stages of earth's history, including the record of life, significant on-going geological processes in the development of landforms, or significant geomorphic or physiographic features"")]"
1708,Via Appia. <em>Regina Viarum</em>,cultural,['Italy'],['Europe'],2024,4639.92,"[('iii', 'to bear a unique or at least exceptional testimony to a cultural tradition or to a civilization which is living or which has disappeared'), ('iv', 'to be an outstanding example of a type of building, architectural or technological ensemble or landscape which illustrates (a) significant stage(s) in human history'), ('vi', 'to be directly or tangibly associated with events or living traditions, with ideas, or with beliefs, with artistic and literary works of outstanding universal significance. (The Committee considers that this criterion should preferably be used in conjunction with other criteria)')]"
1730,Funerary Tradition in the Prehistory of Sardinia – <em>The domus de janas</em>,cultural,['Italy'],['Europe'],2025,ni podatka,"[('iii', 'to bear a unique or at least exceptional testimony to a cultural tradition or to a civilization which is living or which has disappeared')]"
1356,Blue and John Crow Mountains,mixed,['Jamaica'],['North America'],2015,26251.6,"[('iii', 'to bear a unique or at least exceptional testimony to a cultural tradition or to a civilization which is living or which has disappeared'), ('vi', 'to be directly or tangibly associated with events or living traditions, with ideas, or with beliefs, with artistic and literary works of outstanding universal significance. (The Committee considers that this criterion should preferably be used in conjunction with other criteria)'), ('x', 'to contain the most important and significant natural habitats for in-situ conservation of biological diversity, including those containing threatened species of outstanding universal value from the point of view of science or conservation')]"
1595,The Archaeological Ensemble of 17th Century Port Royal,cultural,['Jamaica'],['North America'],2025,27,"[('iv', 'to be an outstanding example of a type of building, architectural or technological ensemble or landscape which illustrates (a) significant stage(s) in human history'), ('vi', 'to be directly or tangibly associated with events or living traditions, with ideas, or with beliefs, with artistic and literary works of outstanding universal significance. (The Committee considers that this criterion should preferably be used in conjunction with other criteria)')]"
660,Buddhist Monuments in the Horyu-ji Area,cultural,['Japan'],['Asia'],1993,15.3,"[('i', 'to represent a masterpiece of human creative genius'), ('ii', 'to exhibit an important interchange of human values, over a span of time or within a cultural area of the world, on developments in architecture or technology, monumental arts, town-planning or landscape design'), ('iv', 'to be an outstanding example of a type of building, architectural or technological ensemble or landscape which illustrates (a) significant stage(s) in human history'), ('vi', 'to be directly or tangibly associated with events or living traditions, with ideas, or with beliefs, with artistic and literary works of outstanding universal significance. (The Committee considers that this criterion should preferably be used in conjunction with other criteria)')]"
661,Himeji-jo,cultural,['Japan'],['Asia'],1993,107,"[('i', 'to represent a masterpiece of human creative genius'), ('iv', 'to be an outstanding example of a type of building, architectural or technological ensemble or landscape which illustrates (a) significant stage(s) in human history')]"
663,Shirakami-Sanchi,natural,['Japan'],['Asia'],1993,16971,"[('ix', 'to be outstanding examples representing significant on-going ecological and biological processes in the evolution and development of terrestrial, fresh water, coastal and marine ecosystems and communities of plants and animals')]"
662,Yakushima,natural,['Japan'],['Asia'],1993,10747,"[('vii', 'to contain superlative natural phenomena or areas of exceptional natural beauty and aesthetic importance'), ('ix', 'to be outstanding examples representing significant on-going ecological and biological processes in the evolution and development of terrestrial, fresh water, coastal and marine ecosystems and communities of plants and animals')]"
688,"Historic Monuments of Ancient Kyoto (Kyoto, Uji and Otsu Cities)",cultural,['Japan'],['Asia'],1994,1056,"[('ii', 'to exhibit an important interchange of human values, over a span of time or within a cultural area of the world, on developments in architecture or technology, monumental arts, town-planning or landscape design'), ('iv', 'to be an outstanding example of a type of building, architectural or technological ensemble or landscape which illustrates (a) significant stage(s) in human history')]"
734,Historic Villages of Shirakawa-go and Gokayama,cultural,['Japan'],['Asia'],1995,68,"[('iv', 'to be an outstanding example of a type of building, architectural or technological ensemble or landscape which illustrates (a) significant stage(s) in human history'), ('v', 'to be an outstanding example of a traditional human settlement, land-use, or sea-use which is representative of a culture (or cultures), or human interaction with the environment especially when it has become vulnerable under the impact of irreversible change')]"
775,Hiroshima Peace Memorial (Genbaku Dome),cultural,['Japan'],['Asia'],1996,0.4,"[('vi', 'to be directly or tangibly associated with events or living traditions, with ideas, or with beliefs, with artistic and literary works of outstanding universal significance. (The Committee considers that this criterion should preferably be used in conjunction with other criteria)')]"
776,Itsukushima Shinto Shrine,cultural,['Japan'],['Asia'],1996,431.2,"[('i', 'to represent a masterpiece of human creative genius'), ('ii', 'to exhibit an important interchange of human values, over a span of time or within a cultural area of the world, on developments in architecture or technology, monumental arts, town-planning or landscape design'), ('iv', 'to be an outstanding example of a type of building, architectural or technological ensemble or landscape which illustrates (a) significant stage(s) in human history'), ('vi', 'to be directly or tangibly associated with events or living traditions, with ideas, or with beliefs, with artistic and literary works of outstanding universal significance. (The Committee considers that this criterion should preferably be used in conjunction with other criteria)')]"
870,Historic Monuments of Ancient Nara,cultural,['Japan'],['Asia'],1998,617,"[('ii', 'to exhibit an important interchange of human values, over a span of time or within a cultural area of the world, on developments in architecture or technology, monumental arts, town-planning or landscape design'), ('iii', 'to bear a unique or at least exceptional testimony to a cultural tradition or to a civilization which is living or which has disappeared'), ('iv', 'to be an outstanding example of a type of building, architectural or technological ensemble or landscape which illustrates (a) significant stage(s) in human history'), ('vi', 'to be directly or tangibly associated with events or living traditions, with ideas, or with beliefs, with artistic and literary works of outstanding universal significance. (The Committee considers that this criterion should preferably be used in conjunction with other criteria)')]"
913,Shrines and Temples of Nikko,cultural,['Japan'],['Asia'],1999,50.8,"[('i', 'to represent a masterpiece of human creative genius'), ('iv', 'to be an outstanding example of a type of building, architectural or technological ensemble or landscape which illustrates (a) significant stage(s) in human history'), ('vi', 'to be directly or tangibly associated with events or living traditions, with ideas, or with beliefs, with artistic and literary works of outstanding universal significance. (The Committee considers that this criterion should preferably be used in conjunction with other criteria)')]"
972,Gusuku Sites and Related Properties of the Kingdom of Ryukyu,cultural,['Japan'],['Asia'],2000,54.9,"[('ii', 'to exhibit an important interchange of human values, over a span of time or within a cultural area of the world, on developments in architecture or technology, monumental arts, town-planning or landscape design'), ('iii', 'to bear a unique or at least exceptional testimony to a cultural tradition or to a civilization which is living or which has disappeared'), ('vi', 'to be directly or tangibly associated with events or living traditions, with ideas, or with beliefs, with artistic and literary works of outstanding universal significance. (The Committee considers that this criterion should preferably be used in conjunction with other criteria)')]"
1142,Sacred Sites and Pilgrimage Routes in the Kii Mountain Range,cultural,['Japan'],['Asia'],2004,506.4,"[('ii', 'to exhibit an important interchange of human values, over a span of time or within a cultural area of the world, on developments in architecture or technology, monumental arts, town-planning or landscape design'), ('iii', 'to bear a unique or at least exceptional testimony to a cultural tradition or to a civilization which is living or which has disappeared'), ('iv', 'to be an outstanding example of a type of building, architectural or technological ensemble or landscape which illustrates (a) significant stage(s) in human history'), ('vi', 'to be directly or tangibly associated with events or living traditions, with ideas, or with beliefs, with artistic and literary works of outstanding universal significance. (The Committee considers that this criterion should preferably be used in conjunction with other criteria)')]"
1193,Shiretoko,natural,['Japan'],['Asia'],2005,71100,"[('ix', 'to be outstanding examples representing significant on-going ecological and biological processes in the evolution and development of terrestrial, fresh water, coastal and marine ecosystems and communities of plants and animals'), ('x', 'to contain the most important and significant natural habitats for in-situ conservation of biological diversity, including those containing threatened species of outstanding universal value from the point of view of science or conservation')]"
1246,Iwami Ginzan Silver Mine and its Cultural Landscape,cultural,['Japan'],['Asia'],2007,529.17,"[('ii', 'to exhibit an important interchange of human values, over a span of time or within a cultural area of the world, on developments in architecture or technology, monumental arts, town-planning or landscape design'), ('iii', 'to bear a unique or at least exceptional testimony to a cultural tradition or to a civilization which is living or which has disappeared'), ('v', 'to be an outstanding example of a traditional human settlement, land-use, or sea-use which is representative of a culture (or cultures), or human interaction with the environment especially when it has become vulnerable under the impact of irreversible change')]"
1277,"Hiraizumi – Temples, Gardens and Archaeological Sites Representing the Buddhist Pure Land",cultural,['Japan'],['Asia'],2011,176.2,"[('ii', 'to exhibit an important interchange of human values, over a span of time or within a cultural area of the world, on developments in architecture or technology, monumental arts, town-planning or landscape design'), ('vi', 'to be directly or tangibly associated with events or living traditions, with ideas, or with beliefs, with artistic and literary works of outstanding universal significance. (The Committee considers that this criterion should preferably be used in conjunction with other criteria)')]"
1362,Ogasawara Islands,natural,['Japan'],['Asia'],2011,7939,"[('ix', 'to be outstanding examples representing significant on-going ecological and biological processes in the evolution and development of terrestrial, fresh water, coastal and marine ecosystems and communities of plants and animals')]"
1418,"Fujisan, sacred place and source of artistic inspiration",cultural,['Japan'],['Asia'],2013,20702.1,"[('iii', 'to bear a unique or at least exceptional testimony to a cultural tradition or to a civilization which is living or which has disappeared'), ('vi', 'to be directly or tangibly associated with events or living traditions, with ideas, or with beliefs, with artistic and literary works of outstanding universal significance. (The Committee considers that this criterion should preferably be used in conjunction with other criteria)')]"
1449,Tomioka Silk Mill and Related Sites,cultural,['Japan'],['Asia'],2014,7.2,"[('ii', 'to exhibit an important interchange of human values, over a span of time or within a cultural area of the world, on developments in architecture or technology, monumental arts, town-planning or landscape design'), ('iv', 'to be an outstanding example of a type of building, architectural or technological ensemble or landscape which illustrates (a) significant stage(s) in human history')]"
1484,"Sites of Japan’s Meiji Industrial Revolution: Iron and Steel, Shipbuilding and Coal Mining",cultural,['Japan'],['Asia'],2015,306.66,"[('ii', 'to exhibit an important interchange of human values, over a span of time or within a cultural area of the world, on developments in architecture or technology, monumental arts, town-planning or landscape design'), ('iv', 'to be an outstanding example of a type of building, architectural or technological ensemble or landscape which illustrates (a) significant stage(s) in human history')]"
1535,Sacred Island of Okinoshima and Associated Sites in the Munakata Region,cultural,['Japan'],['Asia'],2017,98.93,"[('ii', 'to exhibit an important interchange of human values, over a span of time or within a cultural area of the world, on developments in architecture or technology, monumental arts, town-planning or landscape design'), ('iii', 'to bear a unique or at least exceptional testimony to a cultural tradition or to a civilization which is living or which has disappeared')]"
1495,Hidden Christian Sites in the Nagasaki Region,cultural,['Japan'],['Asia'],2018,5566.55,"[('iii', 'to bear a unique or at least exceptional testimony to a cultural tradition or to a civilization which is living or which has disappeared')]"
1593,Mozu-Furuichi Kofun Group: Mounded Tombs of Ancient Japan,cultural,['Japan'],['Asia'],2019,166.66,"[('iii', 'to bear a unique or at least exceptional testimony to a cultural tradition or to a civilization which is living or which has disappeared'), ('iv', 'to be an outstanding example of a type of building, architectural or technological ensemble or landscape which illustrates (a) significant stage(s) in human history')]"
1574,"Amami-Oshima Island, Tokunoshima Island, Northern part of Okinawa Island, and Iriomote Island",natural,['Japan'],['Asia'],2021,42698,"[('x', 'to contain the most important and significant natural habitats for in-situ conservation of biological diversity, including those containing threatened species of outstanding universal value from the point of view of science or conservation')]"
1632,Jomon Prehistoric Sites in Northern Japan,cultural,['Japan'],['Asia'],2021,141.9,"[('iii', 'to bear a unique or at least exceptional testimony to a cultural tradition or to a civilization which is living or which has disappeared'), ('v', 'to be an outstanding example of a traditional human settlement, land-use, or sea-use which is representative of a culture (or cultures), or human interaction with the environment especially when it has become vulnerable under the impact of irreversible change')]"
1698,Sado Island Gold Mines,cultural,['Japan'],['Asia'],2024,750.9,"[('iv', 'to be an outstanding example of a type of building, architectural or technological ensemble or landscape which illustrates (a) significant stage(s) in human history')]"
148,Old City of Jerusalem and its Walls,cultural_danger,['ni podatka'],['ni podatka'],1981,ni podatka,"[('ii', 'to exhibit an important interchange of human values, over a span of time or within a cultural area of the world, on developments in architecture or technology, monumental arts, town-planning or landscape design'), ('iii', 'to bear a unique or at least exceptional testimony to a cultural tradition or to a civilization which is living or which has disappeared'), ('vi', 'to be directly or tangibly associated with events or living traditions, with ideas, or with beliefs, with artistic and literary works of outstanding universal significance. (The Committee considers that this criterion should preferably be used in conjunction with other criteria)')]"
326,Petra,cultural,['Jordan'],['Asia'],1985,26171,"[('i', 'to represent a masterpiece of human creative genius'), ('iii', 'to bear a unique or at least exceptional testimony to a cultural tradition or to a civilization which is living or which has disappeared'), ('iv', 'to be an outstanding example of a type of building, architectural or technological ensemble or landscape which illustrates (a) significant stage(s) in human history')]"
327,Quseir Amra,cultural,['Jordan'],['Asia'],1985,0.0445,"[('i', 'to represent a masterpiece of human creative genius'), ('iii', 'to bear a unique or at least exceptional testimony to a cultural tradition or to a civilization which is living or which has disappeared'), ('iv', 'to be an outstanding example of a type of building, architectural or technological ensemble or landscape which illustrates (a) significant stage(s) in human history')]"
1093,Um er-Rasas (Kastrom Mefa'a),cultural,['Jordan'],['Asia'],2004,23.928,"[('i', 'to represent a masterpiece of human creative genius'), ('iv', 'to be an outstanding example of a type of building, architectural or technological ensemble or landscape which illustrates (a) significant stage(s) in human history'), ('vi', 'to be directly or tangibly associated with events or living traditions, with ideas, or with beliefs, with artistic and literary works of outstanding universal significance. (The Committee considers that this criterion should preferably be used in conjunction with other criteria)')]"
1377,Wadi Rum Protected Area,mixed,['Jordan'],['Asia'],2011,74179.7,"[('iii', 'to bear a unique or at least exceptional testimony to a cultural tradition or to a civilization which is living or which has disappeared'), ('v', 'to be an outstanding example of a traditional human settlement, land-use, or sea-use which is representative of a culture (or cultures), or human interaction with the environment especially when it has become vulnerable under the impact of irreversible change'), ('vii', 'to contain superlative natural phenomena or areas of exceptional natural beauty and aesthetic importance')]"
1446,Baptism Site “Bethany Beyond the Jordan” (Al-Maghtas),cultural,['Jordan'],['Asia'],2015,294.155,"[('iii', 'to bear a unique or at least exceptional testimony to a cultural tradition or to a civilization which is living or which has disappeared'), ('vi', 'to be directly or tangibly associated with events or living traditions, with ideas, or with beliefs, with artistic and literary works of outstanding universal significance. (The Committee considers that this criterion should preferably be used in conjunction with other criteria)')]"
689,As-Salt - The Place of Tolerance and Urban Hospitality,cultural,['Jordan'],['Asia'],2021,24.68,"[('ii', 'to exhibit an important interchange of human values, over a span of time or within a cultural area of the world, on developments in architecture or technology, monumental arts, town-planning or landscape design'), ('iii', 'to bear a unique or at least exceptional testimony to a cultural tradition or to a civilization which is living or which has disappeared')]"
1721,Umm Al-Jimāl,cultural,['Jordan'],['Asia'],2024,42.584,"[('iii', 'to bear a unique or at least exceptional testimony to a cultural tradition or to a civilization which is living or which has disappeared')]"
1103,Mausoleum of Khoja Ahmed Yasawi,cultural,['Kazakhstan'],['Asia'],2003,0.55,"[('i', 'to represent a masterpiece of human creative genius'), ('iii', 'to bear a unique or at least exceptional testimony to a cultural tradition or to a civilization which is living or which has disappeared'), ('iv', 'to be an outstanding example of a type of building, architectural or technological ensemble or landscape which illustrates (a) significant stage(s) in human history')]"
1145,Petroglyphs of the Archaeological Landscape of Tanbaly,cultural,['Kazakhstan'],['Asia'],2004,900,"[('iii', 'to bear a unique or at least exceptional testimony to a cultural tradition or to a civilization which is living or which has disappeared')]"
1102,Saryarka – Steppe and Lakes of Northern Kazakhstan,natural,['Kazakhstan'],['Asia'],2008,450344,"[('ix', 'to be outstanding examples representing significant on-going ecological and biological processes in the evolution and development of terrestrial, fresh water, coastal and marine ecosystems and communities of plants and animals'), ('x', 'to contain the most important and significant natural habitats for in-situ conservation of biological diversity, including those containing threatened species of outstanding universal value from the point of view of science or conservation')]"
1490,Western Tien-Shan,natural,"['Kazakhstan', 'Kyrgyzstan', 'Uzbekistan']",['Asia'],2016,528177.6,"[('x', 'to contain the most important and significant natural habitats for in-situ conservation of biological diversity, including those containing threatened species of outstanding universal value from the point of view of science or conservation')]"
1693,Cold Winter Deserts of Turan,natural,"['Kazakhstan', 'Turkmenistan', 'Uzbekistan']",['Asia'],2023,3366441,"[('ix', 'to be outstanding examples representing significant on-going ecological and biological processes in the evolution and development of terrestrial, fresh water, coastal and marine ecosystems and communities of plants and animals'), ('x', 'to contain the most important and significant natural habitats for in-situ conservation of biological diversity, including those containing threatened species of outstanding universal value from the point of view of science or conservation')]"
801,Lake Turkana National Parks,natural_danger,['Kenya'],['Africa'],1997,161485,"[('viii', ""to be outstanding examples representing major stages of earth's history, including the record of life, significant on-going geological processes in the development of landforms, or significant geomorphic or physiographic features""), ('x', 'to contain the most important and significant natural habitats for in-situ conservation of biological diversity, including those containing threatened species of outstanding universal value from the point of view of science or conservation')]"
800,Mount Kenya National Park/Natural Forest,natural,['Kenya'],['Africa'],1997,202334,"[('vii', 'to contain superlative natural phenomena or areas of exceptional natural beauty and aesthetic importance'), ('ix', 'to be outstanding examples representing significant on-going ecological and biological processes in the evolution and development of terrestrial, fresh water, coastal and marine ecosystems and communities of plants and animals')]"
1055,Lamu Old Town,cultural,['Kenya'],['Africa'],2001,15.6,"[('ii', 'to exhibit an important interchange of human values, over a span of time or within a cultural area of the world, on developments in architecture or technology, monumental arts, town-planning or landscape design'), ('iv', 'to be an outstanding example of a type of building, architectural or technological ensemble or landscape which illustrates (a) significant stage(s) in human history'), ('vi', 'to be directly or tangibly associated with events or living traditions, with ideas, or with beliefs, with artistic and literary works of outstanding universal significance. (The Committee considers that this criterion should preferably be used in conjunction with other criteria)')]"
1231,Sacred Mijikenda Kaya Forests,cultural,['Kenya'],['Africa'],2008,1538,"[('iii', 'to bear a unique or at least exceptional testimony to a cultural tradition or to a civilization which is living or which has disappeared'), ('v', 'to be an outstanding example of a traditional human settlement, land-use, or sea-use which is representative of a culture (or cultures), or human interaction with the environment especially when it has become vulnerable under the impact of irreversible change'), ('vi', 'to be directly or tangibly associated with events or living traditions, with ideas, or with beliefs, with artistic and literary works of outstanding universal significance. (The Committee considers that this criterion should preferably be used in conjunction with other criteria)')]"
1295,"Fort Jesus, Mombasa",cultural,['Kenya'],['Africa'],2011,2.36,"[('ii', 'to exhibit an important interchange of human values, over a span of time or within a cultural area of the world, on developments in architecture or technology, monumental arts, town-planning or landscape design'), ('iv', 'to be an outstanding example of a type of building, architectural or technological ensemble or landscape which illustrates (a) significant stage(s) in human history')]"
1060,Kenya Lake System in the Great Rift Valley,natural,['Kenya'],['Africa'],2011,32034,"[('vii', 'to contain superlative natural phenomena or areas of exceptional natural beauty and aesthetic importance'), ('ix', 'to be outstanding examples representing significant on-going ecological and biological processes in the evolution and development of terrestrial, fresh water, coastal and marine ecosystems and communities of plants and animals'), ('x', 'to contain the most important and significant natural habitats for in-situ conservation of biological diversity, including those containing threatened species of outstanding universal value from the point of view of science or conservation')]"
1450,Thimlich Ohinga Archaeological Site,cultural,['Kenya'],['Africa'],2018,21,"[('iii', 'to bear a unique or at least exceptional testimony to a cultural tradition or to a civilization which is living or which has disappeared'), ('iv', 'to be an outstanding example of a type of building, architectural or technological ensemble or landscape which illustrates (a) significant stage(s) in human history'), ('v', 'to be an outstanding example of a traditional human settlement, land-use, or sea-use which is representative of a culture (or cultures), or human interaction with the environment especially when it has become vulnerable under the impact of irreversible change')]"
1720,The Historic Town and Archaeological Site of Gedi,cultural,['Kenya'],['Africa'],2024,20.81,"[('ii', 'to exhibit an important interchange of human values, over a span of time or within a cultural area of the world, on developments in architecture or technology, monumental arts, town-planning or landscape design'), ('iii', 'to bear a unique or at least exceptional testimony to a cultural tradition or to a civilization which is living or which has disappeared'), ('iv', 'to be an outstanding example of a type of building, architectural or technological ensemble or landscape which illustrates (a) significant stage(s) in human history')]"
1325,Phoenix Islands Protected Area,natural,['Kiribati'],['Oceania'],2010,40825000,"[('vii', 'to contain superlative natural phenomena or areas of exceptional natural beauty and aesthetic importance'), ('ix', 'to be outstanding examples representing significant on-going ecological and biological processes in the evolution and development of terrestrial, fresh water, coastal and marine ecosystems and communities of plants and animals')]"
1230,Sulaiman-Too Sacred Mountain,cultural,['Kyrgyzstan'],['Asia'],2009,112,"[('iii', 'to bear a unique or at least exceptional testimony to a cultural tradition or to a civilization which is living or which has disappeared'), ('vi', 'to be directly or tangibly associated with events or living traditions, with ideas, or with beliefs, with artistic and literary works of outstanding universal significance. (The Committee considers that this criterion should preferably be used in conjunction with other criteria)')]"
479,Town of Luang Prabang,cultural,"[""Lao People's Democratic Republic""]",['Asia'],1995,820,"[('ii', 'to exhibit an important interchange of human values, over a span of time or within a cultural area of the world, on developments in architecture or technology, monumental arts, town-planning or landscape design'), ('iv', 'to be an outstanding example of a type of building, architectural or technological ensemble or landscape which illustrates (a) significant stage(s) in human history'), ('v', 'to be an outstanding example of a traditional human settlement, land-use, or sea-use which is representative of a culture (or cultures), or human interaction with the environment especially when it has become vulnerable under the impact of irreversible change')]"
481,Vat Phou and Associated Ancient Settlements within the Champasak Cultural Landscape,cultural,"[""Lao People's Democratic Republic""]",['Asia'],2001,39000,"[('iii', 'to bear a unique or at least exceptional testimony to a cultural tradition or to a civilization which is living or which has disappeared'), ('iv', 'to be an outstanding example of a type of building, architectural or technological ensemble or landscape which illustrates (a) significant stage(s) in human history'), ('vi', 'to be directly or tangibly associated with events or living traditions, with ideas, or with beliefs, with artistic and literary works of outstanding universal significance. (The Committee considers that this criterion should preferably be used in conjunction with other criteria)')]"
951,Phong Nha-Ke Bang National Park and Hin Nam No National Park,natural,"[""Lao People's Democratic Republic"", 'Viet Nam']",['Asia'],2003,217447,"[('viii', ""to be outstanding examples representing major stages of earth's history, including the record of life, significant on-going geological processes in the development of landforms, or significant geomorphic or physiographic features""), ('ix', 'to be outstanding examples representing significant on-going ecological and biological processes in the evolution and development of terrestrial, fresh water, coastal and marine ecosystems and communities of plants and animals'), ('x', 'to contain the most important and significant natural habitats for in-situ conservation of biological diversity, including those containing threatened species of outstanding universal value from the point of view of science or conservation')]"
1587,Megalithic Jar Sites in Xiengkhuang – Plain of Jars,cultural,"[""Lao People's Democratic Republic""]",['Asia'],2019,174.56,"[('iii', 'to bear a unique or at least exceptional testimony to a cultural tradition or to a civilization which is living or which has disappeared')]"
852,Historic Centre of Riga,cultural,['Latvia'],['Europe'],1997,438.3,"[('i', 'to represent a masterpiece of human creative genius'), ('ii', 'to exhibit an important interchange of human values, over a span of time or within a cultural area of the world, on developments in architecture or technology, monumental arts, town-planning or landscape design')]"
1658,Old town of Kuldīga,cultural,['Latvia'],['Europe'],2023,84.33,"[('v', 'to be an outstanding example of a traditional human settlement, land-use, or sea-use which is representative of a culture (or cultures), or human interaction with the environment especially when it has become vulnerable under the impact of irreversible change')]"
293,Anjar,cultural,['Lebanon'],['Asia'],1984,ni podatka,"[('iii', 'to bear a unique or at least exceptional testimony to a cultural tradition or to a civilization which is living or which has disappeared'), ('iv', 'to be an outstanding example of a type of building, architectural or technological ensemble or landscape which illustrates (a) significant stage(s) in human history')]"
294,Baalbek,cultural,['Lebanon'],['Asia'],1984,ni podatka,"[('i', 'to represent a masterpiece of human creative genius'), ('iv', 'to be an outstanding example of a type of building, architectural or technological ensemble or landscape which illustrates (a) significant stage(s) in human history')]"
295,Byblos,cultural,['Lebanon'],['Asia'],1984,ni podatka,"[('iii', 'to bear a unique or at least exceptional testimony to a cultural tradition or to a civilization which is living or which has disappeared'), ('iv', 'to be an outstanding example of a type of building, architectural or technological ensemble or landscape which illustrates (a) significant stage(s) in human history'), ('vi', 'to be directly or tangibly associated with events or living traditions, with ideas, or with beliefs, with artistic and literary works of outstanding universal significance. (The Committee considers that this criterion should preferably be used in conjunction with other criteria)')]"
299,Tyre,cultural,['Lebanon'],['Asia'],1984,153.8,"[('iii', 'to bear a unique or at least exceptional testimony to a cultural tradition or to a civilization which is living or which has disappeared'), ('vi', 'to be directly or tangibly associated with events or living traditions, with ideas, or with beliefs, with artistic and literary works of outstanding universal significance. (The Committee considers that this criterion should preferably be used in conjunction with other criteria)')]"
850,Ouadi Qadisha (the Holy Valley) and the Forest of the Cedars of God (Horsh Arz el-Rab),cultural,['Lebanon'],['Asia'],1998,1720.2,"[('iii', 'to bear a unique or at least exceptional testimony to a cultural tradition or to a civilization which is living or which has disappeared'), ('iv', 'to be an outstanding example of a type of building, architectural or technological ensemble or landscape which illustrates (a) significant stage(s) in human history')]"
1702,Rachid Karami International Fair-Tripoli,cultural_danger,['Lebanon'],['Asia'],2023,72,"[('ii', 'to exhibit an important interchange of human values, over a span of time or within a cultural area of the world, on developments in architecture or technology, monumental arts, town-planning or landscape design'), ('iv', 'to be an outstanding example of a type of building, architectural or technological ensemble or landscape which illustrates (a) significant stage(s) in human history')]"
985,Maloti-Drakensberg Park,mixed,"['Lesotho', 'South Africa']",['Africa'],2000,249313,"[('i', 'to represent a masterpiece of human creative genius'), ('iii', 'to bear a unique or at least exceptional testimony to a cultural tradition or to a civilization which is living or which has disappeared'), ('vii', 'to contain superlative natural phenomena or areas of exceptional natural beauty and aesthetic importance'), ('x', 'to contain the most important and significant natural habitats for in-situ conservation of biological diversity, including those containing threatened species of outstanding universal value from the point of view of science or conservation')]"
190,Archaeological Site of Cyrene,cultural_danger,['Libya'],['Africa'],1982,131.675,"[('ii', 'to exhibit an important interchange of human values, over a span of time or within a cultural area of the world, on developments in architecture or technology, monumental arts, town-planning or landscape design'), ('iii', 'to bear a unique or at least exceptional testimony to a cultural tradition or to a civilization which is living or which has disappeared'), ('vi', 'to be directly or tangibly associated with events or living traditions, with ideas, or with beliefs, with artistic and literary works of outstanding universal significance. (The Committee considers that this criterion should preferably be used in conjunction with other criteria)')]"
183,Archaeological Site of Leptis Magna,cultural_danger,['Libya'],['Africa'],1982,387.485,"[('i', 'to represent a masterpiece of human creative genius'), ('ii', 'to exhibit an important interchange of human values, over a span of time or within a cultural area of the world, on developments in architecture or technology, monumental arts, town-planning or landscape design'), ('iii', 'to bear a unique or at least exceptional testimony to a cultural tradition or to a civilization which is living or which has disappeared')]"
184,Archaeological Site of Sabratha,cultural_danger,['Libya'],['Africa'],1982,90.534,"[('iii', 'to bear a unique or at least exceptional testimony to a cultural tradition or to a civilization which is living or which has disappeared')]"
287,Rock-Art Sites of Tadrart Acacus,cultural_danger,['Libya'],['Africa'],1985,3923961,"[('iii', 'to bear a unique or at least exceptional testimony to a cultural tradition or to a civilization which is living or which has disappeared')]"
362,Old Town of Ghadamès,cultural,['Libya'],['Africa'],1986,287.59,"[('v', 'to be an outstanding example of a traditional human settlement, land-use, or sea-use which is representative of a culture (or cultures), or human interaction with the environment especially when it has become vulnerable under the impact of irreversible change')]"
541,Vilnius Historic Centre,cultural,['Lithuania'],['Europe'],1994,352.09,"[('ii', 'to exhibit an important interchange of human values, over a span of time or within a cultural area of the world, on developments in architecture or technology, monumental arts, town-planning or landscape design'), ('iv', 'to be an outstanding example of a type of building, architectural or technological ensemble or landscape which illustrates (a) significant stage(s) in human history')]"
994,Curonian Spit,cultural,"['Lithuania', 'Russian Federation']",['Europe'],2000,33021,"[('v', 'to be an outstanding example of a traditional human settlement, land-use, or sea-use which is representative of a culture (or cultures), or human interaction with the environment especially when it has become vulnerable under the impact of irreversible change')]"
1137,Kernavė Archaeological Site (Cultural Reserve of Kernavė),cultural,['Lithuania'],['Europe'],2004,194.4,"[('iii', 'to bear a unique or at least exceptional testimony to a cultural tradition or to a civilization which is living or which has disappeared'), ('iv', 'to be an outstanding example of a type of building, architectural or technological ensemble or landscape which illustrates (a) significant stage(s) in human history')]"
1661,"Modernist Kaunas: Architecture of Optimism, 1919-1939",cultural,['Lithuania'],['Europe'],2023,455.3,"[('iv', 'to be an outstanding example of a type of building, architectural or technological ensemble or landscape which illustrates (a) significant stage(s) in human history')]"
699,City of Luxembourg: its Old Quarters and Fortifications,cultural,['Luxembourg'],['Europe'],1994,29.94,"[('iv', 'to be an outstanding example of a type of building, architectural or technological ensemble or landscape which illustrates (a) significant stage(s) in human history')]"
494,Andrefana Dry Forests,natural,['Madagascar'],['Africa'],1990,734298,"[('vii', 'to contain superlative natural phenomena or areas of exceptional natural beauty and aesthetic importance'), ('ix', 'to be outstanding examples representing significant on-going ecological and biological processes in the evolution and development of terrestrial, fresh water, coastal and marine ecosystems and communities of plants and animals'), ('x', 'to contain the most important and significant natural habitats for in-situ conservation of biological diversity, including those containing threatened species of outstanding universal value from the point of view of science or conservation')]"
950,Royal Hill of Ambohimanga,cultural,['Madagascar'],['Africa'],2001,59,"[('iii', 'to bear a unique or at least exceptional testimony to a cultural tradition or to a civilization which is living or which has disappeared'), ('iv', 'to be an outstanding example of a type of building, architectural or technological ensemble or landscape which illustrates (a) significant stage(s) in human history'), ('vi', 'to be directly or tangibly associated with events or living traditions, with ideas, or with beliefs, with artistic and literary works of outstanding universal significance. (The Committee considers that this criterion should preferably be used in conjunction with other criteria)')]"
1257,Rainforests of the Atsinanana,natural,['Madagascar'],['Africa'],2007,479660.7,"[('ix', 'to be outstanding examples representing significant on-going ecological and biological processes in the evolution and development of terrestrial, fresh water, coastal and marine ecosystems and communities of plants and animals'), ('x', 'to contain the most important and significant natural habitats for in-situ conservation of biological diversity, including those containing threatened species of outstanding universal value from the point of view of science or conservation')]"
289,Lake Malawi National Park,natural,['Malawi'],['Africa'],1984,9400,"[('vii', 'to contain superlative natural phenomena or areas of exceptional natural beauty and aesthetic importance'), ('ix', 'to be outstanding examples representing significant on-going ecological and biological processes in the evolution and development of terrestrial, fresh water, coastal and marine ecosystems and communities of plants and animals'), ('x', 'to contain the most important and significant natural habitats for in-situ conservation of biological diversity, including those containing threatened species of outstanding universal value from the point of view of science or conservation')]"
476,Chongoni Rock-Art Area,cultural,['Malawi'],['Africa'],2006,12640,"[('iii', 'to bear a unique or at least exceptional testimony to a cultural tradition or to a civilization which is living or which has disappeared'), ('vi', 'to be directly or tangibly associated with events or living traditions, with ideas, or with beliefs, with artistic and literary works of outstanding universal significance. (The Committee considers that this criterion should preferably be used in conjunction with other criteria)')]"
1201,Mount Mulanje Cultural Landscape,cultural,['Malawi'],['Africa'],2025,89549.18,"[('iii', 'to bear a unique or at least exceptional testimony to a cultural tradition or to a civilization which is living or which has disappeared'), ('vi', 'to be directly or tangibly associated with events or living traditions, with ideas, or with beliefs, with artistic and literary works of outstanding universal significance. (The Committee considers that this criterion should preferably be used in conjunction with other criteria)')]"
1013,Gunung Mulu National Park,natural,['Malaysia'],['Asia'],2000,52864,"[('vii', 'to contain superlative natural phenomena or areas of exceptional natural beauty and aesthetic importance'), ('viii', ""to be outstanding examples representing major stages of earth's history, including the record of life, significant on-going geological processes in the development of landforms, or significant geomorphic or physiographic features""), ('ix', 'to be outstanding examples representing significant on-going ecological and biological processes in the evolution and development of terrestrial, fresh water, coastal and marine ecosystems and communities of plants and animals'), ('x', 'to contain the most important and significant natural habitats for in-situ conservation of biological diversity, including those containing threatened species of outstanding universal value from the point of view of science or conservation')]"
1012,Kinabalu Park,natural,['Malaysia'],['Asia'],2000,75370,"[('ix', 'to be outstanding examples representing significant on-going ecological and biological processes in the evolution and development of terrestrial, fresh water, coastal and marine ecosystems and communities of plants and animals'), ('x', 'to contain the most important and significant natural habitats for in-situ conservation of biological diversity, including those containing threatened species of outstanding universal value from the point of view of science or conservation')]"
1223,"Melaka and George Town, Historic Cities of the Straits of Malacca",cultural,['Malaysia'],['Asia'],2008,154.68,"[('ii', 'to exhibit an important interchange of human values, over a span of time or within a cultural area of the world, on developments in architecture or technology, monumental arts, town-planning or landscape design'), ('iii', 'to bear a unique or at least exceptional testimony to a cultural tradition or to a civilization which is living or which has disappeared'), ('iv', 'to be an outstanding example of a type of building, architectural or technological ensemble or landscape which illustrates (a) significant stage(s) in human history')]"
1396,Archaeological Heritage of the Lenggong Valley,cultural,['Malaysia'],['Asia'],2012,398.64,"[('iii', 'to bear a unique or at least exceptional testimony to a cultural tradition or to a civilization which is living or which has disappeared'), ('iv', 'to be an outstanding example of a type of building, architectural or technological ensemble or landscape which illustrates (a) significant stage(s) in human history')]"
1014,The Archaeological Heritage of Niah National Park’s Caves Complex,cultural,['Malaysia'],['Asia'],2024,3609,"[('iii', 'to bear a unique or at least exceptional testimony to a cultural tradition or to a civilization which is living or which has disappeared'), ('v', 'to be an outstanding example of a traditional human settlement, land-use, or sea-use which is representative of a culture (or cultures), or human interaction with the environment especially when it has become vulnerable under the impact of irreversible change')]"
1734,Forest Research Institute Malaysia Forest Park Selangor,cultural,['Malaysia'],['Asia'],2025,589,"[('iv', 'to be an outstanding example of a type of building, architectural or technological ensemble or landscape which illustrates (a) significant stage(s) in human history')]"
116,Old Towns of Djenné,cultural_danger,['Mali'],['Africa'],1988,ni podatka,"[('iii', 'to bear a unique or at least exceptional testimony to a cultural tradition or to a civilization which is living or which has disappeared'), ('iv', 'to be an outstanding example of a type of building, architectural or technological ensemble or landscape which illustrates (a) significant stage(s) in human history')]"
119,Timbuktu,cultural_danger,['Mali'],['Africa'],1988,ni podatka,"[('ii', 'to exhibit an important interchange of human values, over a span of time or within a cultural area of the world, on developments in architecture or technology, monumental arts, town-planning or landscape design'), ('iv', 'to be an outstanding example of a type of building, architectural or technological ensemble or landscape which illustrates (a) significant stage(s) in human history'), ('v', 'to be an outstanding example of a traditional human settlement, land-use, or sea-use which is representative of a culture (or cultures), or human interaction with the environment especially when it has become vulnerable under the impact of irreversible change')]"
516,Cliff of Bandiagara (Land of the Dogons),mixed,['Mali'],['Africa'],1989,327390,"[('v', 'to be an outstanding example of a traditional human settlement, land-use, or sea-use which is representative of a culture (or cultures), or human interaction with the environment especially when it has become vulnerable under the impact of irreversible change'), ('vii', 'to contain superlative natural phenomena or areas of exceptional natural beauty and aesthetic importance')]"
1139,Tomb of Askia,cultural_danger,['Mali'],['Africa'],2004,4.24,"[('ii', 'to exhibit an important interchange of human values, over a span of time or within a cultural area of the world, on developments in architecture or technology, monumental arts, town-planning or landscape design'), ('iii', 'to bear a unique or at least exceptional testimony to a cultural tradition or to a civilization which is living or which has disappeared'), ('iv', 'to be an outstanding example of a type of building, architectural or technological ensemble or landscape which illustrates (a) significant stage(s) in human history')]"
131,City of Valletta,cultural,['Malta'],['Europe'],1980,55.5,"[('i', 'to represent a masterpiece of human creative genius'), ('vi', 'to be directly or tangibly associated with events or living traditions, with ideas, or with beliefs, with artistic and literary works of outstanding universal significance. (The Committee considers that this criterion should preferably be used in conjunction with other criteria)')]"
130,Ħal Saflieni Hypogeum,cultural,['Malta'],['Europe'],1980,0.13,"[('iii', 'to bear a unique or at least exceptional testimony to a cultural tradition or to a civilization which is living or which has disappeared')]"
132,Megalithic Temples of Malta,cultural,['Malta'],['Europe'],1980,3.155,"[('iv', 'to be an outstanding example of a type of building, architectural or technological ensemble or landscape which illustrates (a) significant stage(s) in human history')]"
1339,Bikini Atoll Nuclear Test Site,cultural,['Marshall Islands'],['Oceania'],2010,73500,"[('iv', 'to be an outstanding example of a type of building, architectural or technological ensemble or landscape which illustrates (a) significant stage(s) in human history'), ('vi', 'to be directly or tangibly associated with events or living traditions, with ideas, or with beliefs, with artistic and literary works of outstanding universal significance. (The Committee considers that this criterion should preferably be used in conjunction with other criteria)')]"
506,Banc d'Arguin National Park,natural,['Mauritania'],['Africa'],1989,1200000,"[('ix', 'to be outstanding examples representing significant on-going ecological and biological processes in the evolution and development of terrestrial, fresh water, coastal and marine ecosystems and communities of plants and animals'), ('x', 'to contain the most important and significant natural habitats for in-situ conservation of biological diversity, including those containing threatened species of outstanding universal value from the point of view of science or conservation')]"
750,"Ancient <I>Ksour</I> of Ouadane, Chinguetti, Tichitt and Oualata",cultural,['Mauritania'],['Africa'],1996,ni podatka,"[('iii', 'to bear a unique or at least exceptional testimony to a cultural tradition or to a civilization which is living or which has disappeared'), ('iv', 'to be an outstanding example of a type of building, architectural or technological ensemble or landscape which illustrates (a) significant stage(s) in human history'), ('v', 'to be an outstanding example of a traditional human settlement, land-use, or sea-use which is representative of a culture (or cultures), or human interaction with the environment especially when it has become vulnerable under the impact of irreversible change')]"
1227,Aapravasi Ghat,cultural,['Mauritius'],['Africa'],2006,0.164,"[('vi', 'to be directly or tangibly associated with events or living traditions, with ideas, or with beliefs, with artistic and literary works of outstanding universal significance. (The Committee considers that this criterion should preferably be used in conjunction with other criteria)')]"
1259,Le Morne Cultural Landscape,cultural,['Mauritius'],['Africa'],2008,349.6,"[('iii', 'to bear a unique or at least exceptional testimony to a cultural tradition or to a civilization which is living or which has disappeared'), ('vi', 'to be directly or tangibly associated with events or living traditions, with ideas, or with beliefs, with artistic and literary works of outstanding universal significance. (The Committee considers that this criterion should preferably be used in conjunction with other criteria)')]"
412,Historic Centre of Mexico City and Xochimilco,cultural,['Mexico'],['North America'],1987,3010.86,"[('ii', 'to exhibit an important interchange of human values, over a span of time or within a cultural area of the world, on developments in architecture or technology, monumental arts, town-planning or landscape design'), ('iii', 'to bear a unique or at least exceptional testimony to a cultural tradition or to a civilization which is living or which has disappeared'), ('iv', 'to be an outstanding example of a type of building, architectural or technological ensemble or landscape which illustrates (a) significant stage(s) in human history'), ('v', 'to be an outstanding example of a traditional human settlement, land-use, or sea-use which is representative of a culture (or cultures), or human interaction with the environment especially when it has become vulnerable under the impact of irreversible change')]"
415,Historic Centre of Oaxaca and Archaeological Site of Monte Albán,cultural,['Mexico'],['North America'],1987,4375,"[('i', 'to represent a masterpiece of human creative genius'), ('ii', 'to exhibit an important interchange of human values, over a span of time or within a cultural area of the world, on developments in architecture or technology, monumental arts, town-planning or landscape design'), ('iii', 'to bear a unique or at least exceptional testimony to a cultural tradition or to a civilization which is living or which has disappeared'), ('iv', 'to be an outstanding example of a type of building, architectural or technological ensemble or landscape which illustrates (a) significant stage(s) in human history')]"
416,Historic Centre of Puebla,cultural,['Mexico'],['North America'],1987,690,"[('ii', 'to exhibit an important interchange of human values, over a span of time or within a cultural area of the world, on developments in architecture or technology, monumental arts, town-planning or landscape design'), ('iv', 'to be an outstanding example of a type of building, architectural or technological ensemble or landscape which illustrates (a) significant stage(s) in human history')]"
411,Pre-Hispanic City and National Park of Palenque,cultural,['Mexico'],['North America'],1987,1772,"[('i', 'to represent a masterpiece of human creative genius'), ('ii', 'to exhibit an important interchange of human values, over a span of time or within a cultural area of the world, on developments in architecture or technology, monumental arts, town-planning or landscape design'), ('iii', 'to bear a unique or at least exceptional testimony to a cultural tradition or to a civilization which is living or which has disappeared'), ('iv', 'to be an outstanding example of a type of building, architectural or technological ensemble or landscape which illustrates (a) significant stage(s) in human history')]"
414,Pre-Hispanic City of Teotihuacan,cultural,['Mexico'],['North America'],1987,250,"[('i', 'to represent a masterpiece of human creative genius'), ('ii', 'to exhibit an important interchange of human values, over a span of time or within a cultural area of the world, on developments in architecture or technology, monumental arts, town-planning or landscape design'), ('iii', 'to bear a unique or at least exceptional testimony to a cultural tradition or to a civilization which is living or which has disappeared'), ('iv', 'to be an outstanding example of a type of building, architectural or technological ensemble or landscape which illustrates (a) significant stage(s) in human history'), ('vi', 'to be directly or tangibly associated with events or living traditions, with ideas, or with beliefs, with artistic and literary works of outstanding universal significance. (The Committee considers that this criterion should preferably be used in conjunction with other criteria)')]"
410,Sian Ka'an,natural,['Mexico'],['North America'],1987,528000,"[('vii', 'to contain superlative natural phenomena or areas of exceptional natural beauty and aesthetic importance'), ('x', 'to contain the most important and significant natural habitats for in-situ conservation of biological diversity, including those containing threatened species of outstanding universal value from the point of view of science or conservation')]"
482,Historic Town of Guanajuato and Adjacent Mines,cultural,['Mexico'],['North America'],1988,2167.5,"[('i', 'to represent a masterpiece of human creative genius'), ('ii', 'to exhibit an important interchange of human values, over a span of time or within a cultural area of the world, on developments in architecture or technology, monumental arts, town-planning or landscape design'), ('iv', 'to be an outstanding example of a type of building, architectural or technological ensemble or landscape which illustrates (a) significant stage(s) in human history'), ('vi', 'to be directly or tangibly associated with events or living traditions, with ideas, or with beliefs, with artistic and literary works of outstanding universal significance. (The Committee considers that this criterion should preferably be used in conjunction with other criteria)')]"
483,Pre-Hispanic City of Chichen-Itza,cultural,['Mexico'],['North America'],1988,ni podatka,"[('i', 'to represent a masterpiece of human creative genius'), ('ii', 'to exhibit an important interchange of human values, over a span of time or within a cultural area of the world, on developments in architecture or technology, monumental arts, town-planning or landscape design'), ('iii', 'to bear a unique or at least exceptional testimony to a cultural tradition or to a civilization which is living or which has disappeared')]"
585,Historic Centre of Morelia,cultural,['Mexico'],['North America'],1991,390,"[('ii', 'to exhibit an important interchange of human values, over a span of time or within a cultural area of the world, on developments in architecture or technology, monumental arts, town-planning or landscape design'), ('iv', 'to be an outstanding example of a type of building, architectural or technological ensemble or landscape which illustrates (a) significant stage(s) in human history'), ('vi', 'to be directly or tangibly associated with events or living traditions, with ideas, or with beliefs, with artistic and literary works of outstanding universal significance. (The Committee considers that this criterion should preferably be used in conjunction with other criteria)')]"
631,"El Tajin, Pre-Hispanic City",cultural,['Mexico'],['North America'],1992,240,"[('iii', 'to bear a unique or at least exceptional testimony to a cultural tradition or to a civilization which is living or which has disappeared'), ('iv', 'to be an outstanding example of a type of building, architectural or technological ensemble or landscape which illustrates (a) significant stage(s) in human history')]"
676,Historic Centre of Zacatecas,cultural,['Mexico'],['North America'],1993,207.72,"[('ii', 'to exhibit an important interchange of human values, over a span of time or within a cultural area of the world, on developments in architecture or technology, monumental arts, town-planning or landscape design'), ('iv', 'to be an outstanding example of a type of building, architectural or technological ensemble or landscape which illustrates (a) significant stage(s) in human history')]"
714,Rock Paintings of the Sierra de San Francisco,cultural,['Mexico'],['North America'],1993,182600,"[('i', 'to represent a masterpiece of human creative genius'), ('iii', 'to bear a unique or at least exceptional testimony to a cultural tradition or to a civilization which is living or which has disappeared')]"
554,Whale Sanctuary of El Vizcaino,natural,['Mexico'],['North America'],1993,369631,"[('x', 'to contain the most important and significant natural habitats for in-situ conservation of biological diversity, including those containing threatened species of outstanding universal value from the point of view of science or conservation')]"
702,Earliest 16th-Century Monasteries on the Slopes of Popocatepetl,cultural,['Mexico'],['North America'],1994,24.33,"[('ii', 'to exhibit an important interchange of human values, over a span of time or within a cultural area of the world, on developments in architecture or technology, monumental arts, town-planning or landscape design'), ('iv', 'to be an outstanding example of a type of building, architectural or technological ensemble or landscape which illustrates (a) significant stage(s) in human history')]"
792,Historic Monuments Zone of Querétaro,cultural,['Mexico'],['North America'],1996,258.3,"[('ii', 'to exhibit an important interchange of human values, over a span of time or within a cultural area of the world, on developments in architecture or technology, monumental arts, town-planning or landscape design'), ('iv', 'to be an outstanding example of a type of building, architectural or technological ensemble or landscape which illustrates (a) significant stage(s) in human history')]"
791,Pre-Hispanic Town of Uxmal,cultural,['Mexico'],['North America'],1996,2059.8,"[('i', 'to represent a masterpiece of human creative genius'), ('ii', 'to exhibit an important interchange of human values, over a span of time or within a cultural area of the world, on developments in architecture or technology, monumental arts, town-planning or landscape design'), ('iii', 'to bear a unique or at least exceptional testimony to a cultural tradition or to a civilization which is living or which has disappeared')]"
815,"Hospicio Cabañas, Guadalajara",cultural,['Mexico'],['North America'],1997,2.34,"[('i', 'to represent a masterpiece of human creative genius'), ('ii', 'to exhibit an important interchange of human values, over a span of time or within a cultural area of the world, on developments in architecture or technology, monumental arts, town-planning or landscape design'), ('iii', 'to bear a unique or at least exceptional testimony to a cultural tradition or to a civilization which is living or which has disappeared'), ('iv', 'to be an outstanding example of a type of building, architectural or technological ensemble or landscape which illustrates (a) significant stage(s) in human history')]"
560,"Archaeological Zone of Paquimé, Casas Grandes",cultural,['Mexico'],['North America'],1998,146.72,"[('iii', 'to bear a unique or at least exceptional testimony to a cultural tradition or to a civilization which is living or which has disappeared'), ('iv', 'to be an outstanding example of a type of building, architectural or technological ensemble or landscape which illustrates (a) significant stage(s) in human history')]"
862,Historic Monuments Zone of Tlacotalpan,cultural,['Mexico'],['North America'],1998,75,"[('ii', 'to exhibit an important interchange of human values, over a span of time or within a cultural area of the world, on developments in architecture or technology, monumental arts, town-planning or landscape design'), ('iv', 'to be an outstanding example of a type of building, architectural or technological ensemble or landscape which illustrates (a) significant stage(s) in human history')]"
939,Archaeological Monuments Zone of Xochicalco,cultural,['Mexico'],['North America'],1999,707.65,"[('iii', 'to bear a unique or at least exceptional testimony to a cultural tradition or to a civilization which is living or which has disappeared'), ('iv', 'to be an outstanding example of a type of building, architectural or technological ensemble or landscape which illustrates (a) significant stage(s) in human history')]"
895,Historic Fortified Town of Campeche,cultural,['Mexico'],['North America'],1999,181,"[('ii', 'to exhibit an important interchange of human values, over a span of time or within a cultural area of the world, on developments in architecture or technology, monumental arts, town-planning or landscape design'), ('iv', 'to be an outstanding example of a type of building, architectural or technological ensemble or landscape which illustrates (a) significant stage(s) in human history')]"
1061,"Ancient Maya City and Protected Tropical Forests of Calakmul, Campeche",mixed,['Mexico'],['North America'],2002,331397,"[('i', 'to represent a masterpiece of human creative genius'), ('ii', 'to exhibit an important interchange of human values, over a span of time or within a cultural area of the world, on developments in architecture or technology, monumental arts, town-planning or landscape design'), ('iii', 'to bear a unique or at least exceptional testimony to a cultural tradition or to a civilization which is living or which has disappeared'), ('iv', 'to be an outstanding example of a type of building, architectural or technological ensemble or landscape which illustrates (a) significant stage(s) in human history'), ('ix', 'to be outstanding examples representing significant on-going ecological and biological processes in the evolution and development of terrestrial, fresh water, coastal and marine ecosystems and communities of plants and animals'), ('x', 'to contain the most important and significant natural habitats for in-situ conservation of biological diversity, including those containing threatened species of outstanding universal value from the point of view of science or conservation')]"
1079,Franciscan Missions in the Sierra Gorda of Querétaro,cultural,['Mexico'],['North America'],2003,103.7,"[('ii', 'to exhibit an important interchange of human values, over a span of time or within a cultural area of the world, on developments in architecture or technology, monumental arts, town-planning or landscape design'), ('iii', 'to bear a unique or at least exceptional testimony to a cultural tradition or to a civilization which is living or which has disappeared')]"
1136,Luis Barragán House and Studio,cultural,['Mexico'],['North America'],2004,0.1161,"[('i', 'to represent a masterpiece of human creative genius'), ('ii', 'to exhibit an important interchange of human values, over a span of time or within a cultural area of the world, on developments in architecture or technology, monumental arts, town-planning or landscape design')]"
1182,Islands and Protected Areas of the Gulf of California,natural_danger,['Mexico'],['North America'],2005,688558,"[('vii', 'to contain superlative natural phenomena or areas of exceptional natural beauty and aesthetic importance'), ('ix', 'to be outstanding examples representing significant on-going ecological and biological processes in the evolution and development of terrestrial, fresh water, coastal and marine ecosystems and communities of plants and animals'), ('x', 'to contain the most important and significant natural habitats for in-situ conservation of biological diversity, including those containing threatened species of outstanding universal value from the point of view of science or conservation')]"
1209,Agave Landscape and Ancient Industrial Facilities of Tequila,cultural,['Mexico'],['North America'],2006,35018.852,"[('ii', 'to exhibit an important interchange of human values, over a span of time or within a cultural area of the world, on developments in architecture or technology, monumental arts, town-planning or landscape design'), ('iv', 'to be an outstanding example of a type of building, architectural or technological ensemble or landscape which illustrates (a) significant stage(s) in human history'), ('v', 'to be an outstanding example of a traditional human settlement, land-use, or sea-use which is representative of a culture (or cultures), or human interaction with the environment especially when it has become vulnerable under the impact of irreversible change'), ('vi', 'to be directly or tangibly associated with events or living traditions, with ideas, or with beliefs, with artistic and literary works of outstanding universal significance. (The Committee considers that this criterion should preferably be used in conjunction with other criteria)')]"
1250,Central University City Campus of the <i>Universidad Nacional Autónoma de México</i> (UNAM),cultural,['Mexico'],['North America'],2007,176.5,"[('i', 'to represent a masterpiece of human creative genius'), ('ii', 'to exhibit an important interchange of human values, over a span of time or within a cultural area of the world, on developments in architecture or technology, monumental arts, town-planning or landscape design'), ('iv', 'to be an outstanding example of a type of building, architectural or technological ensemble or landscape which illustrates (a) significant stage(s) in human history')]"
1290,Monarch Butterfly Biosphere Reserve,natural,['Mexico'],['North America'],2008,13551.552,"[('vii', 'to contain superlative natural phenomena or areas of exceptional natural beauty and aesthetic importance')]"
1274,Protective town of San Miguel and the Sanctuary of Jesús Nazareno de Atotonilco,cultural,['Mexico'],['North America'],2008,46.95,"[('ii', 'to exhibit an important interchange of human values, over a span of time or within a cultural area of the world, on developments in architecture or technology, monumental arts, town-planning or landscape design'), ('iv', 'to be an outstanding example of a type of building, architectural or technological ensemble or landscape which illustrates (a) significant stage(s) in human history')]"
1351,Camino Real de Tierra Adentro,cultural,['Mexico'],['North America'],2010,3101.91,"[('ii', 'to exhibit an important interchange of human values, over a span of time or within a cultural area of the world, on developments in architecture or technology, monumental arts, town-planning or landscape design'), ('iv', 'to be an outstanding example of a type of building, architectural or technological ensemble or landscape which illustrates (a) significant stage(s) in human history')]"
1352,Prehistoric Caves of Yagul and Mitla in the Central Valley of Oaxaca,cultural,['Mexico'],['North America'],2010,1515.17,"[('iii', 'to bear a unique or at least exceptional testimony to a cultural tradition or to a civilization which is living or which has disappeared')]"
1410,El Pinacate and Gran Desierto de Altar Biosphere Reserve,natural,['Mexico'],['North America'],2013,714566,"[('vii', 'to contain superlative natural phenomena or areas of exceptional natural beauty and aesthetic importance'), ('viii', ""to be outstanding examples representing major stages of earth's history, including the record of life, significant on-going geological processes in the development of landforms, or significant geomorphic or physiographic features""), ('x', 'to contain the most important and significant natural habitats for in-situ conservation of biological diversity, including those containing threatened species of outstanding universal value from the point of view of science or conservation')]"
1463,Aqueduct of Padre Tembleque Hydraulic System,cultural,['Mexico'],['North America'],2015,6540,"[('i', 'to represent a masterpiece of human creative genius'), ('ii', 'to exhibit an important interchange of human values, over a span of time or within a cultural area of the world, on developments in architecture or technology, monumental arts, town-planning or landscape design'), ('iv', 'to be an outstanding example of a type of building, architectural or technological ensemble or landscape which illustrates (a) significant stage(s) in human history')]"
1510,Archipiélago de Revillagigedo,natural,['Mexico'],['North America'],2016,636685.375,"[('vii', 'to contain superlative natural phenomena or areas of exceptional natural beauty and aesthetic importance'), ('ix', 'to be outstanding examples representing significant on-going ecological and biological processes in the evolution and development of terrestrial, fresh water, coastal and marine ecosystems and communities of plants and animals'), ('x', 'to contain the most important and significant natural habitats for in-situ conservation of biological diversity, including those containing threatened species of outstanding universal value from the point of view of science or conservation')]"
1534,Tehuacán-Cuicatlán Valley: originary habitat of Mesoamerica,mixed,['Mexico'],['North America'],2018,145255.2,"[('iv', 'to be an outstanding example of a type of building, architectural or technological ensemble or landscape which illustrates (a) significant stage(s) in human history'), ('x', 'to contain the most important and significant natural habitats for in-situ conservation of biological diversity, including those containing threatened species of outstanding universal value from the point of view of science or conservation')]"
1704,Wixárika Route through Sacred Sites to Wirikuta (Tatehuarí Huajuyé),cultural,['Mexico'],['North America'],2025,135420.64,"[('iii', 'to bear a unique or at least exceptional testimony to a cultural tradition or to a civilization which is living or which has disappeared'), ('vi', 'to be directly or tangibly associated with events or living traditions, with ideas, or with beliefs, with artistic and literary works of outstanding universal significance. (The Committee considers that this criterion should preferably be used in conjunction with other criteria)')]"
1503,Nan Madol: Ceremonial Centre of Eastern Micronesia,cultural_danger,['Micronesia (Federated States of)'],['Oceania'],2016,76.7,"[('i', 'to represent a masterpiece of human creative genius'), ('iii', 'to bear a unique or at least exceptional testimony to a cultural tradition or to a civilization which is living or which has disappeared'), ('iv', 'to be an outstanding example of a type of building, architectural or technological ensemble or landscape which illustrates (a) significant stage(s) in human history'), ('vi', 'to be directly or tangibly associated with events or living traditions, with ideas, or with beliefs, with artistic and literary works of outstanding universal significance. (The Committee considers that this criterion should preferably be used in conjunction with other criteria)')]"
769,Uvs Nuur Basin,natural,"['Mongolia', 'Russian Federation']","['Asia', 'Europe']",2003,898063.5,"[('ix', 'to be outstanding examples representing significant on-going ecological and biological processes in the evolution and development of terrestrial, fresh water, coastal and marine ecosystems and communities of plants and animals'), ('x', 'to contain the most important and significant natural habitats for in-situ conservation of biological diversity, including those containing threatened species of outstanding universal value from the point of view of science or conservation')]"
1081,Orkhon Valley Cultural Landscape,cultural,['Mongolia'],['Asia'],2004,121967,"[('ii', 'to exhibit an important interchange of human values, over a span of time or within a cultural area of the world, on developments in architecture or technology, monumental arts, town-planning or landscape design'), ('iii', 'to bear a unique or at least exceptional testimony to a cultural tradition or to a civilization which is living or which has disappeared'), ('iv', 'to be an outstanding example of a type of building, architectural or technological ensemble or landscape which illustrates (a) significant stage(s) in human history')]"
1382,Petroglyphic Complexes of the Mongolian Altai,cultural,['Mongolia'],['Asia'],2011,11300,"[('iii', 'to bear a unique or at least exceptional testimony to a cultural tradition or to a civilization which is living or which has disappeared')]"
1440,Great Burkhan Khaldun Mountain and its surrounding sacred landscape,cultural,['Mongolia'],['Asia'],2015,443739.2,"[('iv', 'to be an outstanding example of a type of building, architectural or technological ensemble or landscape which illustrates (a) significant stage(s) in human history'), ('vi', 'to be directly or tangibly associated with events or living traditions, with ideas, or with beliefs, with artistic and literary works of outstanding universal significance. (The Committee considers that this criterion should preferably be used in conjunction with other criteria)')]"
1448,Landscapes of Dauria,natural,"['Mongolia', 'Russian Federation']","['Asia', 'Europe']",2017,912624,"[('ix', 'to be outstanding examples representing significant on-going ecological and biological processes in the evolution and development of terrestrial, fresh water, coastal and marine ecosystems and communities of plants and animals'), ('x', 'to contain the most important and significant natural habitats for in-situ conservation of biological diversity, including those containing threatened species of outstanding universal value from the point of view of science or conservation')]"
1621,Deer Stone Monuments and Related Bronze Age Sites,cultural,['Mongolia'],['Asia'],2023,9768.87,"[('i', 'to represent a masterpiece of human creative genius'), ('iii', 'to bear a unique or at least exceptional testimony to a cultural tradition or to a civilization which is living or which has disappeared')]"
125,Natural and Culturo-Historical Region of Kotor,cultural,['Montenegro'],['Europe'],1979,14600,"[('i', 'to represent a masterpiece of human creative genius'), ('ii', 'to exhibit an important interchange of human values, over a span of time or within a cultural area of the world, on developments in architecture or technology, monumental arts, town-planning or landscape design'), ('iii', 'to bear a unique or at least exceptional testimony to a cultural tradition or to a civilization which is living or which has disappeared'), ('iv', 'to be an outstanding example of a type of building, architectural or technological ensemble or landscape which illustrates (a) significant stage(s) in human history')]"
100,Durmitor National Park,natural,['Montenegro'],['Europe'],1980,32100,"[('vii', 'to contain superlative natural phenomena or areas of exceptional natural beauty and aesthetic importance'), ('viii', ""to be outstanding examples representing major stages of earth's history, including the record of life, significant on-going geological processes in the development of landforms, or significant geomorphic or physiographic features""), ('x', 'to contain the most important and significant natural habitats for in-situ conservation of biological diversity, including those containing threatened species of outstanding universal value from the point of view of science or conservation')]"
170,Medina of Fez,cultural,['Morocco'],['Africa'],1981,280,"[('ii', 'to exhibit an important interchange of human values, over a span of time or within a cultural area of the world, on developments in architecture or technology, monumental arts, town-planning or landscape design'), ('v', 'to be an outstanding example of a traditional human settlement, land-use, or sea-use which is representative of a culture (or cultures), or human interaction with the environment especially when it has become vulnerable under the impact of irreversible change')]"
331,Medina of Marrakesh,cultural,['Morocco'],['Africa'],1985,1107,"[('i', 'to represent a masterpiece of human creative genius'), ('ii', 'to exhibit an important interchange of human values, over a span of time or within a cultural area of the world, on developments in architecture or technology, monumental arts, town-planning or landscape design'), ('iv', 'to be an outstanding example of a type of building, architectural or technological ensemble or landscape which illustrates (a) significant stage(s) in human history'), ('v', 'to be an outstanding example of a traditional human settlement, land-use, or sea-use which is representative of a culture (or cultures), or human interaction with the environment especially when it has become vulnerable under the impact of irreversible change')]"
444,Ksar of Ait-Ben-Haddou,cultural,['Morocco'],['Africa'],1987,3.03,"[('iv', 'to be an outstanding example of a type of building, architectural or technological ensemble or landscape which illustrates (a) significant stage(s) in human history'), ('v', 'to be an outstanding example of a traditional human settlement, land-use, or sea-use which is representative of a culture (or cultures), or human interaction with the environment especially when it has become vulnerable under the impact of irreversible change')]"
793,Historic City of Meknes,cultural,['Morocco'],['Africa'],1996,ni podatka,"[('iv', 'to be an outstanding example of a type of building, architectural or technological ensemble or landscape which illustrates (a) significant stage(s) in human history')]"
836,Archaeological Site of Volubilis,cultural,['Morocco'],['Africa'],1997,42,"[('ii', 'to exhibit an important interchange of human values, over a span of time or within a cultural area of the world, on developments in architecture or technology, monumental arts, town-planning or landscape design'), ('iii', 'to bear a unique or at least exceptional testimony to a cultural tradition or to a civilization which is living or which has disappeared'), ('iv', 'to be an outstanding example of a type of building, architectural or technological ensemble or landscape which illustrates (a) significant stage(s) in human history'), ('vi', 'to be directly or tangibly associated with events or living traditions, with ideas, or with beliefs, with artistic and literary works of outstanding universal significance. (The Committee considers that this criterion should preferably be used in conjunction with other criteria)')]"
837,Medina of Tétouan (formerly known as Titawin),cultural,['Morocco'],['Africa'],1997,6.5,"[('ii', 'to exhibit an important interchange of human values, over a span of time or within a cultural area of the world, on developments in architecture or technology, monumental arts, town-planning or landscape design'), ('iv', 'to be an outstanding example of a type of building, architectural or technological ensemble or landscape which illustrates (a) significant stage(s) in human history'), ('v', 'to be an outstanding example of a traditional human settlement, land-use, or sea-use which is representative of a culture (or cultures), or human interaction with the environment especially when it has become vulnerable under the impact of irreversible change')]"
753,Medina of Essaouira (formerly Mogador),cultural,['Morocco'],['Africa'],2001,56.7,"[('ii', 'to exhibit an important interchange of human values, over a span of time or within a cultural area of the world, on developments in architecture or technology, monumental arts, town-planning or landscape design'), ('iv', 'to be an outstanding example of a type of building, architectural or technological ensemble or landscape which illustrates (a) significant stage(s) in human history')]"
1058,Portuguese City of Mazagan (El Jadida),cultural,['Morocco'],['Africa'],2004,7.5,"[('ii', 'to exhibit an important interchange of human values, over a span of time or within a cultural area of the world, on developments in architecture or technology, monumental arts, town-planning or landscape design'), ('iv', 'to be an outstanding example of a type of building, architectural or technological ensemble or landscape which illustrates (a) significant stage(s) in human history')]"
1401,"Rabat, Modern Capital and Historic City: a Shared Heritage",cultural,['Morocco'],['Africa'],2012,348.59,"[('ii', 'to exhibit an important interchange of human values, over a span of time or within a cultural area of the world, on developments in architecture or technology, monumental arts, town-planning or landscape design'), ('iv', 'to be an outstanding example of a type of building, architectural or technological ensemble or landscape which illustrates (a) significant stage(s) in human history')]"
599,Island of Mozambique,cultural,['Mozambique'],['Africa'],1991,95.7,"[('iv', 'to be an outstanding example of a type of building, architectural or technological ensemble or landscape which illustrates (a) significant stage(s) in human history'), ('vi', 'to be directly or tangibly associated with events or living traditions, with ideas, or with beliefs, with artistic and literary works of outstanding universal significance. (The Committee considers that this criterion should preferably be used in conjunction with other criteria)')]"
914,iSimangaliso Wetland Park – Maputo National Park,natural,"['Mozambique', 'South Africa']",['Africa'],1999,397471,"[('vii', 'to contain superlative natural phenomena or areas of exceptional natural beauty and aesthetic importance'), ('ix', 'to be outstanding examples representing significant on-going ecological and biological processes in the evolution and development of terrestrial, fresh water, coastal and marine ecosystems and communities of plants and animals'), ('x', 'to contain the most important and significant natural habitats for in-situ conservation of biological diversity, including those containing threatened species of outstanding universal value from the point of view of science or conservation')]"
1444,Pyu Ancient Cities,cultural,['Myanmar'],['Asia'],2014,5809,"[('ii', 'to exhibit an important interchange of human values, over a span of time or within a cultural area of the world, on developments in architecture or technology, monumental arts, town-planning or landscape design'), ('iii', 'to bear a unique or at least exceptional testimony to a cultural tradition or to a civilization which is living or which has disappeared'), ('iv', 'to be an outstanding example of a type of building, architectural or technological ensemble or landscape which illustrates (a) significant stage(s) in human history')]"
1588,Bagan,cultural,['Myanmar'],['Asia'],2019,5005.49,"[('iii', 'to bear a unique or at least exceptional testimony to a cultural tradition or to a civilization which is living or which has disappeared'), ('iv', 'to be an outstanding example of a type of building, architectural or technological ensemble or landscape which illustrates (a) significant stage(s) in human history'), ('vi', 'to be directly or tangibly associated with events or living traditions, with ideas, or with beliefs, with artistic and literary works of outstanding universal significance. (The Committee considers that this criterion should preferably be used in conjunction with other criteria)')]"
1255,Twyfelfontein or /Ui-//aes,cultural,['Namibia'],['Africa'],2007,57.4269,"[('iii', 'to bear a unique or at least exceptional testimony to a cultural tradition or to a civilization which is living or which has disappeared'), ('v', 'to be an outstanding example of a traditional human settlement, land-use, or sea-use which is representative of a culture (or cultures), or human interaction with the environment especially when it has become vulnerable under the impact of irreversible change')]"
1430,Namib Sand Sea,natural,['Namibia'],['Africa'],2013,3077700,"[('vii', 'to contain superlative natural phenomena or areas of exceptional natural beauty and aesthetic importance'), ('viii', ""to be outstanding examples representing major stages of earth's history, including the record of life, significant on-going geological processes in the development of landforms, or significant geomorphic or physiographic features""), ('ix', 'to be outstanding examples representing significant on-going ecological and biological processes in the evolution and development of terrestrial, fresh water, coastal and marine ecosystems and communities of plants and animals'), ('x', 'to contain the most important and significant natural habitats for in-situ conservation of biological diversity, including those containing threatened species of outstanding universal value from the point of view of science or conservation')]"
121,Kathmandu Valley,cultural,['Nepal'],['Asia'],1979,167.37,"[('iii', 'to bear a unique or at least exceptional testimony to a cultural tradition or to a civilization which is living or which has disappeared'), ('iv', 'to be an outstanding example of a type of building, architectural or technological ensemble or landscape which illustrates (a) significant stage(s) in human history'), ('vi', 'to be directly or tangibly associated with events or living traditions, with ideas, or with beliefs, with artistic and literary works of outstanding universal significance. (The Committee considers that this criterion should preferably be used in conjunction with other criteria)')]"
120,Sagarmatha National Park,natural,['Nepal'],['Asia'],1979,124400,"[('vii', 'to contain superlative natural phenomena or areas of exceptional natural beauty and aesthetic importance')]"
284,Chitwan National Park,natural,['Nepal'],['Asia'],1984,93200,"[('vii', 'to contain superlative natural phenomena or areas of exceptional natural beauty and aesthetic importance'), ('ix', 'to be outstanding examples representing significant on-going ecological and biological processes in the evolution and development of terrestrial, fresh water, coastal and marine ecosystems and communities of plants and animals'), ('x', 'to contain the most important and significant natural habitats for in-situ conservation of biological diversity, including those containing threatened species of outstanding universal value from the point of view of science or conservation')]"
666,"Lumbini, the Birthplace of the Lord Buddha",cultural,['Nepal'],['Asia'],1997,1.95,"[('iii', 'to bear a unique or at least exceptional testimony to a cultural tradition or to a civilization which is living or which has disappeared'), ('vi', 'to be directly or tangibly associated with events or living traditions, with ideas, or with beliefs, with artistic and literary works of outstanding universal significance. (The Committee considers that this criterion should preferably be used in conjunction with other criteria)')]"
739,Schokland and Surroundings,cultural,['Netherlands (Kingdom of the)'],['Europe'],1995,1306,"[('iii', 'to bear a unique or at least exceptional testimony to a cultural tradition or to a civilization which is living or which has disappeared'), ('v', 'to be an outstanding example of a traditional human settlement, land-use, or sea-use which is representative of a culture (or cultures), or human interaction with the environment especially when it has become vulnerable under the impact of irreversible change')]"
759,Dutch Water Defence Lines,cultural,['Netherlands (Kingdom of the)'],['Europe'],1996,55404.9,"[('ii', 'to exhibit an important interchange of human values, over a span of time or within a cultural area of the world, on developments in architecture or technology, monumental arts, town-planning or landscape design'), ('iv', 'to be an outstanding example of a type of building, architectural or technological ensemble or landscape which illustrates (a) significant stage(s) in human history'), ('v', 'to be an outstanding example of a traditional human settlement, land-use, or sea-use which is representative of a culture (or cultures), or human interaction with the environment especially when it has become vulnerable under the impact of irreversible change')]"
819,"Historic Area of Willemstad, Inner City and Harbour, Curaçao",cultural,['Netherlands (Kingdom of the)'],['Europe'],1997,86,"[('ii', 'to exhibit an important interchange of human values, over a span of time or within a cultural area of the world, on developments in architecture or technology, monumental arts, town-planning or landscape design'), ('iv', 'to be an outstanding example of a type of building, architectural or technological ensemble or landscape which illustrates (a) significant stage(s) in human history'), ('v', 'to be an outstanding example of a traditional human settlement, land-use, or sea-use which is representative of a culture (or cultures), or human interaction with the environment especially when it has become vulnerable under the impact of irreversible change')]"
818,Mill Network at Kinderdijk-Elshout,cultural,['Netherlands (Kingdom of the)'],['Europe'],1997,322,"[('i', 'to represent a masterpiece of human creative genius'), ('ii', 'to exhibit an important interchange of human values, over a span of time or within a cultural area of the world, on developments in architecture or technology, monumental arts, town-planning or landscape design'), ('iv', 'to be an outstanding example of a type of building, architectural or technological ensemble or landscape which illustrates (a) significant stage(s) in human history')]"
867,Ir.D.F. Woudagemaal (D.F. Wouda Steam Pumping Station),cultural,['Netherlands (Kingdom of the)'],['Europe'],1998,7.32,"[('i', 'to represent a masterpiece of human creative genius'), ('ii', 'to exhibit an important interchange of human values, over a span of time or within a cultural area of the world, on developments in architecture or technology, monumental arts, town-planning or landscape design'), ('iv', 'to be an outstanding example of a type of building, architectural or technological ensemble or landscape which illustrates (a) significant stage(s) in human history')]"
899,Droogmakerij de Beemster (Beemster Polder),cultural,['Netherlands (Kingdom of the)'],['Europe'],1999,7208,"[('i', 'to represent a masterpiece of human creative genius'), ('ii', 'to exhibit an important interchange of human values, over a span of time or within a cultural area of the world, on developments in architecture or technology, monumental arts, town-planning or landscape design'), ('iv', 'to be an outstanding example of a type of building, architectural or technological ensemble or landscape which illustrates (a) significant stage(s) in human history')]"
965,Rietveld Schröderhuis (Rietveld Schröder House),cultural,['Netherlands (Kingdom of the)'],['Europe'],2000,0.0075,"[('i', 'to represent a masterpiece of human creative genius'), ('ii', 'to exhibit an important interchange of human values, over a span of time or within a cultural area of the world, on developments in architecture or technology, monumental arts, town-planning or landscape design')]"
1349,Seventeenth-Century Canal Ring Area of Amsterdam inside the Singelgracht,cultural,['Netherlands (Kingdom of the)'],['Europe'],2010,198.2,"[('i', 'to represent a masterpiece of human creative genius'), ('ii', 'to exhibit an important interchange of human values, over a span of time or within a cultural area of the world, on developments in architecture or technology, monumental arts, town-planning or landscape design'), ('iv', 'to be an outstanding example of a type of building, architectural or technological ensemble or landscape which illustrates (a) significant stage(s) in human history')]"
1441,Van Nellefabriek,cultural,['Netherlands (Kingdom of the)'],['Europe'],2014,6.94,"[('ii', 'to exhibit an important interchange of human values, over a span of time or within a cultural area of the world, on developments in architecture or technology, monumental arts, town-planning or landscape design'), ('iv', 'to be an outstanding example of a type of building, architectural or technological ensemble or landscape which illustrates (a) significant stage(s) in human history')]"
1683,Eisinga Planetarium in Franeker,cultural,['Netherlands (Kingdom of the)'],['Europe'],2023,0.009,"[('iv', 'to be an outstanding example of a type of building, architectural or technological ensemble or landscape which illustrates (a) significant stage(s) in human history')]"
551,Te Wahipounamu – South West New Zealand,natural,['New Zealand'],['Oceania'],1990,2600000,"[('vii', 'to contain superlative natural phenomena or areas of exceptional natural beauty and aesthetic importance'), ('viii', ""to be outstanding examples representing major stages of earth's history, including the record of life, significant on-going geological processes in the development of landforms, or significant geomorphic or physiographic features""), ('ix', 'to be outstanding examples representing significant on-going ecological and biological processes in the evolution and development of terrestrial, fresh water, coastal and marine ecosystems and communities of plants and animals'), ('x', 'to contain the most important and significant natural habitats for in-situ conservation of biological diversity, including those containing threatened species of outstanding universal value from the point of view of science or conservation')]"
421,Tongariro National Park,mixed,['New Zealand'],['Oceania'],1990,79596,"[('vi', 'to be directly or tangibly associated with events or living traditions, with ideas, or with beliefs, with artistic and literary works of outstanding universal significance. (The Committee considers that this criterion should preferably be used in conjunction with other criteria)'), ('vii', 'to contain superlative natural phenomena or areas of exceptional natural beauty and aesthetic importance'), ('viii', ""to be outstanding examples representing major stages of earth's history, including the record of life, significant on-going geological processes in the development of landforms, or significant geomorphic or physiographic features"")]"
877,New Zealand Sub-Antarctic Islands,natural,['New Zealand'],['Oceania'],1998,76458,"[('ix', 'to be outstanding examples representing significant on-going ecological and biological processes in the evolution and development of terrestrial, fresh water, coastal and marine ecosystems and communities of plants and animals'), ('x', 'to contain the most important and significant natural habitats for in-situ conservation of biological diversity, including those containing threatened species of outstanding universal value from the point of view of science or conservation')]"
613,Ruins of León Viejo,cultural,['Nicaragua'],['North America'],2000,31.87,"[('iii', 'to bear a unique or at least exceptional testimony to a cultural tradition or to a civilization which is living or which has disappeared'), ('iv', 'to be an outstanding example of a type of building, architectural or technological ensemble or landscape which illustrates (a) significant stage(s) in human history')]"
1236,León Cathedral,cultural,['Nicaragua'],['North America'],2011,0.77,"[('ii', 'to exhibit an important interchange of human values, over a span of time or within a cultural area of the world, on developments in architecture or technology, monumental arts, town-planning or landscape design'), ('iv', 'to be an outstanding example of a type of building, architectural or technological ensemble or landscape which illustrates (a) significant stage(s) in human history')]"
573,Air and Ténéré Natural Reserves,natural_danger,['Niger'],['Africa'],1991,7736000,"[('vii', 'to contain superlative natural phenomena or areas of exceptional natural beauty and aesthetic importance'), ('ix', 'to be outstanding examples representing significant on-going ecological and biological processes in the evolution and development of terrestrial, fresh water, coastal and marine ecosystems and communities of plants and animals'), ('x', 'to contain the most important and significant natural habitats for in-situ conservation of biological diversity, including those containing threatened species of outstanding universal value from the point of view of science or conservation')]"
1268,Historic Centre of Agadez,cultural,['Niger'],['Africa'],2013,77.6,"[('ii', 'to exhibit an important interchange of human values, over a span of time or within a cultural area of the world, on developments in architecture or technology, monumental arts, town-planning or landscape design'), ('iii', 'to bear a unique or at least exceptional testimony to a cultural tradition or to a civilization which is living or which has disappeared')]"
938,Sukur Cultural Landscape,cultural,['Nigeria'],['Africa'],1999,764.4,"[('iii', 'to bear a unique or at least exceptional testimony to a cultural tradition or to a civilization which is living or which has disappeared'), ('v', 'to be an outstanding example of a traditional human settlement, land-use, or sea-use which is representative of a culture (or cultures), or human interaction with the environment especially when it has become vulnerable under the impact of irreversible change'), ('vi', 'to be directly or tangibly associated with events or living traditions, with ideas, or with beliefs, with artistic and literary works of outstanding universal significance. (The Committee considers that this criterion should preferably be used in conjunction with other criteria)')]"
1118,Osun-Osogbo Sacred Grove,cultural,['Nigeria'],['Africa'],2005,75,"[('ii', 'to exhibit an important interchange of human values, over a span of time or within a cultural area of the world, on developments in architecture or technology, monumental arts, town-planning or landscape design'), ('iii', 'to bear a unique or at least exceptional testimony to a cultural tradition or to a civilization which is living or which has disappeared'), ('vi', 'to be directly or tangibly associated with events or living traditions, with ideas, or with beliefs, with artistic and literary works of outstanding universal significance. (The Committee considers that this criterion should preferably be used in conjunction with other criteria)')]"
59,Bryggen,cultural,['Norway'],['Europe'],1979,1.196,"[('iii', 'to bear a unique or at least exceptional testimony to a cultural tradition or to a civilization which is living or which has disappeared')]"
58,Urnes Stave Church,cultural,['Norway'],['Europe'],1979,0.21,"[('i', 'to represent a masterpiece of human creative genius'), ('ii', 'to exhibit an important interchange of human values, over a span of time or within a cultural area of the world, on developments in architecture or technology, monumental arts, town-planning or landscape design'), ('iii', 'to bear a unique or at least exceptional testimony to a cultural tradition or to a civilization which is living or which has disappeared')]"
55,Røros Mining Town and the Circumference,cultural,['Norway'],['Europe'],1980,16510,"[('iii', 'to bear a unique or at least exceptional testimony to a cultural tradition or to a civilization which is living or which has disappeared'), ('iv', 'to be an outstanding example of a type of building, architectural or technological ensemble or landscape which illustrates (a) significant stage(s) in human history'), ('v', 'to be an outstanding example of a traditional human settlement, land-use, or sea-use which is representative of a culture (or cultures), or human interaction with the environment especially when it has become vulnerable under the impact of irreversible change')]"
352,Rock Art of Alta,cultural,['Norway'],['Europe'],1985,53.59,"[('iii', 'to bear a unique or at least exceptional testimony to a cultural tradition or to a civilization which is living or which has disappeared')]"
1143,Vegaøyan – The Vega Archipelago,cultural,['Norway'],['Europe'],2004,107294,"[('v', 'to be an outstanding example of a traditional human settlement, land-use, or sea-use which is representative of a culture (or cultures), or human interaction with the environment especially when it has become vulnerable under the impact of irreversible change')]"
1195,West Norwegian Fjords – Geirangerfjord and Nærøyfjord,natural,['Norway'],['Europe'],2005,122712,"[('vii', 'to contain superlative natural phenomena or areas of exceptional natural beauty and aesthetic importance'), ('viii', ""to be outstanding examples representing major stages of earth's history, including the record of life, significant on-going geological processes in the development of landforms, or significant geomorphic or physiographic features"")]"
1486,Rjukan-Notodden Industrial Heritage Site,cultural,['Norway'],['Europe'],2015,4959.5,"[('ii', 'to exhibit an important interchange of human values, over a span of time or within a cultural area of the world, on developments in architecture or technology, monumental arts, town-planning or landscape design'), ('iv', 'to be an outstanding example of a type of building, architectural or technological ensemble or landscape which illustrates (a) significant stage(s) in human history')]"
433,Bahla Fort,cultural,['Oman'],['Asia'],1987,ni podatka,"[('iv', 'to be an outstanding example of a type of building, architectural or technological ensemble or landscape which illustrates (a) significant stage(s) in human history')]"
434,"Archaeological Sites of Bat, Al-Khutm and Al-Ayn",cultural,['Oman'],['Asia'],1988,ni podatka,"[('iii', 'to bear a unique or at least exceptional testimony to a cultural tradition or to a civilization which is living or which has disappeared'), ('iv', 'to be an outstanding example of a type of building, architectural or technological ensemble or landscape which illustrates (a) significant stage(s) in human history')]"
1010,Land of Frankincense,cultural,['Oman'],['Asia'],2000,849.88,"[('iii', 'to bear a unique or at least exceptional testimony to a cultural tradition or to a civilization which is living or which has disappeared'), ('iv', 'to be an outstanding example of a type of building, architectural or technological ensemble or landscape which illustrates (a) significant stage(s) in human history')]"
1207,<i>Aflaj</i> Irrigation Systems of Oman,cultural,['Oman'],['Asia'],2006,1455.949,"[('v', 'to be an outstanding example of a traditional human settlement, land-use, or sea-use which is representative of a culture (or cultures), or human interaction with the environment especially when it has become vulnerable under the impact of irreversible change')]"
1537,Ancient City of Qalhat,cultural,['Oman'],['Asia'],2018,75.82,"[('ii', 'to exhibit an important interchange of human values, over a span of time or within a cultural area of the world, on developments in architecture or technology, monumental arts, town-planning or landscape design'), ('iii', 'to bear a unique or at least exceptional testimony to a cultural tradition or to a civilization which is living or which has disappeared')]"
138,Archaeological Ruins at Moenjodaro,cultural,['Pakistan'],['Asia'],1980,240,"[('ii', 'to exhibit an important interchange of human values, over a span of time or within a cultural area of the world, on developments in architecture or technology, monumental arts, town-planning or landscape design'), ('iii', 'to bear a unique or at least exceptional testimony to a cultural tradition or to a civilization which is living or which has disappeared')]"
140,Buddhist Ruins of Takht-i-Bahi and Neighbouring City Remains at Sahr-i-Bahlol,cultural,['Pakistan'],['Asia'],1980,50.73,"[('iv', 'to be an outstanding example of a type of building, architectural or technological ensemble or landscape which illustrates (a) significant stage(s) in human history')]"
139,Taxila,cultural,['Pakistan'],['Asia'],1980,ni podatka,"[('iii', 'to bear a unique or at least exceptional testimony to a cultural tradition or to a civilization which is living or which has disappeared'), ('vi', 'to be directly or tangibly associated with events or living traditions, with ideas, or with beliefs, with artistic and literary works of outstanding universal significance. (The Committee considers that this criterion should preferably be used in conjunction with other criteria)')]"
171,Fort and Shalamar Gardens in Lahore,cultural,['Pakistan'],['Asia'],1981,ni podatka,"[('i', 'to represent a masterpiece of human creative genius'), ('ii', 'to exhibit an important interchange of human values, over a span of time or within a cultural area of the world, on developments in architecture or technology, monumental arts, town-planning or landscape design'), ('iii', 'to bear a unique or at least exceptional testimony to a cultural tradition or to a civilization which is living or which has disappeared')]"
143,"Historical Monuments at Makli, Thatta",cultural,['Pakistan'],['Asia'],1981,ni podatka,"[('iii', 'to bear a unique or at least exceptional testimony to a cultural tradition or to a civilization which is living or which has disappeared')]"
586,Rohtas Fort,cultural,['Pakistan'],['Asia'],1997,ni podatka,"[('ii', 'to exhibit an important interchange of human values, over a span of time or within a cultural area of the world, on developments in architecture or technology, monumental arts, town-planning or landscape design'), ('iv', 'to be an outstanding example of a type of building, architectural or technological ensemble or landscape which illustrates (a) significant stage(s) in human history')]"
1386,Rock Islands Southern Lagoon,mixed,['Palau'],['Oceania'],2012,100200,"[('iii', 'to bear a unique or at least exceptional testimony to a cultural tradition or to a civilization which is living or which has disappeared'), ('v', 'to be an outstanding example of a traditional human settlement, land-use, or sea-use which is representative of a culture (or cultures), or human interaction with the environment especially when it has become vulnerable under the impact of irreversible change'), ('vii', 'to contain superlative natural phenomena or areas of exceptional natural beauty and aesthetic importance'), ('ix', 'to be outstanding examples representing significant on-going ecological and biological processes in the evolution and development of terrestrial, fresh water, coastal and marine ecosystems and communities of plants and animals'), ('x', 'to contain the most important and significant natural habitats for in-situ conservation of biological diversity, including those containing threatened species of outstanding universal value from the point of view of science or conservation')]"
135,Fortifications on the Caribbean Side of Panama: Portobelo-San Lorenzo,cultural_danger,['Panama'],['North America'],1980,ni podatka,"[('i', 'to represent a masterpiece of human creative genius'), ('iv', 'to be an outstanding example of a type of building, architectural or technological ensemble or landscape which illustrates (a) significant stage(s) in human history')]"
159,Darien National Park,natural,['Panama'],['North America'],1981,579000,"[('vii', 'to contain superlative natural phenomena or areas of exceptional natural beauty and aesthetic importance'), ('ix', 'to be outstanding examples representing significant on-going ecological and biological processes in the evolution and development of terrestrial, fresh water, coastal and marine ecosystems and communities of plants and animals'), ('x', 'to contain the most important and significant natural habitats for in-situ conservation of biological diversity, including those containing threatened species of outstanding universal value from the point of view of science or conservation')]"
1138,Coiba National Park and its Special Zone of Marine Protection,natural,['Panama'],['North America'],2005,270125,"[('ix', 'to be outstanding examples representing significant on-going ecological and biological processes in the evolution and development of terrestrial, fresh water, coastal and marine ecosystems and communities of plants and animals'), ('x', 'to contain the most important and significant natural habitats for in-situ conservation of biological diversity, including those containing threatened species of outstanding universal value from the point of view of science or conservation')]"
1582,The Colonial Transisthmian Route of Panamá,cultural,['Panama'],['North America'],2025,689.88,"[('ii', 'to exhibit an important interchange of human values, over a span of time or within a cultural area of the world, on developments in architecture or technology, monumental arts, town-planning or landscape design'), ('iv', 'to be an outstanding example of a type of building, architectural or technological ensemble or landscape which illustrates (a) significant stage(s) in human history')]"
887,Kuk Early Agricultural Site,cultural,['Papua New Guinea'],['Oceania'],2008,116,"[('iii', 'to bear a unique or at least exceptional testimony to a cultural tradition or to a civilization which is living or which has disappeared'), ('iv', 'to be an outstanding example of a type of building, architectural or technological ensemble or landscape which illustrates (a) significant stage(s) in human history')]"
648,Jesuit Missions of La Santísima Trinidad de Paraná and Jesús de Tavarangue,cultural,['Paraguay'],['South America'],1993,27.88,"[('iv', 'to be an outstanding example of a type of building, architectural or technological ensemble or landscape which illustrates (a) significant stage(s) in human history')]"
273,City of Cuzco,cultural,['Peru'],['South America'],1983,142.48,"[('iii', 'to bear a unique or at least exceptional testimony to a cultural tradition or to a civilization which is living or which has disappeared'), ('iv', 'to be an outstanding example of a type of building, architectural or technological ensemble or landscape which illustrates (a) significant stage(s) in human history')]"
274,Historic Sanctuary of Machu Picchu,mixed,['Peru'],['South America'],1983,38160.87,"[('i', 'to represent a masterpiece of human creative genius'), ('iii', 'to bear a unique or at least exceptional testimony to a cultural tradition or to a civilization which is living or which has disappeared'), ('vii', 'to contain superlative natural phenomena or areas of exceptional natural beauty and aesthetic importance'), ('ix', 'to be outstanding examples representing significant on-going ecological and biological processes in the evolution and development of terrestrial, fresh water, coastal and marine ecosystems and communities of plants and animals')]"
330,Chavin (Archaeological Site),cultural,['Peru'],['South America'],1985,14.79,"[('iii', 'to bear a unique or at least exceptional testimony to a cultural tradition or to a civilization which is living or which has disappeared')]"
333,Huascarán National Park,natural,['Peru'],['South America'],1985,340000,"[('vii', 'to contain superlative natural phenomena or areas of exceptional natural beauty and aesthetic importance'), ('viii', ""to be outstanding examples representing major stages of earth's history, including the record of life, significant on-going geological processes in the development of landforms, or significant geomorphic or physiographic features"")]"
366,Chan Chan Archaeological Zone,cultural_danger,['Peru'],['South America'],1986,1414.57,"[('i', 'to represent a masterpiece of human creative genius'), ('iii', 'to bear a unique or at least exceptional testimony to a cultural tradition or to a civilization which is living or which has disappeared')]"
402,Manú National Park,natural,['Peru'],['South America'],1987,1716295.22,"[('ix', 'to be outstanding examples representing significant on-going ecological and biological processes in the evolution and development of terrestrial, fresh water, coastal and marine ecosystems and communities of plants and animals'), ('x', 'to contain the most important and significant natural habitats for in-situ conservation of biological diversity, including those containing threatened species of outstanding universal value from the point of view of science or conservation')]"
500,Historic Centre of Lima,cultural,['Peru'],['South America'],1988,277.99,"[('iv', 'to be an outstanding example of a type of building, architectural or technological ensemble or landscape which illustrates (a) significant stage(s) in human history')]"
548,Río Abiseo National Park,mixed,['Peru'],['South America'],1990,272407.95,"[('iii', 'to bear a unique or at least exceptional testimony to a cultural tradition or to a civilization which is living or which has disappeared'), ('vii', 'to contain superlative natural phenomena or areas of exceptional natural beauty and aesthetic importance'), ('ix', 'to be outstanding examples representing significant on-going ecological and biological processes in the evolution and development of terrestrial, fresh water, coastal and marine ecosystems and communities of plants and animals'), ('x', 'to contain the most important and significant natural habitats for in-situ conservation of biological diversity, including those containing threatened species of outstanding universal value from the point of view of science or conservation')]"
700,Lines and Geoglyphs of Nasca and Palpa,cultural,['Peru'],['South America'],1994,75358.47,"[('i', 'to represent a masterpiece of human creative genius'), ('iii', 'to bear a unique or at least exceptional testimony to a cultural tradition or to a civilization which is living or which has disappeared'), ('iv', 'to be an outstanding example of a type of building, architectural or technological ensemble or landscape which illustrates (a) significant stage(s) in human history')]"
1016,Historical Centre of the City of Arequipa,cultural,['Peru'],['South America'],2000,166.52,"[('i', 'to represent a masterpiece of human creative genius'), ('iv', 'to be an outstanding example of a type of building, architectural or technological ensemble or landscape which illustrates (a) significant stage(s) in human history')]"
1269,Sacred City of Caral-Supe,cultural,['Peru'],['South America'],2009,626.36,"[('ii', 'to exhibit an important interchange of human values, over a span of time or within a cultural area of the world, on developments in architecture or technology, monumental arts, town-planning or landscape design'), ('iii', 'to bear a unique or at least exceptional testimony to a cultural tradition or to a civilization which is living or which has disappeared'), ('iv', 'to be an outstanding example of a type of building, architectural or technological ensemble or landscape which illustrates (a) significant stage(s) in human history')]"
1624,Chankillo Archaeoastronomical Complex,cultural,['Peru'],['South America'],2021,4480,"[('i', 'to represent a masterpiece of human creative genius'), ('iv', 'to be an outstanding example of a type of building, architectural or technological ensemble or landscape which illustrates (a) significant stage(s) in human history')]"
677,Baroque Churches of the Philippines,cultural,['Philippines'],['Asia'],1993,ni podatka,"[('ii', 'to exhibit an important interchange of human values, over a span of time or within a cultural area of the world, on developments in architecture or technology, monumental arts, town-planning or landscape design'), ('iv', 'to be an outstanding example of a type of building, architectural or technological ensemble or landscape which illustrates (a) significant stage(s) in human history')]"
653,Tubbataha Reefs Natural Park,natural,['Philippines'],['Asia'],1993,96828,"[('vii', 'to contain superlative natural phenomena or areas of exceptional natural beauty and aesthetic importance'), ('ix', 'to be outstanding examples representing significant on-going ecological and biological processes in the evolution and development of terrestrial, fresh water, coastal and marine ecosystems and communities of plants and animals'), ('x', 'to contain the most important and significant natural habitats for in-situ conservation of biological diversity, including those containing threatened species of outstanding universal value from the point of view of science or conservation')]"
722,Rice Terraces of the Philippine Cordilleras,cultural,['Philippines'],['Asia'],1995,ni podatka,"[('iii', 'to bear a unique or at least exceptional testimony to a cultural tradition or to a civilization which is living or which has disappeared'), ('iv', 'to be an outstanding example of a type of building, architectural or technological ensemble or landscape which illustrates (a) significant stage(s) in human history'), ('v', 'to be an outstanding example of a traditional human settlement, land-use, or sea-use which is representative of a culture (or cultures), or human interaction with the environment especially when it has become vulnerable under the impact of irreversible change')]"
502,Historic City of Vigan,cultural,['Philippines'],['Asia'],1999,17.25,"[('ii', 'to exhibit an important interchange of human values, over a span of time or within a cultural area of the world, on developments in architecture or technology, monumental arts, town-planning or landscape design'), ('iv', 'to be an outstanding example of a type of building, architectural or technological ensemble or landscape which illustrates (a) significant stage(s) in human history')]"
652,Puerto-Princesa Subterranean River National Park,natural,['Philippines'],['Asia'],1999,22202,"[('vii', 'to contain superlative natural phenomena or areas of exceptional natural beauty and aesthetic importance'), ('x', 'to contain the most important and significant natural habitats for in-situ conservation of biological diversity, including those containing threatened species of outstanding universal value from the point of view of science or conservation')]"
1403,Mount Hamiguitan Range Wildlife Sanctuary,natural,['Philippines'],['Asia'],2014,16923.07,"[('x', 'to contain the most important and significant natural habitats for in-situ conservation of biological diversity, including those containing threatened species of outstanding universal value from the point of view of science or conservation')]"
29,Historic Centre of Kraków,cultural,['Poland'],['Europe'],1978,149.65,"[('iv', 'to be an outstanding example of a type of building, architectural or technological ensemble or landscape which illustrates (a) significant stage(s) in human history')]"
32,Wieliczka and Bochnia Royal Salt Mines,cultural,['Poland'],['Europe'],1978,1104.947,"[('iv', 'to be an outstanding example of a type of building, architectural or technological ensemble or landscape which illustrates (a) significant stage(s) in human history')]"
31,Auschwitz Birkenau <br /><small>German Nazi Concentration and Extermination Camp (1940-1945)</small>,cultural,['Poland'],['Europe'],1979,191.97,"[('vi', 'to be directly or tangibly associated with events or living traditions, with ideas, or with beliefs, with artistic and literary works of outstanding universal significance. (The Committee considers that this criterion should preferably be used in conjunction with other criteria)')]"
30,Historic Centre of Warsaw,cultural,['Poland'],['Europe'],1980,25.93,"[('ii', 'to exhibit an important interchange of human values, over a span of time or within a cultural area of the world, on developments in architecture or technology, monumental arts, town-planning or landscape design'), ('vi', 'to be directly or tangibly associated with events or living traditions, with ideas, or with beliefs, with artistic and literary works of outstanding universal significance. (The Committee considers that this criterion should preferably be used in conjunction with other criteria)')]"
564,Old City of Zamość,cultural,['Poland'],['Europe'],1992,75.0391,"[('iv', 'to be an outstanding example of a type of building, architectural or technological ensemble or landscape which illustrates (a) significant stage(s) in human history')]"
847,Castle of the Teutonic Order in Malbork,cultural,['Poland'],['Europe'],1997,18.038,"[('ii', 'to exhibit an important interchange of human values, over a span of time or within a cultural area of the world, on developments in architecture or technology, monumental arts, town-planning or landscape design'), ('iii', 'to bear a unique or at least exceptional testimony to a cultural tradition or to a civilization which is living or which has disappeared'), ('iv', 'to be an outstanding example of a type of building, architectural or technological ensemble or landscape which illustrates (a) significant stage(s) in human history')]"
835,Medieval Town of Toruń,cultural,['Poland'],['Europe'],1997,48,"[('ii', 'to exhibit an important interchange of human values, over a span of time or within a cultural area of the world, on developments in architecture or technology, monumental arts, town-planning or landscape design'), ('iv', 'to be an outstanding example of a type of building, architectural or technological ensemble or landscape which illustrates (a) significant stage(s) in human history')]"
905,Kalwaria Zebrzydowska: the Mannerist Architectural and Park Landscape Complex and Pilgrimage Park,cultural,['Poland'],['Europe'],1999,380,"[('ii', 'to exhibit an important interchange of human values, over a span of time or within a cultural area of the world, on developments in architecture or technology, monumental arts, town-planning or landscape design'), ('iv', 'to be an outstanding example of a type of building, architectural or technological ensemble or landscape which illustrates (a) significant stage(s) in human history')]"
1054,Churches of Peace in Jawor and Świdnica,cultural,['Poland'],['Europe'],2001,0.23,"[('iii', 'to bear a unique or at least exceptional testimony to a cultural tradition or to a civilization which is living or which has disappeared'), ('iv', 'to be an outstanding example of a type of building, architectural or technological ensemble or landscape which illustrates (a) significant stage(s) in human history'), ('vi', 'to be directly or tangibly associated with events or living traditions, with ideas, or with beliefs, with artistic and literary works of outstanding universal significance. (The Committee considers that this criterion should preferably be used in conjunction with other criteria)')]"
1053,Wooden Churches of Southern Małopolska,cultural,['Poland'],['Europe'],2003,8.26,"[('iii', 'to bear a unique or at least exceptional testimony to a cultural tradition or to a civilization which is living or which has disappeared'), ('iv', 'to be an outstanding example of a type of building, architectural or technological ensemble or landscape which illustrates (a) significant stage(s) in human history')]"
1165,Centennial Hall in Wrocław,cultural,['Poland'],['Europe'],2006,36.69,"[('i', 'to represent a masterpiece of human creative genius'), ('ii', 'to exhibit an important interchange of human values, over a span of time or within a cultural area of the world, on developments in architecture or technology, monumental arts, town-planning or landscape design'), ('iv', 'to be an outstanding example of a type of building, architectural or technological ensemble or landscape which illustrates (a) significant stage(s) in human history')]"
1424,Wooden <em>Tserkvas</em> of the Carpathian Region in Poland and Ukraine,cultural,"['Poland', 'Ukraine']",['Europe'],2013,7.03,"[('iii', 'to bear a unique or at least exceptional testimony to a cultural tradition or to a civilization which is living or which has disappeared'), ('iv', 'to be an outstanding example of a type of building, architectural or technological ensemble or landscape which illustrates (a) significant stage(s) in human history')]"
1539,Tarnowskie Góry Lead-Silver-Zinc Mine and its Underground Water Management System,cultural,['Poland'],['Europe'],2017,1672.76,"[('i', 'to represent a masterpiece of human creative genius'), ('ii', 'to exhibit an important interchange of human values, over a span of time or within a cultural area of the world, on developments in architecture or technology, monumental arts, town-planning or landscape design'), ('iv', 'to be an outstanding example of a type of building, architectural or technological ensemble or landscape which illustrates (a) significant stage(s) in human history')]"
1599,Krzemionki Prehistoric Striped Flint Mining Region,cultural,['Poland'],['Europe'],2019,349.2,"[('iii', 'to bear a unique or at least exceptional testimony to a cultural tradition or to a civilization which is living or which has disappeared'), ('iv', 'to be an outstanding example of a type of building, architectural or technological ensemble or landscape which illustrates (a) significant stage(s) in human history')]"
206,Central Zone of the Town of Angra do Heroismo in the Azores,cultural,['Portugal'],['Europe'],1983,ni podatka,"[('iv', 'to be an outstanding example of a type of building, architectural or technological ensemble or landscape which illustrates (a) significant stage(s) in human history'), ('vi', 'to be directly or tangibly associated with events or living traditions, with ideas, or with beliefs, with artistic and literary works of outstanding universal significance. (The Committee considers that this criterion should preferably be used in conjunction with other criteria)')]"
265,Convent of Christ in Tomar,cultural,['Portugal'],['Europe'],1983,ni podatka,"[('i', 'to represent a masterpiece of human creative genius'), ('vi', 'to be directly or tangibly associated with events or living traditions, with ideas, or with beliefs, with artistic and literary works of outstanding universal significance. (The Committee considers that this criterion should preferably be used in conjunction with other criteria)')]"
264,Monastery of Batalha,cultural,['Portugal'],['Europe'],1983,0.98,"[('i', 'to represent a masterpiece of human creative genius'), ('ii', 'to exhibit an important interchange of human values, over a span of time or within a cultural area of the world, on developments in architecture or technology, monumental arts, town-planning or landscape design')]"
263,Monastery of the Hieronymites and Tower of Belém in Lisbon,cultural,['Portugal'],['Europe'],1983,2.66,"[('iii', 'to bear a unique or at least exceptional testimony to a cultural tradition or to a civilization which is living or which has disappeared'), ('vi', 'to be directly or tangibly associated with events or living traditions, with ideas, or with beliefs, with artistic and literary works of outstanding universal significance. (The Committee considers that this criterion should preferably be used in conjunction with other criteria)')]"
361,Historic Centre of Évora,cultural,['Portugal'],['Europe'],1986,ni podatka,"[('ii', 'to exhibit an important interchange of human values, over a span of time or within a cultural area of the world, on developments in architecture or technology, monumental arts, town-planning or landscape design'), ('iv', 'to be an outstanding example of a type of building, architectural or technological ensemble or landscape which illustrates (a) significant stage(s) in human history')]"
505,Monastery of Alcobaça,cultural,['Portugal'],['Europe'],1989,ni podatka,"[('i', 'to represent a masterpiece of human creative genius'), ('iv', 'to be an outstanding example of a type of building, architectural or technological ensemble or landscape which illustrates (a) significant stage(s) in human history')]"
723,Cultural Landscape of Sintra,cultural,['Portugal'],['Europe'],1995,946,"[('ii', 'to exhibit an important interchange of human values, over a span of time or within a cultural area of the world, on developments in architecture or technology, monumental arts, town-planning or landscape design'), ('iv', 'to be an outstanding example of a type of building, architectural or technological ensemble or landscape which illustrates (a) significant stage(s) in human history'), ('v', 'to be an outstanding example of a traditional human settlement, land-use, or sea-use which is representative of a culture (or cultures), or human interaction with the environment especially when it has become vulnerable under the impact of irreversible change')]"
755,"Historic Centre of Oporto, Luiz I Bridge and Monastery of Serra do Pilar",cultural,['Portugal'],['Europe'],1996,ni podatka,"[('iv', 'to be an outstanding example of a type of building, architectural or technological ensemble or landscape which illustrates (a) significant stage(s) in human history')]"
866,Prehistoric Rock Art Sites in the Côa Valley and Siega Verde,cultural,"['Portugal', 'Spain']",['Europe'],1998,ni podatka,"[('i', 'to represent a masterpiece of human creative genius'), ('iii', 'to bear a unique or at least exceptional testimony to a cultural tradition or to a civilization which is living or which has disappeared')]"
934,Laurisilva of Madeira,natural,['Portugal'],['Europe'],1999,15000,"[('ix', 'to be outstanding examples representing significant on-going ecological and biological processes in the evolution and development of terrestrial, fresh water, coastal and marine ecosystems and communities of plants and animals'), ('x', 'to contain the most important and significant natural habitats for in-situ conservation of biological diversity, including those containing threatened species of outstanding universal value from the point of view of science or conservation')]"
1046,Alto Douro Wine Region,cultural,['Portugal'],['Europe'],2001,24600,"[('iii', 'to bear a unique or at least exceptional testimony to a cultural tradition or to a civilization which is living or which has disappeared'), ('iv', 'to be an outstanding example of a type of building, architectural or technological ensemble or landscape which illustrates (a) significant stage(s) in human history'), ('v', 'to be an outstanding example of a traditional human settlement, land-use, or sea-use which is representative of a culture (or cultures), or human interaction with the environment especially when it has become vulnerable under the impact of irreversible change')]"
1031,Historic Centre of Guimarães and Couros Zone,cultural,['Portugal'],['Europe'],2001,38.2,"[('ii', 'to exhibit an important interchange of human values, over a span of time or within a cultural area of the world, on developments in architecture or technology, monumental arts, town-planning or landscape design'), ('iii', 'to bear a unique or at least exceptional testimony to a cultural tradition or to a civilization which is living or which has disappeared'), ('iv', 'to be an outstanding example of a type of building, architectural or technological ensemble or landscape which illustrates (a) significant stage(s) in human history')]"
1117,Landscape of the Pico Island Vineyard Culture,cultural,['Portugal'],['Europe'],2004,987,"[('iii', 'to bear a unique or at least exceptional testimony to a cultural tradition or to a civilization which is living or which has disappeared'), ('v', 'to be an outstanding example of a traditional human settlement, land-use, or sea-use which is representative of a culture (or cultures), or human interaction with the environment especially when it has become vulnerable under the impact of irreversible change')]"
1367,Garrison Border Town of Elvas and its Fortifications,cultural,['Portugal'],['Europe'],2012,179.3559,"[('iv', 'to be an outstanding example of a type of building, architectural or technological ensemble or landscape which illustrates (a) significant stage(s) in human history')]"
1387,University of Coimbra – Alta and Sofia,cultural,['Portugal'],['Europe'],2013,36.2,"[('ii', 'to exhibit an important interchange of human values, over a span of time or within a cultural area of the world, on developments in architecture or technology, monumental arts, town-planning or landscape design'), ('iv', 'to be an outstanding example of a type of building, architectural or technological ensemble or landscape which illustrates (a) significant stage(s) in human history'), ('vi', 'to be directly or tangibly associated with events or living traditions, with ideas, or with beliefs, with artistic and literary works of outstanding universal significance. (The Committee considers that this criterion should preferably be used in conjunction with other criteria)')]"
1573,"Royal Building of <i>Mafra</i> – Palace, Basilica, Convent, <i>Cerco</i> Garden and Hunting Park (<i>Tapada</i>)",cultural,['Portugal'],['Europe'],2019,1213.17,"[('iv', 'to be an outstanding example of a type of building, architectural or technological ensemble or landscape which illustrates (a) significant stage(s) in human history')]"
1590,Sanctuary of Bom Jesus do Monte in Braga,cultural,['Portugal'],['Europe'],2019,26,"[('iv', 'to be an outstanding example of a type of building, architectural or technological ensemble or landscape which illustrates (a) significant stage(s) in human history')]"
1402,Al Zubarah Archaeological Site,cultural,['Qatar'],['Asia'],2013,415.66,"[('iii', 'to bear a unique or at least exceptional testimony to a cultural tradition or to a civilization which is living or which has disappeared'), ('iv', 'to be an outstanding example of a type of building, architectural or technological ensemble or landscape which illustrates (a) significant stage(s) in human history'), ('v', 'to be an outstanding example of a traditional human settlement, land-use, or sea-use which is representative of a culture (or cultures), or human interaction with the environment especially when it has become vulnerable under the impact of irreversible change')]"
737,"Haeinsa Temple Janggyeong Panjeon, the Depositories for the <I>Tripitaka Koreana</I> Woodblocks",cultural,['Republic of Korea'],['Asia'],1995,ni podatka,"[('iv', 'to be an outstanding example of a type of building, architectural or technological ensemble or landscape which illustrates (a) significant stage(s) in human history'), ('vi', 'to be directly or tangibly associated with events or living traditions, with ideas, or with beliefs, with artistic and literary works of outstanding universal significance. (The Committee considers that this criterion should preferably be used in conjunction with other criteria)')]"
738,Jongmyo Shrine,cultural,['Republic of Korea'],['Asia'],1995,19.4,"[('iv', 'to be an outstanding example of a type of building, architectural or technological ensemble or landscape which illustrates (a) significant stage(s) in human history')]"
736,Seokguram Grotto and Bulguksa Temple,cultural,['Republic of Korea'],['Asia'],1995,ni podatka,"[('i', 'to represent a masterpiece of human creative genius'), ('iv', 'to be an outstanding example of a type of building, architectural or technological ensemble or landscape which illustrates (a) significant stage(s) in human history')]"
816,Changdeokgung Palace Complex,cultural,['Republic of Korea'],['Asia'],1997,ni podatka,"[('ii', 'to exhibit an important interchange of human values, over a span of time or within a cultural area of the world, on developments in architecture or technology, monumental arts, town-planning or landscape design'), ('iii', 'to bear a unique or at least exceptional testimony to a cultural tradition or to a civilization which is living or which has disappeared'), ('iv', 'to be an outstanding example of a type of building, architectural or technological ensemble or landscape which illustrates (a) significant stage(s) in human history')]"
817,Hwaseong Fortress,cultural,['Republic of Korea'],['Asia'],1997,ni podatka,"[('ii', 'to exhibit an important interchange of human values, over a span of time or within a cultural area of the world, on developments in architecture or technology, monumental arts, town-planning or landscape design'), ('iii', 'to bear a unique or at least exceptional testimony to a cultural tradition or to a civilization which is living or which has disappeared')]"
977,"Gochang, Hwasun and Ganghwa Dolmen Sites",cultural,['Republic of Korea'],['Asia'],2000,51.65,"[('iii', 'to bear a unique or at least exceptional testimony to a cultural tradition or to a civilization which is living or which has disappeared')]"
976,Gyeongju Historic Areas,cultural,['Republic of Korea'],['Asia'],2000,2880,"[('ii', 'to exhibit an important interchange of human values, over a span of time or within a cultural area of the world, on developments in architecture or technology, monumental arts, town-planning or landscape design'), ('iii', 'to bear a unique or at least exceptional testimony to a cultural tradition or to a civilization which is living or which has disappeared')]"
1264,Jeju Volcanic Island and Lava Tubes,natural,['Republic of Korea'],['Asia'],2007,9521.8,"[('vii', 'to contain superlative natural phenomena or areas of exceptional natural beauty and aesthetic importance'), ('viii', ""to be outstanding examples representing major stages of earth's history, including the record of life, significant on-going geological processes in the development of landforms, or significant geomorphic or physiographic features"")]"
1319,Royal Tombs of the Joseon Dynasty,cultural,['Republic of Korea'],['Asia'],2009,1891.2,"[('iii', 'to bear a unique or at least exceptional testimony to a cultural tradition or to a civilization which is living or which has disappeared'), ('iv', 'to be an outstanding example of a type of building, architectural or technological ensemble or landscape which illustrates (a) significant stage(s) in human history'), ('vi', 'to be directly or tangibly associated with events or living traditions, with ideas, or with beliefs, with artistic and literary works of outstanding universal significance. (The Committee considers that this criterion should preferably be used in conjunction with other criteria)')]"
1324,Historic Villages of Korea: Hahoe and Yangdong,cultural,['Republic of Korea'],['Asia'],2010,599.6,"[('iii', 'to bear a unique or at least exceptional testimony to a cultural tradition or to a civilization which is living or which has disappeared'), ('iv', 'to be an outstanding example of a type of building, architectural or technological ensemble or landscape which illustrates (a) significant stage(s) in human history')]"
1439,Namhansanseong,cultural,['Republic of Korea'],['Asia'],2014,409.06,"[('ii', 'to exhibit an important interchange of human values, over a span of time or within a cultural area of the world, on developments in architecture or technology, monumental arts, town-planning or landscape design'), ('iv', 'to be an outstanding example of a type of building, architectural or technological ensemble or landscape which illustrates (a) significant stage(s) in human history')]"
1477,Baekje Historic Areas,cultural,['Republic of Korea'],['Asia'],2015,135.1,"[('ii', 'to exhibit an important interchange of human values, over a span of time or within a cultural area of the world, on developments in architecture or technology, monumental arts, town-planning or landscape design'), ('iii', 'to bear a unique or at least exceptional testimony to a cultural tradition or to a civilization which is living or which has disappeared')]"
1562,"Sansa, Buddhist Mountain Monasteries in Korea",cultural,['Republic of Korea'],['Asia'],2018,55.43,"[('iii', 'to bear a unique or at least exceptional testimony to a cultural tradition or to a civilization which is living or which has disappeared')]"
1498,"Seowon, Korean Neo-Confucian Academies",cultural,['Republic of Korea'],['Asia'],2019,102.49,"[('iii', 'to bear a unique or at least exceptional testimony to a cultural tradition or to a civilization which is living or which has disappeared')]"
1591,"Getbol, Korean Tidal Flats",natural,['Republic of Korea'],['Asia'],2021,128411,"[('x', 'to contain the most important and significant natural habitats for in-situ conservation of biological diversity, including those containing threatened species of outstanding universal value from the point of view of science or conservation')]"
1666,Gaya Tumuli,cultural,['Republic of Korea'],['Asia'],2023,189,"[('iii', 'to bear a unique or at least exceptional testimony to a cultural tradition or to a civilization which is living or which has disappeared')]"
1740,Petroglyphs along the Bangucheon Stream,cultural,['Republic of Korea'],['Asia'],2025,43.69,"[('i', 'to represent a masterpiece of human creative genius'), ('iii', 'to bear a unique or at least exceptional testimony to a cultural tradition or to a civilization which is living or which has disappeared')]"
588,Danube Delta,natural,['Romania'],['Europe'],1991,312440,"[('vii', 'to contain superlative natural phenomena or areas of exceptional natural beauty and aesthetic importance'), ('x', 'to contain the most important and significant natural habitats for in-situ conservation of biological diversity, including those containing threatened species of outstanding universal value from the point of view of science or conservation')]"
598,Churches of Moldavia,cultural,['Romania'],['Europe'],1993,ni podatka,"[('i', 'to represent a masterpiece of human creative genius'), ('iv', 'to be an outstanding example of a type of building, architectural or technological ensemble or landscape which illustrates (a) significant stage(s) in human history')]"
597,Monastery of Horezu,cultural,['Romania'],['Europe'],1993,22.48,"[('ii', 'to exhibit an important interchange of human values, over a span of time or within a cultural area of the world, on developments in architecture or technology, monumental arts, town-planning or landscape design')]"
596,Villages with Fortified Churches in Transylvania,cultural,['Romania'],['Europe'],1993,553,"[('iv', 'to be an outstanding example of a type of building, architectural or technological ensemble or landscape which illustrates (a) significant stage(s) in human history')]"
906,Dacian Fortresses of the Orastie Mountains,cultural,['Romania'],['Europe'],1999,ni podatka,"[('ii', 'to exhibit an important interchange of human values, over a span of time or within a cultural area of the world, on developments in architecture or technology, monumental arts, town-planning or landscape design'), ('iii', 'to bear a unique or at least exceptional testimony to a cultural tradition or to a civilization which is living or which has disappeared'), ('iv', 'to be an outstanding example of a type of building, architectural or technological ensemble or landscape which illustrates (a) significant stage(s) in human history')]"
902,Historic Centre of Sighişoara,cultural,['Romania'],['Europe'],1999,33,"[('iii', 'to bear a unique or at least exceptional testimony to a cultural tradition or to a civilization which is living or which has disappeared'), ('v', 'to be an outstanding example of a traditional human settlement, land-use, or sea-use which is representative of a culture (or cultures), or human interaction with the environment especially when it has become vulnerable under the impact of irreversible change')]"
904,Wooden Churches of Maramureş,cultural,['Romania'],['Europe'],1999,ni podatka,"[('iv', 'to be an outstanding example of a type of building, architectural or technological ensemble or landscape which illustrates (a) significant stage(s) in human history')]"
1552,Roșia Montană Mining Landscape,cultural_danger,['Romania'],['Europe'],2021,ni podatka,"[('ii', 'to exhibit an important interchange of human values, over a span of time or within a cultural area of the world, on developments in architecture or technology, monumental arts, town-planning or landscape design'), ('iii', 'to bear a unique or at least exceptional testimony to a cultural tradition or to a civilization which is living or which has disappeared'), ('iv', 'to be an outstanding example of a type of building, architectural or technological ensemble or landscape which illustrates (a) significant stage(s) in human history')]"
1473,Brâncuși Monumental Ensemble of Târgu Jiu,cultural,['Romania'],['Europe'],2024,26.58,"[('i', 'to represent a masterpiece of human creative genius'), ('ii', 'to exhibit an important interchange of human values, over a span of time or within a cultural area of the world, on developments in architecture or technology, monumental arts, town-planning or landscape design')]"
1718,Frontiers of the Roman Empire – Dacia,cultural,['Romania'],['Europe'],2024,1491.6,"[('ii', 'to exhibit an important interchange of human values, over a span of time or within a cultural area of the world, on developments in architecture or technology, monumental arts, town-planning or landscape design'), ('iii', 'to bear a unique or at least exceptional testimony to a cultural tradition or to a civilization which is living or which has disappeared'), ('iv', 'to be an outstanding example of a type of building, architectural or technological ensemble or landscape which illustrates (a) significant stage(s) in human history')]"
540,Historic Centre of Saint Petersburg and Related Groups of Monuments,cultural,['Russian Federation'],['Europe'],1990,3934.1,"[('i', 'to represent a masterpiece of human creative genius'), ('ii', 'to exhibit an important interchange of human values, over a span of time or within a cultural area of the world, on developments in architecture or technology, monumental arts, town-planning or landscape design'), ('iv', 'to be an outstanding example of a type of building, architectural or technological ensemble or landscape which illustrates (a) significant stage(s) in human history'), ('vi', 'to be directly or tangibly associated with events or living traditions, with ideas, or with beliefs, with artistic and literary works of outstanding universal significance. (The Committee considers that this criterion should preferably be used in conjunction with other criteria)')]"
544,Kizhi Pogost,cultural,['Russian Federation'],['Europe'],1990,0.57,"[('i', 'to represent a masterpiece of human creative genius'), ('iv', 'to be an outstanding example of a type of building, architectural or technological ensemble or landscape which illustrates (a) significant stage(s) in human history'), ('v', 'to be an outstanding example of a traditional human settlement, land-use, or sea-use which is representative of a culture (or cultures), or human interaction with the environment especially when it has become vulnerable under the impact of irreversible change')]"
545,"Kremlin and Red Square, Moscow",cultural,['Russian Federation'],['Europe'],1990,42.1,"[('i', 'to represent a masterpiece of human creative genius'), ('ii', 'to exhibit an important interchange of human values, over a span of time or within a cultural area of the world, on developments in architecture or technology, monumental arts, town-planning or landscape design'), ('iv', 'to be an outstanding example of a type of building, architectural or technological ensemble or landscape which illustrates (a) significant stage(s) in human history'), ('vi', 'to be directly or tangibly associated with events or living traditions, with ideas, or with beliefs, with artistic and literary works of outstanding universal significance. (The Committee considers that this criterion should preferably be used in conjunction with other criteria)')]"
632,Cultural and Historic Ensemble of the Solovetsky Islands,cultural,['Russian Federation'],['Europe'],1992,28834,"[('iv', 'to be an outstanding example of a type of building, architectural or technological ensemble or landscape which illustrates (a) significant stage(s) in human history')]"
604,Historic Monuments of Novgorod and Surroundings,cultural,['Russian Federation'],['Europe'],1992,ni podatka,"[('ii', 'to exhibit an important interchange of human values, over a span of time or within a cultural area of the world, on developments in architecture or technology, monumental arts, town-planning or landscape design'), ('iv', 'to be an outstanding example of a type of building, architectural or technological ensemble or landscape which illustrates (a) significant stage(s) in human history'), ('vi', 'to be directly or tangibly associated with events or living traditions, with ideas, or with beliefs, with artistic and literary works of outstanding universal significance. (The Committee considers that this criterion should preferably be used in conjunction with other criteria)')]"
633,White Monuments of Vladimir and Suzdal,cultural,['Russian Federation'],['Europe'],1992,ni podatka,"[('i', 'to represent a masterpiece of human creative genius'), ('ii', 'to exhibit an important interchange of human values, over a span of time or within a cultural area of the world, on developments in architecture or technology, monumental arts, town-planning or landscape design'), ('iv', 'to be an outstanding example of a type of building, architectural or technological ensemble or landscape which illustrates (a) significant stage(s) in human history')]"
657,Architectural Ensemble of the Trinity Sergius Lavra in Sergiev Posad,cultural,['Russian Federation'],['Europe'],1993,22.75,"[('ii', 'to exhibit an important interchange of human values, over a span of time or within a cultural area of the world, on developments in architecture or technology, monumental arts, town-planning or landscape design'), ('iv', 'to be an outstanding example of a type of building, architectural or technological ensemble or landscape which illustrates (a) significant stage(s) in human history')]"
634,"Church of the Ascension, Kolomenskoye",cultural,['Russian Federation'],['Europe'],1994,ni podatka,"[('ii', 'to exhibit an important interchange of human values, over a span of time or within a cultural area of the world, on developments in architecture or technology, monumental arts, town-planning or landscape design')]"
719,Virgin Komi Forests,natural,['Russian Federation'],['Europe'],1995,3280000,"[('vii', 'to contain superlative natural phenomena or areas of exceptional natural beauty and aesthetic importance'), ('ix', 'to be outstanding examples representing significant on-going ecological and biological processes in the evolution and development of terrestrial, fresh water, coastal and marine ecosystems and communities of plants and animals')]"
754,Lake Baikal,natural,['Russian Federation'],['Europe'],1996,8800000,"[('vii', 'to contain superlative natural phenomena or areas of exceptional natural beauty and aesthetic importance'), ('viii', ""to be outstanding examples representing major stages of earth's history, including the record of life, significant on-going geological processes in the development of landforms, or significant geomorphic or physiographic features""), ('ix', 'to be outstanding examples representing significant on-going ecological and biological processes in the evolution and development of terrestrial, fresh water, coastal and marine ecosystems and communities of plants and animals'), ('x', 'to contain the most important and significant natural habitats for in-situ conservation of biological diversity, including those containing threatened species of outstanding universal value from the point of view of science or conservation')]"
765,Volcanoes of Kamchatka,natural,['Russian Federation'],['Europe'],1996,3995769.37,"[('vii', 'to contain superlative natural phenomena or areas of exceptional natural beauty and aesthetic importance'), ('viii', ""to be outstanding examples representing major stages of earth's history, including the record of life, significant on-going geological processes in the development of landforms, or significant geomorphic or physiographic features""), ('ix', 'to be outstanding examples representing significant on-going ecological and biological processes in the evolution and development of terrestrial, fresh water, coastal and marine ecosystems and communities of plants and animals'), ('x', 'to contain the most important and significant natural habitats for in-situ conservation of biological diversity, including those containing threatened species of outstanding universal value from the point of view of science or conservation')]"
768,Golden Mountains of Altai,natural,['Russian Federation'],['Europe'],1998,1611457,"[('x', 'to contain the most important and significant natural habitats for in-situ conservation of biological diversity, including those containing threatened species of outstanding universal value from the point of view of science or conservation')]"
900,Western Caucasus,natural,['Russian Federation'],['Europe'],1999,298903,"[('ix', 'to be outstanding examples representing significant on-going ecological and biological processes in the evolution and development of terrestrial, fresh water, coastal and marine ecosystems and communities of plants and animals'), ('x', 'to contain the most important and significant natural habitats for in-situ conservation of biological diversity, including those containing threatened species of outstanding universal value from the point of view of science or conservation')]"
982,Ensemble of the Ferapontov Monastery,cultural,['Russian Federation'],['Europe'],2000,2.1,"[('i', 'to represent a masterpiece of human creative genius'), ('iv', 'to be an outstanding example of a type of building, architectural or technological ensemble or landscape which illustrates (a) significant stage(s) in human history')]"
980,Historic and Architectural Complex of the Kazan Kremlin,cultural,['Russian Federation'],['Europe'],2000,13.45,"[('ii', 'to exhibit an important interchange of human values, over a span of time or within a cultural area of the world, on developments in architecture or technology, monumental arts, town-planning or landscape design'), ('iii', 'to bear a unique or at least exceptional testimony to a cultural tradition or to a civilization which is living or which has disappeared'), ('iv', 'to be an outstanding example of a type of building, architectural or technological ensemble or landscape which illustrates (a) significant stage(s) in human history')]"
766,Central Sikhote-Alin,natural,['Russian Federation'],['Europe'],2001,1566818,"[('x', 'to contain the most important and significant natural habitats for in-situ conservation of biological diversity, including those containing threatened species of outstanding universal value from the point of view of science or conservation')]"
1070,"Citadel, Ancient City and Fortress Buildings of Derbent",cultural,['Russian Federation'],['Europe'],2003,37.658,"[('iii', 'to bear a unique or at least exceptional testimony to a cultural tradition or to a civilization which is living or which has disappeared'), ('iv', 'to be an outstanding example of a type of building, architectural or technological ensemble or landscape which illustrates (a) significant stage(s) in human history')]"
1097,Ensemble of the Novodevichy Convent,cultural,['Russian Federation'],['Europe'],2004,5.18,"[('i', 'to represent a masterpiece of human creative genius'), ('iv', 'to be an outstanding example of a type of building, architectural or technological ensemble or landscape which illustrates (a) significant stage(s) in human history'), ('vi', 'to be directly or tangibly associated with events or living traditions, with ideas, or with beliefs, with artistic and literary works of outstanding universal significance. (The Committee considers that this criterion should preferably be used in conjunction with other criteria)')]"
1023,Natural System of Wrangel Island Reserve,natural,['Russian Federation'],['Europe'],2004,1916300,"[('ix', 'to be outstanding examples representing significant on-going ecological and biological processes in the evolution and development of terrestrial, fresh water, coastal and marine ecosystems and communities of plants and animals'), ('x', 'to contain the most important and significant natural habitats for in-situ conservation of biological diversity, including those containing threatened species of outstanding universal value from the point of view of science or conservation')]"
1170,Historical Centre of the City of Yaroslavl,cultural,['Russian Federation'],['Europe'],2005,110,"[('ii', 'to exhibit an important interchange of human values, over a span of time or within a cultural area of the world, on developments in architecture or technology, monumental arts, town-planning or landscape design'), ('iv', 'to be an outstanding example of a type of building, architectural or technological ensemble or landscape which illustrates (a) significant stage(s) in human history')]"
1234,Putorana Plateau,natural,['Russian Federation'],['Europe'],2010,1887251,"[('vii', 'to contain superlative natural phenomena or areas of exceptional natural beauty and aesthetic importance'), ('ix', 'to be outstanding examples representing significant on-going ecological and biological processes in the evolution and development of terrestrial, fresh water, coastal and marine ecosystems and communities of plants and animals')]"
1299,Lena Pillars Nature Park,natural,['Russian Federation'],['Europe'],2012,1387000,"[('viii', ""to be outstanding examples representing major stages of earth's history, including the record of life, significant on-going geological processes in the development of landforms, or significant geomorphic or physiographic features"")]"
981,Bolgar Historical and Archaeological Complex,cultural,['Russian Federation'],['Europe'],2014,424,"[('ii', 'to exhibit an important interchange of human values, over a span of time or within a cultural area of the world, on developments in architecture or technology, monumental arts, town-planning or landscape design'), ('vi', 'to be directly or tangibly associated with events or living traditions, with ideas, or with beliefs, with artistic and literary works of outstanding universal significance. (The Committee considers that this criterion should preferably be used in conjunction with other criteria)')]"
1525,Assumption Cathedral and Monastery of the town-island of Sviyazhsk,cultural,['Russian Federation'],['Europe'],2017,3.25,"[('ii', 'to exhibit an important interchange of human values, over a span of time or within a cultural area of the world, on developments in architecture or technology, monumental arts, town-planning or landscape design'), ('iv', 'to be an outstanding example of a type of building, architectural or technological ensemble or landscape which illustrates (a) significant stage(s) in human history')]"
1523,Churches of the Pskov School of Architecture,cultural,['Russian Federation'],['Europe'],2019,19.32,"[('ii', 'to exhibit an important interchange of human values, over a span of time or within a cultural area of the world, on developments in architecture or technology, monumental arts, town-planning or landscape design')]"
1654,Petroglyphs of Lake Onega and the White Sea,cultural,['Russian Federation'],['Europe'],2021,ni podatka,"[('iii', 'to bear a unique or at least exceptional testimony to a cultural tradition or to a civilization which is living or which has disappeared')]"
1678,Astronomical Observatories of Kazan Federal University,cultural,['Russian Federation'],['Europe'],2023,19.02,"[('ii', 'to exhibit an important interchange of human values, over a span of time or within a cultural area of the world, on developments in architecture or technology, monumental arts, town-planning or landscape design'), ('iv', 'to be an outstanding example of a type of building, architectural or technological ensemble or landscape which illustrates (a) significant stage(s) in human history')]"
1688,Cultural Landscape of Kenozero Lake,cultural,['Russian Federation'],['Europe'],2024,71030.91,"[('iii', 'to bear a unique or at least exceptional testimony to a cultural tradition or to a civilization which is living or which has disappeared')]"
1743,Rock Paintings of Shulgan-Tash Cave,cultural,['Russian Federation'],['Europe'],2025,288.5,"[('iii', 'to bear a unique or at least exceptional testimony to a cultural tradition or to a civilization which is living or which has disappeared')]"
1586,"Memorial sites of the Genocide: Nyamata, Murambi, Gisozi and Bisesero",cultural,['Rwanda'],['Africa'],2023,24.65,"[('vi', 'to be directly or tangibly associated with events or living traditions, with ideas, or with beliefs, with artistic and literary works of outstanding universal significance. (The Committee considers that this criterion should preferably be used in conjunction with other criteria)')]"
1697,Nyungwe National Park,natural,['Rwanda'],['Africa'],2023,101963.67,"[('x', 'to contain the most important and significant natural habitats for in-situ conservation of biological diversity, including those containing threatened species of outstanding universal value from the point of view of science or conservation')]"
910,Brimstone Hill Fortress National Park,cultural,['Saint Kitts and Nevis'],['North America'],1999,15.37,"[('iii', 'to bear a unique or at least exceptional testimony to a cultural tradition or to a civilization which is living or which has disappeared'), ('iv', 'to be an outstanding example of a type of building, architectural or technological ensemble or landscape which illustrates (a) significant stage(s) in human history')]"
1161,Pitons Management Area,natural,['Saint Lucia'],['North America'],2004,2909,"[('vii', 'to contain superlative natural phenomena or areas of exceptional natural beauty and aesthetic importance'), ('viii', ""to be outstanding examples representing major stages of earth's history, including the record of life, significant on-going geological processes in the development of landforms, or significant geomorphic or physiographic features"")]"
1245,San Marino Historic Centre and Mount Titano,cultural,['San Marino'],['Europe'],2008,55,"[('iii', 'to bear a unique or at least exceptional testimony to a cultural tradition or to a civilization which is living or which has disappeared')]"
1293,Hegra Archaeological Site (al-Hijr / Madā ͐ in Ṣāliḥ),cultural,['Saudi Arabia'],['Asia'],2008,1621.2,"[('ii', 'to exhibit an important interchange of human values, over a span of time or within a cultural area of the world, on developments in architecture or technology, monumental arts, town-planning or landscape design'), ('iii', 'to bear a unique or at least exceptional testimony to a cultural tradition or to a civilization which is living or which has disappeared')]"
1329,At-Turaif District in ad-Dir'iyah,cultural,['Saudi Arabia'],['Asia'],2010,28.78,"[('iv', 'to be an outstanding example of a type of building, architectural or technological ensemble or landscape which illustrates (a) significant stage(s) in human history'), ('v', 'to be an outstanding example of a traditional human settlement, land-use, or sea-use which is representative of a culture (or cultures), or human interaction with the environment especially when it has become vulnerable under the impact of irreversible change'), ('vi', 'to be directly or tangibly associated with events or living traditions, with ideas, or with beliefs, with artistic and literary works of outstanding universal significance. (The Committee considers that this criterion should preferably be used in conjunction with other criteria)')]"
1361,"Historic Jeddah, the Gate to Makkah",cultural,['Saudi Arabia'],['Asia'],2014,17.92,"[('ii', 'to exhibit an important interchange of human values, over a span of time or within a cultural area of the world, on developments in architecture or technology, monumental arts, town-planning or landscape design'), ('iv', 'to be an outstanding example of a type of building, architectural or technological ensemble or landscape which illustrates (a) significant stage(s) in human history'), ('vi', 'to be directly or tangibly associated with events or living traditions, with ideas, or with beliefs, with artistic and literary works of outstanding universal significance. (The Committee considers that this criterion should preferably be used in conjunction with other criteria)')]"
1472,Rock Art in the Hail Region of Saudi Arabia,cultural,['Saudi Arabia'],['Asia'],2015,2043.8,"[('i', 'to represent a masterpiece of human creative genius'), ('iii', 'to bear a unique or at least exceptional testimony to a cultural tradition or to a civilization which is living or which has disappeared')]"
1563,"Al-Ahsa Oasis, an Evolving Cultural Landscape",cultural,['Saudi Arabia'],['Asia'],2018,8544,"[('iii', 'to bear a unique or at least exceptional testimony to a cultural tradition or to a civilization which is living or which has disappeared'), ('iv', 'to be an outstanding example of a type of building, architectural or technological ensemble or landscape which illustrates (a) significant stage(s) in human history'), ('v', 'to be an outstanding example of a traditional human settlement, land-use, or sea-use which is representative of a culture (or cultures), or human interaction with the environment especially when it has become vulnerable under the impact of irreversible change')]"
1619,Ḥimā Cultural Area,cultural,['Saudi Arabia'],['Asia'],2021,242.17,"[('iii', 'to bear a unique or at least exceptional testimony to a cultural tradition or to a civilization which is living or which has disappeared')]"
1699,‘Uruq Bani Ma’arid,natural,['Saudi Arabia'],['Asia'],2023,1276500,"[('vii', 'to contain superlative natural phenomena or areas of exceptional natural beauty and aesthetic importance'), ('ix', 'to be outstanding examples representing significant on-going ecological and biological processes in the evolution and development of terrestrial, fresh water, coastal and marine ecosystems and communities of plants and animals')]"
1712,The Cultural Landscape of Al-Faw Archaeological Area,cultural,['Saudi Arabia'],['Asia'],2024,4847.73,"[('ii', 'to exhibit an important interchange of human values, over a span of time or within a cultural area of the world, on developments in architecture or technology, monumental arts, town-planning or landscape design'), ('v', 'to be an outstanding example of a traditional human settlement, land-use, or sea-use which is representative of a culture (or cultures), or human interaction with the environment especially when it has become vulnerable under the impact of irreversible change')]"
26,Island of Gorée,cultural,['Senegal'],['Africa'],1978,ni podatka,"[('vi', 'to be directly or tangibly associated with events or living traditions, with ideas, or with beliefs, with artistic and literary works of outstanding universal significance. (The Committee considers that this criterion should preferably be used in conjunction with other criteria)')]"
25,Djoudj National Bird Sanctuary,natural,['Senegal'],['Africa'],1981,16000,"[('vii', 'to contain superlative natural phenomena or areas of exceptional natural beauty and aesthetic importance'), ('x', 'to contain the most important and significant natural habitats for in-situ conservation of biological diversity, including those containing threatened species of outstanding universal value from the point of view of science or conservation')]"
153,Niokolo-Koba National Park,natural,['Senegal'],['Africa'],1981,913000,"[('x', 'to contain the most important and significant natural habitats for in-situ conservation of biological diversity, including those containing threatened species of outstanding universal value from the point of view of science or conservation')]"
956,Island of Saint-Louis,cultural,['Senegal'],['Africa'],2000,ni podatka,"[('ii', 'to exhibit an important interchange of human values, over a span of time or within a cultural area of the world, on developments in architecture or technology, monumental arts, town-planning or landscape design'), ('iv', 'to be an outstanding example of a type of building, architectural or technological ensemble or landscape which illustrates (a) significant stage(s) in human history')]"
1359,Saloum Delta,cultural,['Senegal'],['Africa'],2011,145811,"[('iii', 'to bear a unique or at least exceptional testimony to a cultural tradition or to a civilization which is living or which has disappeared'), ('iv', 'to be an outstanding example of a type of building, architectural or technological ensemble or landscape which illustrates (a) significant stage(s) in human history'), ('v', 'to be an outstanding example of a traditional human settlement, land-use, or sea-use which is representative of a culture (or cultures), or human interaction with the environment especially when it has become vulnerable under the impact of irreversible change')]"
1407,"Bassari Country: Bassari, Fula and Bedik Cultural Landscapes",cultural,['Senegal'],['Africa'],2012,50309,"[('iii', 'to bear a unique or at least exceptional testimony to a cultural tradition or to a civilization which is living or which has disappeared'), ('v', 'to be an outstanding example of a traditional human settlement, land-use, or sea-use which is representative of a culture (or cultures), or human interaction with the environment especially when it has become vulnerable under the impact of irreversible change'), ('vi', 'to be directly or tangibly associated with events or living traditions, with ideas, or with beliefs, with artistic and literary works of outstanding universal significance. (The Committee considers that this criterion should preferably be used in conjunction with other criteria)')]"
96,Stari Ras and Sopoćani,cultural,['Serbia'],['Europe'],1979,198.72,"[('i', 'to represent a masterpiece of human creative genius'), ('iii', 'to bear a unique or at least exceptional testimony to a cultural tradition or to a civilization which is living or which has disappeared')]"
389,Studenica Monastery,cultural,['Serbia'],['Europe'],1986,1.16,"[('i', 'to represent a masterpiece of human creative genius'), ('ii', 'to exhibit an important interchange of human values, over a span of time or within a cultural area of the world, on developments in architecture or technology, monumental arts, town-planning or landscape design'), ('iv', 'to be an outstanding example of a type of building, architectural or technological ensemble or landscape which illustrates (a) significant stage(s) in human history'), ('vi', 'to be directly or tangibly associated with events or living traditions, with ideas, or with beliefs, with artistic and literary works of outstanding universal significance. (The Committee considers that this criterion should preferably be used in conjunction with other criteria)')]"
724,Medieval Monuments in Kosovo,cultural_danger,['Serbia'],['Europe'],2004,2.8802,"[('ii', 'to exhibit an important interchange of human values, over a span of time or within a cultural area of the world, on developments in architecture or technology, monumental arts, town-planning or landscape design'), ('iii', 'to bear a unique or at least exceptional testimony to a cultural tradition or to a civilization which is living or which has disappeared'), ('iv', 'to be an outstanding example of a type of building, architectural or technological ensemble or landscape which illustrates (a) significant stage(s) in human history')]"
1253,"Gamzigrad-Romuliana, Palace of Galerius",cultural,['Serbia'],['Europe'],2007,179.217,"[('iii', 'to bear a unique or at least exceptional testimony to a cultural tradition or to a civilization which is living or which has disappeared'), ('iv', 'to be an outstanding example of a type of building, architectural or technological ensemble or landscape which illustrates (a) significant stage(s) in human history')]"
185,Aldabra Atoll,natural,['Seychelles'],['Africa'],1982,35000,"[('vii', 'to contain superlative natural phenomena or areas of exceptional natural beauty and aesthetic importance'), ('ix', 'to be outstanding examples representing significant on-going ecological and biological processes in the evolution and development of terrestrial, fresh water, coastal and marine ecosystems and communities of plants and animals'), ('x', 'to contain the most important and significant natural habitats for in-situ conservation of biological diversity, including those containing threatened species of outstanding universal value from the point of view of science or conservation')]"
261,Vallée de Mai Nature Reserve,natural,['Seychelles'],['Africa'],1983,19.5,"[('vii', 'to contain superlative natural phenomena or areas of exceptional natural beauty and aesthetic importance'), ('viii', ""to be outstanding examples representing major stages of earth's history, including the record of life, significant on-going geological processes in the development of landforms, or significant geomorphic or physiographic features""), ('ix', 'to be outstanding examples representing significant on-going ecological and biological processes in the evolution and development of terrestrial, fresh water, coastal and marine ecosystems and communities of plants and animals'), ('x', 'to contain the most important and significant natural habitats for in-situ conservation of biological diversity, including those containing threatened species of outstanding universal value from the point of view of science or conservation')]"
1746,Gola-Tiwai Complex,natural,['Sierra Leone'],['Africa'],2025,71202.7,"[('ix', 'to be outstanding examples representing significant on-going ecological and biological processes in the evolution and development of terrestrial, fresh water, coastal and marine ecosystems and communities of plants and animals'), ('x', 'to contain the most important and significant natural habitats for in-situ conservation of biological diversity, including those containing threatened species of outstanding universal value from the point of view of science or conservation')]"
1483,Singapore Botanic Gardens,cultural,['Singapore'],['Asia'],2015,49,"[('ii', 'to exhibit an important interchange of human values, over a span of time or within a cultural area of the world, on developments in architecture or technology, monumental arts, town-planning or landscape design'), ('iv', 'to be an outstanding example of a type of building, architectural or technological ensemble or landscape which illustrates (a) significant stage(s) in human history')]"
618,Historic Town of Banská Štiavnica and the Technical Monuments in its Vicinity,cultural,['Slovakia'],['Europe'],1993,20632,"[('iv', 'to be an outstanding example of a type of building, architectural or technological ensemble or landscape which illustrates (a) significant stage(s) in human history'), ('v', 'to be an outstanding example of a traditional human settlement, land-use, or sea-use which is representative of a culture (or cultures), or human interaction with the environment especially when it has become vulnerable under the impact of irreversible change')]"
620,"Levoča, Spišský Hrad and the Associated Cultural Monuments",cultural,['Slovakia'],['Europe'],1993,1351.2252,"[('iv', 'to be an outstanding example of a type of building, architectural or technological ensemble or landscape which illustrates (a) significant stage(s) in human history')]"
622,Vlkolínec,cultural,['Slovakia'],['Europe'],1993,4.9,"[('iv', 'to be an outstanding example of a type of building, architectural or technological ensemble or landscape which illustrates (a) significant stage(s) in human history'), ('v', 'to be an outstanding example of a traditional human settlement, land-use, or sea-use which is representative of a culture (or cultures), or human interaction with the environment especially when it has become vulnerable under the impact of irreversible change')]"
973,Bardejov Town Conservation Reserve,cultural,['Slovakia'],['Europe'],2000,23.6,"[('iii', 'to bear a unique or at least exceptional testimony to a cultural tradition or to a civilization which is living or which has disappeared'), ('iv', 'to be an outstanding example of a type of building, architectural or technological ensemble or landscape which illustrates (a) significant stage(s) in human history')]"
1273,Wooden Churches of the Slovak part of the Carpathian Mountain Area,cultural,['Slovakia'],['Europe'],2008,2.5644,"[('iii', 'to bear a unique or at least exceptional testimony to a cultural tradition or to a civilization which is living or which has disappeared'), ('iv', 'to be an outstanding example of a type of building, architectural or technological ensemble or landscape which illustrates (a) significant stage(s) in human history')]"
390,Škocjan Caves,natural,['Slovenia'],['Europe'],1986,413,"[('vii', 'to contain superlative natural phenomena or areas of exceptional natural beauty and aesthetic importance'), ('viii', ""to be outstanding examples representing major stages of earth's history, including the record of life, significant on-going geological processes in the development of landforms, or significant geomorphic or physiographic features"")]"
1313,Heritage of Mercury. Almadén and Idrija,cultural,"['Slovenia', 'Spain']",['Europe'],2012,104.1,"[('ii', 'to exhibit an important interchange of human values, over a span of time or within a cultural area of the world, on developments in architecture or technology, monumental arts, town-planning or landscape design'), ('iv', 'to be an outstanding example of a type of building, architectural or technological ensemble or landscape which illustrates (a) significant stage(s) in human history')]"
1643,The works of Jože Plečnik in Ljubljana – Human Centred Urban Design,cultural,['Slovenia'],['Europe'],2021,19.138,"[('iv', 'to be an outstanding example of a type of building, architectural or technological ensemble or landscape which illustrates (a) significant stage(s) in human history')]"
854,East Rennell,natural_danger,['Solomon Islands'],['Oceania'],1998,37000,"[('ix', 'to be outstanding examples representing significant on-going ecological and biological processes in the evolution and development of terrestrial, fresh water, coastal and marine ecosystems and communities of plants and animals')]"
915,Fossil Hominid Sites of South Africa,cultural,['South Africa'],['Africa'],1999,ni podatka,"[('iii', 'to bear a unique or at least exceptional testimony to a cultural tradition or to a civilization which is living or which has disappeared'), ('vi', 'to be directly or tangibly associated with events or living traditions, with ideas, or with beliefs, with artistic and literary works of outstanding universal significance. (The Committee considers that this criterion should preferably be used in conjunction with other criteria)')]"
916,Robben Island,cultural,['South Africa'],['Africa'],1999,475,"[('iii', 'to bear a unique or at least exceptional testimony to a cultural tradition or to a civilization which is living or which has disappeared'), ('vi', 'to be directly or tangibly associated with events or living traditions, with ideas, or with beliefs, with artistic and literary works of outstanding universal significance. (The Committee considers that this criterion should preferably be used in conjunction with other criteria)')]"
1099,Mapungubwe Cultural Landscape,cultural,['South Africa'],['Africa'],2003,28168.6602,"[('ii', 'to exhibit an important interchange of human values, over a span of time or within a cultural area of the world, on developments in architecture or technology, monumental arts, town-planning or landscape design'), ('iii', 'to bear a unique or at least exceptional testimony to a cultural tradition or to a civilization which is living or which has disappeared'), ('iv', 'to be an outstanding example of a type of building, architectural or technological ensemble or landscape which illustrates (a) significant stage(s) in human history'), ('v', 'to be an outstanding example of a traditional human settlement, land-use, or sea-use which is representative of a culture (or cultures), or human interaction with the environment especially when it has become vulnerable under the impact of irreversible change')]"
1007,Cape Floral Region Protected Areas,natural,['South Africa'],['Africa'],2004,ni podatka,"[('ix', 'to be outstanding examples representing significant on-going ecological and biological processes in the evolution and development of terrestrial, fresh water, coastal and marine ecosystems and communities of plants and animals'), ('x', 'to contain the most important and significant natural habitats for in-situ conservation of biological diversity, including those containing threatened species of outstanding universal value from the point of view of science or conservation')]"
1162,Vredefort Dome,natural,['South Africa'],['Africa'],2005,30000,"[('viii', ""to be outstanding examples representing major stages of earth's history, including the record of life, significant on-going geological processes in the development of landforms, or significant geomorphic or physiographic features"")]"
1265,Richtersveld Cultural and Botanical Landscape,cultural,['South Africa'],['Africa'],2007,160000,"[('iv', 'to be an outstanding example of a type of building, architectural or technological ensemble or landscape which illustrates (a) significant stage(s) in human history'), ('v', 'to be an outstanding example of a traditional human settlement, land-use, or sea-use which is representative of a culture (or cultures), or human interaction with the environment especially when it has become vulnerable under the impact of irreversible change')]"
1545,ǂKhomani Cultural Landscape,cultural,['South Africa'],['Africa'],2017,959100,"[('v', 'to be an outstanding example of a traditional human settlement, land-use, or sea-use which is representative of a culture (or cultures), or human interaction with the environment especially when it has become vulnerable under the impact of irreversible change'), ('vi', 'to be directly or tangibly associated with events or living traditions, with ideas, or with beliefs, with artistic and literary works of outstanding universal significance. (The Committee considers that this criterion should preferably be used in conjunction with other criteria)')]"
1575,Barberton Makhonjwa Mountains,natural,['South Africa'],['Africa'],2018,113137,"[('viii', ""to be outstanding examples representing major stages of earth's history, including the record of life, significant on-going geological processes in the development of landforms, or significant geomorphic or physiographic features"")]"
1676,"Human Rights, Liberation and Reconciliation: Nelson Mandela Legacy Sites",cultural,['South Africa'],['Africa'],2024,42.04,"[('vi', 'to be directly or tangibly associated with events or living traditions, with ideas, or with beliefs, with artistic and literary works of outstanding universal significance. (The Committee considers that this criterion should preferably be used in conjunction with other criteria)')]"
1723,The Emergence of Modern Human Behaviour: The Pleistocene Occupation Sites of South Africa,cultural,['South Africa'],['Africa'],2024,57.4,"[('iii', 'to bear a unique or at least exceptional testimony to a cultural tradition or to a civilization which is living or which has disappeared'), ('iv', 'to be an outstanding example of a type of building, architectural or technological ensemble or landscape which illustrates (a) significant stage(s) in human history'), ('v', 'to be an outstanding example of a traditional human settlement, land-use, or sea-use which is representative of a culture (or cultures), or human interaction with the environment especially when it has become vulnerable under the impact of irreversible change')]"
314,"Alhambra, Generalife and Albayzín, Granada",cultural,['Spain'],['Europe'],1984,450,"[('i', 'to represent a masterpiece of human creative genius'), ('iii', 'to bear a unique or at least exceptional testimony to a cultural tradition or to a civilization which is living or which has disappeared'), ('iv', 'to be an outstanding example of a type of building, architectural or technological ensemble or landscape which illustrates (a) significant stage(s) in human history')]"
316,Burgos Cathedral,cultural,['Spain'],['Europe'],1984,1.03,"[('ii', 'to exhibit an important interchange of human values, over a span of time or within a cultural area of the world, on developments in architecture or technology, monumental arts, town-planning or landscape design'), ('iv', 'to be an outstanding example of a type of building, architectural or technological ensemble or landscape which illustrates (a) significant stage(s) in human history'), ('vi', 'to be directly or tangibly associated with events or living traditions, with ideas, or with beliefs, with artistic and literary works of outstanding universal significance. (The Committee considers that this criterion should preferably be used in conjunction with other criteria)')]"
313,Historic Centre of Cordoba,cultural,['Spain'],['Europe'],1984,80.28,"[('i', 'to represent a masterpiece of human creative genius'), ('ii', 'to exhibit an important interchange of human values, over a span of time or within a cultural area of the world, on developments in architecture or technology, monumental arts, town-planning or landscape design'), ('iii', 'to bear a unique or at least exceptional testimony to a cultural tradition or to a civilization which is living or which has disappeared'), ('iv', 'to be an outstanding example of a type of building, architectural or technological ensemble or landscape which illustrates (a) significant stage(s) in human history')]"
318,"Monastery and Site of the Escurial, Madrid",cultural,['Spain'],['Europe'],1984,94.11,"[('i', 'to represent a masterpiece of human creative genius'), ('ii', 'to exhibit an important interchange of human values, over a span of time or within a cultural area of the world, on developments in architecture or technology, monumental arts, town-planning or landscape design'), ('vi', 'to be directly or tangibly associated with events or living traditions, with ideas, or with beliefs, with artistic and literary works of outstanding universal significance. (The Committee considers that this criterion should preferably be used in conjunction with other criteria)')]"
320,Works of Antoni Gaudí,cultural,['Spain'],['Europe'],1984,ni podatka,"[('i', 'to represent a masterpiece of human creative genius'), ('ii', 'to exhibit an important interchange of human values, over a span of time or within a cultural area of the world, on developments in architecture or technology, monumental arts, town-planning or landscape design'), ('iv', 'to be an outstanding example of a type of building, architectural or technological ensemble or landscape which illustrates (a) significant stage(s) in human history')]"
310,Cave of Altamira and Paleolithic Cave Art of Northern Spain,cultural,['Spain'],['Europe'],1985,ni podatka,"[('i', 'to represent a masterpiece of human creative genius'), ('iii', 'to bear a unique or at least exceptional testimony to a cultural tradition or to a civilization which is living or which has disappeared')]"
312,Monuments of Oviedo and the Kingdom of the Asturias,cultural,['Spain'],['Europe'],1985,0.2,"[('i', 'to represent a masterpiece of human creative genius'), ('ii', 'to exhibit an important interchange of human values, over a span of time or within a cultural area of the world, on developments in architecture or technology, monumental arts, town-planning or landscape design'), ('iv', 'to be an outstanding example of a type of building, architectural or technological ensemble or landscape which illustrates (a) significant stage(s) in human history')]"
348,Old Town of Ávila with its Extra-Muros Churches,cultural,['Spain'],['Europe'],1985,36.4,"[('iii', 'to bear a unique or at least exceptional testimony to a cultural tradition or to a civilization which is living or which has disappeared'), ('iv', 'to be an outstanding example of a type of building, architectural or technological ensemble or landscape which illustrates (a) significant stage(s) in human history')]"
311,Old Town of Segovia and its Aqueduct,cultural,['Spain'],['Europe'],1985,134.28,"[('i', 'to represent a masterpiece of human creative genius'), ('iii', 'to bear a unique or at least exceptional testimony to a cultural tradition or to a civilization which is living or which has disappeared'), ('iv', 'to be an outstanding example of a type of building, architectural or technological ensemble or landscape which illustrates (a) significant stage(s) in human history')]"
347,Santiago de Compostela (Old Town),cultural,['Spain'],['Europe'],1985,107.59,"[('i', 'to represent a masterpiece of human creative genius'), ('ii', 'to exhibit an important interchange of human values, over a span of time or within a cultural area of the world, on developments in architecture or technology, monumental arts, town-planning or landscape design'), ('vi', 'to be directly or tangibly associated with events or living traditions, with ideas, or with beliefs, with artistic and literary works of outstanding universal significance. (The Committee considers that this criterion should preferably be used in conjunction with other criteria)')]"
380,Garajonay National Park,natural,['Spain'],['Europe'],1986,3984,"[('vii', 'to contain superlative natural phenomena or areas of exceptional natural beauty and aesthetic importance'), ('ix', 'to be outstanding examples representing significant on-going ecological and biological processes in the evolution and development of terrestrial, fresh water, coastal and marine ecosystems and communities of plants and animals')]"
379,Historic City of Toledo,cultural,['Spain'],['Europe'],1986,259.85,"[('i', 'to represent a masterpiece of human creative genius'), ('ii', 'to exhibit an important interchange of human values, over a span of time or within a cultural area of the world, on developments in architecture or technology, monumental arts, town-planning or landscape design'), ('iii', 'to bear a unique or at least exceptional testimony to a cultural tradition or to a civilization which is living or which has disappeared'), ('iv', 'to be an outstanding example of a type of building, architectural or technological ensemble or landscape which illustrates (a) significant stage(s) in human history')]"
378,Mudejar Architecture of Aragon,cultural,['Spain'],['Europe'],1986,4.269,"[('iv', 'to be an outstanding example of a type of building, architectural or technological ensemble or landscape which illustrates (a) significant stage(s) in human history')]"
384,Old Town of Cáceres,cultural,['Spain'],['Europe'],1986,9,"[('iii', 'to bear a unique or at least exceptional testimony to a cultural tradition or to a civilization which is living or which has disappeared'), ('iv', 'to be an outstanding example of a type of building, architectural or technological ensemble or landscape which illustrates (a) significant stage(s) in human history')]"
383,"Cathedral, Alcázar and Archivo de Indias in Seville",cultural,['Spain'],['Europe'],1987,12,"[('i', 'to represent a masterpiece of human creative genius'), ('ii', 'to exhibit an important interchange of human values, over a span of time or within a cultural area of the world, on developments in architecture or technology, monumental arts, town-planning or landscape design'), ('iii', 'to bear a unique or at least exceptional testimony to a cultural tradition or to a civilization which is living or which has disappeared'), ('vi', 'to be directly or tangibly associated with events or living traditions, with ideas, or with beliefs, with artistic and literary works of outstanding universal significance. (The Committee considers that this criterion should preferably be used in conjunction with other criteria)')]"
381,Old City of Salamanca,cultural,['Spain'],['Europe'],1988,50.78,"[('i', 'to represent a masterpiece of human creative genius'), ('ii', 'to exhibit an important interchange of human values, over a span of time or within a cultural area of the world, on developments in architecture or technology, monumental arts, town-planning or landscape design'), ('iv', 'to be an outstanding example of a type of building, architectural or technological ensemble or landscape which illustrates (a) significant stage(s) in human history')]"
518,Poblet Monastery,cultural,['Spain'],['Europe'],1991,18,"[('i', 'to represent a masterpiece of human creative genius'), ('iv', 'to be an outstanding example of a type of building, architectural or technological ensemble or landscape which illustrates (a) significant stage(s) in human history')]"
664,Archaeological Ensemble of Mérida,cultural,['Spain'],['Europe'],1993,30.77,"[('iii', 'to bear a unique or at least exceptional testimony to a cultural tradition or to a civilization which is living or which has disappeared'), ('iv', 'to be an outstanding example of a type of building, architectural or technological ensemble or landscape which illustrates (a) significant stage(s) in human history')]"
669,Routes of Santiago de Compostela: <i>Camino Francés</i> and Routes of Northern Spain,cultural,['Spain'],['Europe'],1993,ni podatka,"[('ii', 'to exhibit an important interchange of human values, over a span of time or within a cultural area of the world, on developments in architecture or technology, monumental arts, town-planning or landscape design'), ('iv', 'to be an outstanding example of a type of building, architectural or technological ensemble or landscape which illustrates (a) significant stage(s) in human history'), ('vi', 'to be directly or tangibly associated with events or living traditions, with ideas, or with beliefs, with artistic and literary works of outstanding universal significance. (The Committee considers that this criterion should preferably be used in conjunction with other criteria)')]"
665,Royal Monastery of Santa María de Guadalupe,cultural,['Spain'],['Europe'],1993,1.1,"[('iv', 'to be an outstanding example of a type of building, architectural or technological ensemble or landscape which illustrates (a) significant stage(s) in human history'), ('vi', 'to be directly or tangibly associated with events or living traditions, with ideas, or with beliefs, with artistic and literary works of outstanding universal significance. (The Committee considers that this criterion should preferably be used in conjunction with other criteria)')]"
685,Doñana National Park,natural,['Spain'],['Europe'],1994,54251.7,"[('vii', 'to contain superlative natural phenomena or areas of exceptional natural beauty and aesthetic importance'), ('ix', 'to be outstanding examples representing significant on-going ecological and biological processes in the evolution and development of terrestrial, fresh water, coastal and marine ecosystems and communities of plants and animals'), ('x', 'to contain the most important and significant natural habitats for in-situ conservation of biological diversity, including those containing threatened species of outstanding universal value from the point of view of science or conservation')]"
781,Historic Walled Town of Cuenca,cultural,['Spain'],['Europe'],1996,22.79,"[('ii', 'to exhibit an important interchange of human values, over a span of time or within a cultural area of the world, on developments in architecture or technology, monumental arts, town-planning or landscape design'), ('v', 'to be an outstanding example of a traditional human settlement, land-use, or sea-use which is representative of a culture (or cultures), or human interaction with the environment especially when it has become vulnerable under the impact of irreversible change')]"
782,La Lonja de la Seda de Valencia,cultural,['Spain'],['Europe'],1996,0.2,"[('i', 'to represent a masterpiece of human creative genius'), ('iv', 'to be an outstanding example of a type of building, architectural or technological ensemble or landscape which illustrates (a) significant stage(s) in human history')]"
803,Las Médulas,cultural,['Spain'],['Europe'],1997,2208.2,"[('i', 'to represent a masterpiece of human creative genius'), ('ii', 'to exhibit an important interchange of human values, over a span of time or within a cultural area of the world, on developments in architecture or technology, monumental arts, town-planning or landscape design'), ('iii', 'to bear a unique or at least exceptional testimony to a cultural tradition or to a civilization which is living or which has disappeared'), ('iv', 'to be an outstanding example of a type of building, architectural or technological ensemble or landscape which illustrates (a) significant stage(s) in human history')]"
804,"Palau de la Música Catalana and Hospital de Sant Pau, Barcelona",cultural,['Spain'],['Europe'],1997,6.87,"[('i', 'to represent a masterpiece of human creative genius'), ('ii', 'to exhibit an important interchange of human values, over a span of time or within a cultural area of the world, on developments in architecture or technology, monumental arts, town-planning or landscape design'), ('iv', 'to be an outstanding example of a type of building, architectural or technological ensemble or landscape which illustrates (a) significant stage(s) in human history')]"
805,San Millán Yuso and Suso Monasteries,cultural,['Spain'],['Europe'],1997,19.01,"[('ii', 'to exhibit an important interchange of human values, over a span of time or within a cultural area of the world, on developments in architecture or technology, monumental arts, town-planning or landscape design'), ('iv', 'to be an outstanding example of a type of building, architectural or technological ensemble or landscape which illustrates (a) significant stage(s) in human history'), ('vi', 'to be directly or tangibly associated with events or living traditions, with ideas, or with beliefs, with artistic and literary works of outstanding universal significance. (The Committee considers that this criterion should preferably be used in conjunction with other criteria)')]"
874,Rock Art of the Mediterranean Basin on the Iberian Peninsula,cultural,['Spain'],['Europe'],1998,ni podatka,"[('iii', 'to bear a unique or at least exceptional testimony to a cultural tradition or to a civilization which is living or which has disappeared')]"
876,University and Historic Precinct of Alcalá de Henares,cultural,['Spain'],['Europe'],1998,78.38,"[('ii', 'to exhibit an important interchange of human values, over a span of time or within a cultural area of the world, on developments in architecture or technology, monumental arts, town-planning or landscape design'), ('iv', 'to be an outstanding example of a type of building, architectural or technological ensemble or landscape which illustrates (a) significant stage(s) in human history'), ('vi', 'to be directly or tangibly associated with events or living traditions, with ideas, or with beliefs, with artistic and literary works of outstanding universal significance. (The Committee considers that this criterion should preferably be used in conjunction with other criteria)')]"
417,"Ibiza, Biodiversity and Culture",mixed,['Spain'],['Europe'],1999,9020.3,"[('ii', 'to exhibit an important interchange of human values, over a span of time or within a cultural area of the world, on developments in architecture or technology, monumental arts, town-planning or landscape design'), ('iii', 'to bear a unique or at least exceptional testimony to a cultural tradition or to a civilization which is living or which has disappeared'), ('iv', 'to be an outstanding example of a type of building, architectural or technological ensemble or landscape which illustrates (a) significant stage(s) in human history'), ('ix', 'to be outstanding examples representing significant on-going ecological and biological processes in the evolution and development of terrestrial, fresh water, coastal and marine ecosystems and communities of plants and animals'), ('x', 'to contain the most important and significant natural habitats for in-situ conservation of biological diversity, including those containing threatened species of outstanding universal value from the point of view of science or conservation')]"
929,San Cristóbal de La Laguna,cultural,['Spain'],['Europe'],1999,60.38,"[('ii', 'to exhibit an important interchange of human values, over a span of time or within a cultural area of the world, on developments in architecture or technology, monumental arts, town-planning or landscape design'), ('iv', 'to be an outstanding example of a type of building, architectural or technological ensemble or landscape which illustrates (a) significant stage(s) in human history')]"
875,Archaeological Ensemble of Tarraco,cultural,['Spain'],['Europe'],2000,32.65,"[('ii', 'to exhibit an important interchange of human values, over a span of time or within a cultural area of the world, on developments in architecture or technology, monumental arts, town-planning or landscape design'), ('iii', 'to bear a unique or at least exceptional testimony to a cultural tradition or to a civilization which is living or which has disappeared')]"
989,Archaeological Site of Atapuerca,cultural,['Spain'],['Europe'],2000,284.119,"[('iii', 'to bear a unique or at least exceptional testimony to a cultural tradition or to a civilization which is living or which has disappeared'), ('v', 'to be an outstanding example of a traditional human settlement, land-use, or sea-use which is representative of a culture (or cultures), or human interaction with the environment especially when it has become vulnerable under the impact of irreversible change')]"
988,Catalan Romanesque Churches of the Vall de Boí,cultural,['Spain'],['Europe'],2000,7.98,"[('ii', 'to exhibit an important interchange of human values, over a span of time or within a cultural area of the world, on developments in architecture or technology, monumental arts, town-planning or landscape design'), ('iv', 'to be an outstanding example of a type of building, architectural or technological ensemble or landscape which illustrates (a) significant stage(s) in human history')]"
930,Palmeral of Elche,cultural,['Spain'],['Europe'],2000,144,"[('ii', 'to exhibit an important interchange of human values, over a span of time or within a cultural area of the world, on developments in architecture or technology, monumental arts, town-planning or landscape design'), ('v', 'to be an outstanding example of a traditional human settlement, land-use, or sea-use which is representative of a culture (or cultures), or human interaction with the environment especially when it has become vulnerable under the impact of irreversible change')]"
987,Roman Walls of Lugo,cultural,['Spain'],['Europe'],2000,1.68,"[('iv', 'to be an outstanding example of a type of building, architectural or technological ensemble or landscape which illustrates (a) significant stage(s) in human history')]"
1044,Aranjuez Cultural Landscape,cultural,['Spain'],['Europe'],2001,2047.5601,"[('ii', 'to exhibit an important interchange of human values, over a span of time or within a cultural area of the world, on developments in architecture or technology, monumental arts, town-planning or landscape design'), ('iv', 'to be an outstanding example of a type of building, architectural or technological ensemble or landscape which illustrates (a) significant stage(s) in human history')]"
522,Renaissance Monumental Ensembles of Úbeda and Baeza,cultural,['Spain'],['Europe'],2003,9,"[('ii', 'to exhibit an important interchange of human values, over a span of time or within a cultural area of the world, on developments in architecture or technology, monumental arts, town-planning or landscape design'), ('iv', 'to be an outstanding example of a type of building, architectural or technological ensemble or landscape which illustrates (a) significant stage(s) in human history')]"
1217,Vizcaya Bridge,cultural,['Spain'],['Europe'],2006,0.8595,"[('i', 'to represent a masterpiece of human creative genius'), ('ii', 'to exhibit an important interchange of human values, over a span of time or within a cultural area of the world, on developments in architecture or technology, monumental arts, town-planning or landscape design')]"
1258,Teide National Park,natural,['Spain'],['Europe'],2007,18990,"[('vii', 'to contain superlative natural phenomena or areas of exceptional natural beauty and aesthetic importance'), ('viii', ""to be outstanding examples representing major stages of earth's history, including the record of life, significant on-going geological processes in the development of landforms, or significant geomorphic or physiographic features"")]"
1312,Tower of Hercules,cultural,['Spain'],['Europe'],2009,233,"[('iii', 'to bear a unique or at least exceptional testimony to a cultural tradition or to a civilization which is living or which has disappeared')]"
1371,Cultural Landscape of the Serra de Tramuntana,cultural,['Spain'],['Europe'],2011,30745,"[('ii', 'to exhibit an important interchange of human values, over a span of time or within a cultural area of the world, on developments in architecture or technology, monumental arts, town-planning or landscape design'), ('iv', 'to be an outstanding example of a type of building, architectural or technological ensemble or landscape which illustrates (a) significant stage(s) in human history'), ('v', 'to be an outstanding example of a traditional human settlement, land-use, or sea-use which is representative of a culture (or cultures), or human interaction with the environment especially when it has become vulnerable under the impact of irreversible change')]"
1501,Antequera Dolmens Site,cultural,['Spain'],['Europe'],2016,2446.3,"[('i', 'to represent a masterpiece of human creative genius'), ('iii', 'to bear a unique or at least exceptional testimony to a cultural tradition or to a civilization which is living or which has disappeared'), ('iv', 'to be an outstanding example of a type of building, architectural or technological ensemble or landscape which illustrates (a) significant stage(s) in human history')]"
1560,Caliphate City of Medina Azahara,cultural,['Spain'],['Europe'],2018,111,"[('iii', 'to bear a unique or at least exceptional testimony to a cultural tradition or to a civilization which is living or which has disappeared'), ('iv', 'to be an outstanding example of a type of building, architectural or technological ensemble or landscape which illustrates (a) significant stage(s) in human history')]"
1578,Risco Caido and the Sacred Mountains of Gran Canaria Cultural Landscape,cultural,['Spain'],['Europe'],2019,9425,"[('iii', 'to bear a unique or at least exceptional testimony to a cultural tradition or to a civilization which is living or which has disappeared'), ('v', 'to be an outstanding example of a traditional human settlement, land-use, or sea-use which is representative of a culture (or cultures), or human interaction with the environment especially when it has become vulnerable under the impact of irreversible change')]"
1618,"Paseo del Prado and Buen Retiro, a landscape of Arts and Sciences",cultural,['Spain'],['Europe'],2021,237,"[('ii', 'to exhibit an important interchange of human values, over a span of time or within a cultural area of the world, on developments in architecture or technology, monumental arts, town-planning or landscape design'), ('iv', 'to be an outstanding example of a type of building, architectural or technological ensemble or landscape which illustrates (a) significant stage(s) in human history'), ('vi', 'to be directly or tangibly associated with events or living traditions, with ideas, or with beliefs, with artistic and literary works of outstanding universal significance. (The Committee considers that this criterion should preferably be used in conjunction with other criteria)')]"
1528,Talayotic Menorca,cultural,['Spain'],['Europe'],2023,3527,"[('iii', 'to bear a unique or at least exceptional testimony to a cultural tradition or to a civilization which is living or which has disappeared'), ('iv', 'to be an outstanding example of a type of building, architectural or technological ensemble or landscape which illustrates (a) significant stage(s) in human history')]"
201,Ancient City of Polonnaruwa,cultural,['Sri Lanka'],['Asia'],1982,ni podatka,"[('i', 'to represent a masterpiece of human creative genius'), ('iii', 'to bear a unique or at least exceptional testimony to a cultural tradition or to a civilization which is living or which has disappeared'), ('vi', 'to be directly or tangibly associated with events or living traditions, with ideas, or with beliefs, with artistic and literary works of outstanding universal significance. (The Committee considers that this criterion should preferably be used in conjunction with other criteria)')]"
202,Ancient City of Sigiriya,cultural,['Sri Lanka'],['Asia'],1982,ni podatka,"[('ii', 'to exhibit an important interchange of human values, over a span of time or within a cultural area of the world, on developments in architecture or technology, monumental arts, town-planning or landscape design'), ('iii', 'to bear a unique or at least exceptional testimony to a cultural tradition or to a civilization which is living or which has disappeared'), ('iv', 'to be an outstanding example of a type of building, architectural or technological ensemble or landscape which illustrates (a) significant stage(s) in human history')]"
200,Sacred City of Anuradhapura,cultural,['Sri Lanka'],['Asia'],1982,ni podatka,"[('ii', 'to exhibit an important interchange of human values, over a span of time or within a cultural area of the world, on developments in architecture or technology, monumental arts, town-planning or landscape design'), ('iii', 'to bear a unique or at least exceptional testimony to a cultural tradition or to a civilization which is living or which has disappeared'), ('vi', 'to be directly or tangibly associated with events or living traditions, with ideas, or with beliefs, with artistic and literary works of outstanding universal significance. (The Committee considers that this criterion should preferably be used in conjunction with other criteria)')]"
451,Old Town of Galle and its Fortifications,cultural,['Sri Lanka'],['Asia'],1988,ni podatka,"[('iv', 'to be an outstanding example of a type of building, architectural or technological ensemble or landscape which illustrates (a) significant stage(s) in human history')]"
450,Sacred City of Kandy,cultural,['Sri Lanka'],['Asia'],1988,ni podatka,"[('iv', 'to be an outstanding example of a type of building, architectural or technological ensemble or landscape which illustrates (a) significant stage(s) in human history'), ('vi', 'to be directly or tangibly associated with events or living traditions, with ideas, or with beliefs, with artistic and literary works of outstanding universal significance. (The Committee considers that this criterion should preferably be used in conjunction with other criteria)')]"
405,Sinharaja Forest Reserve,natural,['Sri Lanka'],['Asia'],1988,8864,"[('ix', 'to be outstanding examples representing significant on-going ecological and biological processes in the evolution and development of terrestrial, fresh water, coastal and marine ecosystems and communities of plants and animals'), ('x', 'to contain the most important and significant natural habitats for in-situ conservation of biological diversity, including those containing threatened species of outstanding universal value from the point of view of science or conservation')]"
561,Rangiri Dambulla Cave Temple,cultural,['Sri Lanka'],['Asia'],1991,ni podatka,"[('i', 'to represent a masterpiece of human creative genius'), ('vi', 'to be directly or tangibly associated with events or living traditions, with ideas, or with beliefs, with artistic and literary works of outstanding universal significance. (The Committee considers that this criterion should preferably be used in conjunction with other criteria)')]"
1203,Central Highlands of Sri Lanka,natural,['Sri Lanka'],['Asia'],2010,56844,"[('ix', 'to be outstanding examples representing significant on-going ecological and biological processes in the evolution and development of terrestrial, fresh water, coastal and marine ecosystems and communities of plants and animals'), ('x', 'to contain the most important and significant natural habitats for in-situ conservation of biological diversity, including those containing threatened species of outstanding universal value from the point of view of science or conservation')]"
1433,"Birthplace of Jesus: Church of the Nativity and the Pilgrimage Route, Bethlehem",cultural,['State of Palestine'],['Asia'],2012,2.98,"[('iv', 'to be an outstanding example of a type of building, architectural or technological ensemble or landscape which illustrates (a) significant stage(s) in human history'), ('vi', 'to be directly or tangibly associated with events or living traditions, with ideas, or with beliefs, with artistic and literary works of outstanding universal significance. (The Committee considers that this criterion should preferably be used in conjunction with other criteria)')]"
1492,"Palestine: Land of Olives and Vines – Cultural Landscape of Southern Jerusalem, Battir",cultural_danger,['State of Palestine'],['Asia'],2014,348.83,"[('iv', 'to be an outstanding example of a type of building, architectural or technological ensemble or landscape which illustrates (a) significant stage(s) in human history'), ('v', 'to be an outstanding example of a traditional human settlement, land-use, or sea-use which is representative of a culture (or cultures), or human interaction with the environment especially when it has become vulnerable under the impact of irreversible change')]"
1565,Hebron/Al-Khalil Old Town,cultural_danger,['State of Palestine'],['Asia'],2017,20.6,"[('ii', 'to exhibit an important interchange of human values, over a span of time or within a cultural area of the world, on developments in architecture or technology, monumental arts, town-planning or landscape design'), ('iv', 'to be an outstanding example of a type of building, architectural or technological ensemble or landscape which illustrates (a) significant stage(s) in human history'), ('vi', 'to be directly or tangibly associated with events or living traditions, with ideas, or with beliefs, with artistic and literary works of outstanding universal significance. (The Committee considers that this criterion should preferably be used in conjunction with other criteria)')]"
1687,Ancient Jericho/Tell es-Sultan,cultural,['State of Palestine'],['Asia'],2023,5.93,"[('iii', 'to bear a unique or at least exceptional testimony to a cultural tradition or to a civilization which is living or which has disappeared'), ('iv', 'to be an outstanding example of a type of building, architectural or technological ensemble or landscape which illustrates (a) significant stage(s) in human history')]"
1749,Saint Hilarion Monastery/ Tell Umm Amer,cultural_danger,['State of Palestine'],['Asia'],2024,1.3293,"[('ii', 'to exhibit an important interchange of human values, over a span of time or within a cultural area of the world, on developments in architecture or technology, monumental arts, town-planning or landscape design'), ('iii', 'to bear a unique or at least exceptional testimony to a cultural tradition or to a civilization which is living or which has disappeared'), ('vi', 'to be directly or tangibly associated with events or living traditions, with ideas, or with beliefs, with artistic and literary works of outstanding universal significance. (The Committee considers that this criterion should preferably be used in conjunction with other criteria)')]"
1073,Gebel Barkal and the Sites of the Napatan Region,cultural,['Sudan'],['Africa'],2003,182.5,"[('i', 'to represent a masterpiece of human creative genius'), ('ii', 'to exhibit an important interchange of human values, over a span of time or within a cultural area of the world, on developments in architecture or technology, monumental arts, town-planning or landscape design'), ('iii', 'to bear a unique or at least exceptional testimony to a cultural tradition or to a civilization which is living or which has disappeared'), ('iv', 'to be an outstanding example of a type of building, architectural or technological ensemble or landscape which illustrates (a) significant stage(s) in human history'), ('vi', 'to be directly or tangibly associated with events or living traditions, with ideas, or with beliefs, with artistic and literary works of outstanding universal significance. (The Committee considers that this criterion should preferably be used in conjunction with other criteria)')]"
1336,Archaeological Sites of the Island of Meroe,cultural,['Sudan'],['Africa'],2011,2357.36,"[('ii', 'to exhibit an important interchange of human values, over a span of time or within a cultural area of the world, on developments in architecture or technology, monumental arts, town-planning or landscape design'), ('iii', 'to bear a unique or at least exceptional testimony to a cultural tradition or to a civilization which is living or which has disappeared'), ('iv', 'to be an outstanding example of a type of building, architectural or technological ensemble or landscape which illustrates (a) significant stage(s) in human history'), ('v', 'to be an outstanding example of a traditional human settlement, land-use, or sea-use which is representative of a culture (or cultures), or human interaction with the environment especially when it has become vulnerable under the impact of irreversible change')]"
262,Sanganeb Marine National Park and Dungonab Bay – Mukkawar Island Marine National Park,natural,['Sudan'],['Africa'],2016,260700,"[('vii', 'to contain superlative natural phenomena or areas of exceptional natural beauty and aesthetic importance'), ('ix', 'to be outstanding examples representing significant on-going ecological and biological processes in the evolution and development of terrestrial, fresh water, coastal and marine ecosystems and communities of plants and animals'), ('x', 'to contain the most important and significant natural habitats for in-situ conservation of biological diversity, including those containing threatened species of outstanding universal value from the point of view of science or conservation')]"
1017,Central Suriname Nature Reserve,natural,['Suriname'],['South America'],2000,1600000,"[('ix', 'to be outstanding examples representing significant on-going ecological and biological processes in the evolution and development of terrestrial, fresh water, coastal and marine ecosystems and communities of plants and animals'), ('x', 'to contain the most important and significant natural habitats for in-situ conservation of biological diversity, including those containing threatened species of outstanding universal value from the point of view of science or conservation')]"
940,Historic Inner City of Paramaribo,cultural,['Suriname'],['South America'],2002,30,"[('ii', 'to exhibit an important interchange of human values, over a span of time or within a cultural area of the world, on developments in architecture or technology, monumental arts, town-planning or landscape design'), ('iv', 'to be an outstanding example of a type of building, architectural or technological ensemble or landscape which illustrates (a) significant stage(s) in human history')]"
1680,Jodensavanne Archaeological Site: Jodensavanne Settlement and Cassipora Creek Cemetery,cultural,['Suriname'],['South America'],2023,24.8,"[('iii', 'to bear a unique or at least exceptional testimony to a cultural tradition or to a civilization which is living or which has disappeared')]"
559,Royal Domain of Drottningholm,cultural,['Sweden'],['Europe'],1991,162.429,"[('iv', 'to be an outstanding example of a type of building, architectural or technological ensemble or landscape which illustrates (a) significant stage(s) in human history')]"
555,Birka and Hovgården,cultural,['Sweden'],['Europe'],1993,437.121,"[('iii', 'to bear a unique or at least exceptional testimony to a cultural tradition or to a civilization which is living or which has disappeared'), ('iv', 'to be an outstanding example of a type of building, architectural or technological ensemble or landscape which illustrates (a) significant stage(s) in human history')]"
556,Engelsberg Ironworks,cultural,['Sweden'],['Europe'],1993,9.596,"[('iv', 'to be an outstanding example of a type of building, architectural or technological ensemble or landscape which illustrates (a) significant stage(s) in human history')]"
557,Rock Carvings in Tanum,cultural,['Sweden'],['Europe'],1994,4137.609,"[('i', 'to represent a masterpiece of human creative genius'), ('iii', 'to bear a unique or at least exceptional testimony to a cultural tradition or to a civilization which is living or which has disappeared'), ('iv', 'to be an outstanding example of a type of building, architectural or technological ensemble or landscape which illustrates (a) significant stage(s) in human history')]"
558,Skogskyrkogården,cultural,['Sweden'],['Europe'],1994,108.08,"[('ii', 'to exhibit an important interchange of human values, over a span of time or within a cultural area of the world, on developments in architecture or technology, monumental arts, town-planning or landscape design'), ('iv', 'to be an outstanding example of a type of building, architectural or technological ensemble or landscape which illustrates (a) significant stage(s) in human history')]"
731,Hanseatic Town of Visby,cultural,['Sweden'],['Europe'],1995,ni podatka,"[('iv', 'to be an outstanding example of a type of building, architectural or technological ensemble or landscape which illustrates (a) significant stage(s) in human history'), ('v', 'to be an outstanding example of a traditional human settlement, land-use, or sea-use which is representative of a culture (or cultures), or human interaction with the environment especially when it has become vulnerable under the impact of irreversible change')]"
762,"Church Town of Gammelstad, Luleå",cultural,['Sweden'],['Europe'],1996,16.402,"[('ii', 'to exhibit an important interchange of human values, over a span of time or within a cultural area of the world, on developments in architecture or technology, monumental arts, town-planning or landscape design'), ('iv', 'to be an outstanding example of a type of building, architectural or technological ensemble or landscape which illustrates (a) significant stage(s) in human history'), ('v', 'to be an outstanding example of a traditional human settlement, land-use, or sea-use which is representative of a culture (or cultures), or human interaction with the environment especially when it has become vulnerable under the impact of irreversible change')]"
774,Laponian Area,mixed,['Sweden'],['Europe'],1996,940900,"[('iii', 'to bear a unique or at least exceptional testimony to a cultural tradition or to a civilization which is living or which has disappeared'), ('v', 'to be an outstanding example of a traditional human settlement, land-use, or sea-use which is representative of a culture (or cultures), or human interaction with the environment especially when it has become vulnerable under the impact of irreversible change'), ('vii', 'to contain superlative natural phenomena or areas of exceptional natural beauty and aesthetic importance'), ('viii', ""to be outstanding examples representing major stages of earth's history, including the record of life, significant on-going geological processes in the development of landforms, or significant geomorphic or physiographic features""), ('ix', 'to be outstanding examples representing significant on-going ecological and biological processes in the evolution and development of terrestrial, fresh water, coastal and marine ecosystems and communities of plants and animals')]"
871,Naval Port of Karlskrona,cultural,['Sweden'],['Europe'],1998,320.417,"[('ii', 'to exhibit an important interchange of human values, over a span of time or within a cultural area of the world, on developments in architecture or technology, monumental arts, town-planning or landscape design'), ('iv', 'to be an outstanding example of a type of building, architectural or technological ensemble or landscape which illustrates (a) significant stage(s) in human history')]"
968,Agricultural Landscape of Southern Öland,cultural,['Sweden'],['Europe'],2000,56323,"[('iv', 'to be an outstanding example of a type of building, architectural or technological ensemble or landscape which illustrates (a) significant stage(s) in human history'), ('v', 'to be an outstanding example of a traditional human settlement, land-use, or sea-use which is representative of a culture (or cultures), or human interaction with the environment especially when it has become vulnerable under the impact of irreversible change')]"
1027,Mining Area of the Great Copper Mountain in Falun,cultural,['Sweden'],['Europe'],2001,42.82,"[('ii', 'to exhibit an important interchange of human values, over a span of time or within a cultural area of the world, on developments in architecture or technology, monumental arts, town-planning or landscape design'), ('iii', 'to bear a unique or at least exceptional testimony to a cultural tradition or to a civilization which is living or which has disappeared'), ('v', 'to be an outstanding example of a traditional human settlement, land-use, or sea-use which is representative of a culture (or cultures), or human interaction with the environment especially when it has become vulnerable under the impact of irreversible change')]"
1134,"Grimeton Radio Station, Varberg",cultural,['Sweden'],['Europe'],2004,109.09,"[('ii', 'to exhibit an important interchange of human values, over a span of time or within a cultural area of the world, on developments in architecture or technology, monumental arts, town-planning or landscape design'), ('iv', 'to be an outstanding example of a type of building, architectural or technological ensemble or landscape which illustrates (a) significant stage(s) in human history')]"
1282,Decorated Farmhouses of Hälsingland,cultural,['Sweden'],['Europe'],2012,14.84,"[('v', 'to be an outstanding example of a traditional human settlement, land-use, or sea-use which is representative of a culture (or cultures), or human interaction with the environment especially when it has become vulnerable under the impact of irreversible change')]"
268,Abbey of St Gall,cultural,['Switzerland'],['Europe'],1983,ni podatka,"[('ii', 'to exhibit an important interchange of human values, over a span of time or within a cultural area of the world, on developments in architecture or technology, monumental arts, town-planning or landscape design'), ('iv', 'to be an outstanding example of a type of building, architectural or technological ensemble or landscape which illustrates (a) significant stage(s) in human history')]"
269,Benedictine Convent of St John at Müstair,cultural,['Switzerland'],['Europe'],1983,2.036,"[('iii', 'to bear a unique or at least exceptional testimony to a cultural tradition or to a civilization which is living or which has disappeared')]"
267,Old City of Berne,cultural,['Switzerland'],['Europe'],1983,84.684,"[('iii', 'to bear a unique or at least exceptional testimony to a cultural tradition or to a civilization which is living or which has disappeared')]"
884,"Three Castles, Defensive Wall and Ramparts of the Market-Town of Bellinzona",cultural,['Switzerland'],['Europe'],2000,14.698,"[('iv', 'to be an outstanding example of a type of building, architectural or technological ensemble or landscape which illustrates (a) significant stage(s) in human history')]"
1037,Swiss Alps Jungfrau-Aletsch,natural,['Switzerland'],['Europe'],2001,82400,"[('vii', 'to contain superlative natural phenomena or areas of exceptional natural beauty and aesthetic importance'), ('viii', ""to be outstanding examples representing major stages of earth's history, including the record of life, significant on-going geological processes in the development of landforms, or significant geomorphic or physiographic features""), ('ix', 'to be outstanding examples representing significant on-going ecological and biological processes in the evolution and development of terrestrial, fresh water, coastal and marine ecosystems and communities of plants and animals')]"
1243,"Lavaux, Vineyard Terraces",cultural,['Switzerland'],['Europe'],2007,898,"[('iii', 'to bear a unique or at least exceptional testimony to a cultural tradition or to a civilization which is living or which has disappeared'), ('iv', 'to be an outstanding example of a type of building, architectural or technological ensemble or landscape which illustrates (a) significant stage(s) in human history'), ('v', 'to be an outstanding example of a traditional human settlement, land-use, or sea-use which is representative of a culture (or cultures), or human interaction with the environment especially when it has become vulnerable under the impact of irreversible change')]"
1179,Swiss Tectonic Arena Sardona,natural,['Switzerland'],['Europe'],2008,32850,"[('viii', ""to be outstanding examples representing major stages of earth's history, including the record of life, significant on-going geological processes in the development of landforms, or significant geomorphic or physiographic features"")]"
1302,"La Chaux-de-Fonds / Le Locle, Watchmaking Town Planning",cultural,['Switzerland'],['Europe'],2009,283.9,"[('iv', 'to be an outstanding example of a type of building, architectural or technological ensemble or landscape which illustrates (a) significant stage(s) in human history')]"
20,Ancient City of Damascus,cultural_danger,['Syrian Arab Republic'],['Asia'],1979,86.12,"[('i', 'to represent a masterpiece of human creative genius'), ('ii', 'to exhibit an important interchange of human values, over a span of time or within a cultural area of the world, on developments in architecture or technology, monumental arts, town-planning or landscape design'), ('iii', 'to bear a unique or at least exceptional testimony to a cultural tradition or to a civilization which is living or which has disappeared'), ('iv', 'to be an outstanding example of a type of building, architectural or technological ensemble or landscape which illustrates (a) significant stage(s) in human history'), ('vi', 'to be directly or tangibly associated with events or living traditions, with ideas, or with beliefs, with artistic and literary works of outstanding universal significance. (The Committee considers that this criterion should preferably be used in conjunction with other criteria)')]"
22,Ancient City of Bosra,cultural_danger,['Syrian Arab Republic'],['Asia'],1980,116.2,"[('i', 'to represent a masterpiece of human creative genius'), ('iii', 'to bear a unique or at least exceptional testimony to a cultural tradition or to a civilization which is living or which has disappeared'), ('vi', 'to be directly or tangibly associated with events or living traditions, with ideas, or with beliefs, with artistic and literary works of outstanding universal significance. (The Committee considers that this criterion should preferably be used in conjunction with other criteria)')]"
23,Site of Palmyra,cultural_danger,['Syrian Arab Republic'],['Asia'],1980,1640,"[('i', 'to represent a masterpiece of human creative genius'), ('ii', 'to exhibit an important interchange of human values, over a span of time or within a cultural area of the world, on developments in architecture or technology, monumental arts, town-planning or landscape design'), ('iv', 'to be an outstanding example of a type of building, architectural or technological ensemble or landscape which illustrates (a) significant stage(s) in human history')]"
21,Ancient City of Aleppo,cultural_danger,['Syrian Arab Republic'],['Asia'],1986,364,"[('iii', 'to bear a unique or at least exceptional testimony to a cultural tradition or to a civilization which is living or which has disappeared'), ('iv', 'to be an outstanding example of a type of building, architectural or technological ensemble or landscape which illustrates (a) significant stage(s) in human history')]"
1229,Crac des Chevaliers and Qal’at Salah El-Din,cultural_danger,['Syrian Arab Republic'],['Asia'],2006,8.87,"[('ii', 'to exhibit an important interchange of human values, over a span of time or within a cultural area of the world, on developments in architecture or technology, monumental arts, town-planning or landscape design'), ('iv', 'to be an outstanding example of a type of building, architectural or technological ensemble or landscape which illustrates (a) significant stage(s) in human history')]"
1348,Ancient Villages of Northern Syria,cultural_danger,['Syrian Arab Republic'],['Asia'],2011,12290,"[('iii', 'to bear a unique or at least exceptional testimony to a cultural tradition or to a civilization which is living or which has disappeared'), ('iv', 'to be an outstanding example of a type of building, architectural or technological ensemble or landscape which illustrates (a) significant stage(s) in human history'), ('v', 'to be an outstanding example of a traditional human settlement, land-use, or sea-use which is representative of a culture (or cultures), or human interaction with the environment especially when it has become vulnerable under the impact of irreversible change')]"
1141,Proto-urban Site of Sarazm,cultural,['Tajikistan'],['Asia'],2010,15.93,"[('ii', 'to exhibit an important interchange of human values, over a span of time or within a cultural area of the world, on developments in architecture or technology, monumental arts, town-planning or landscape design'), ('iii', 'to bear a unique or at least exceptional testimony to a cultural tradition or to a civilization which is living or which has disappeared')]"
1252,Tajik National Park (Mountains of the Pamirs),natural,['Tajikistan'],['Asia'],2013,2611674,"[('vii', 'to contain superlative natural phenomena or areas of exceptional natural beauty and aesthetic importance'), ('viii', ""to be outstanding examples representing major stages of earth's history, including the record of life, significant on-going geological processes in the development of landforms, or significant geomorphic or physiographic features"")]"
1675,Silk Roads: Zarafshan-Karakum Corridor,cultural,"['Tajikistan', 'Turkmenistan', 'Uzbekistan']",['Asia'],2023,669.679,"[('ii', 'to exhibit an important interchange of human values, over a span of time or within a cultural area of the world, on developments in architecture or technology, monumental arts, town-planning or landscape design'), ('iii', 'to bear a unique or at least exceptional testimony to a cultural tradition or to a civilization which is living or which has disappeared'), ('v', 'to be an outstanding example of a traditional human settlement, land-use, or sea-use which is representative of a culture (or cultures), or human interaction with the environment especially when it has become vulnerable under the impact of irreversible change')]"
1685,Tugay forests of the Tigrovaya Balka Nature Reserve,natural,['Tajikistan'],['Asia'],2023,49786,"[('ix', 'to be outstanding examples representing significant on-going ecological and biological processes in the evolution and development of terrestrial, fresh water, coastal and marine ecosystems and communities of plants and animals')]"
1627,Cultural Heritage Sites of Ancient Khuttal,cultural,['Tajikistan'],['Asia'],2025,152.409,"[('ii', 'to exhibit an important interchange of human values, over a span of time or within a cultural area of the world, on developments in architecture or technology, monumental arts, town-planning or landscape design'), ('iii', 'to bear a unique or at least exceptional testimony to a cultural tradition or to a civilization which is living or which has disappeared')]"
576,Historic City of Ayutthaya,cultural,['Thailand'],['Asia'],1991,289,"[('iii', 'to bear a unique or at least exceptional testimony to a cultural tradition or to a civilization which is living or which has disappeared')]"
574,Historic Town of Sukhothai and Associated Historic Towns,cultural,['Thailand'],['Asia'],1991,11852,"[('i', 'to represent a masterpiece of human creative genius'), ('iii', 'to bear a unique or at least exceptional testimony to a cultural tradition or to a civilization which is living or which has disappeared')]"
591,Thungyai-Huai Kha Khaeng Wildlife Sanctuaries,natural,['Thailand'],['Asia'],1991,622200,"[('vii', 'to contain superlative natural phenomena or areas of exceptional natural beauty and aesthetic importance'), ('ix', 'to be outstanding examples representing significant on-going ecological and biological processes in the evolution and development of terrestrial, fresh water, coastal and marine ecosystems and communities of plants and animals'), ('x', 'to contain the most important and significant natural habitats for in-situ conservation of biological diversity, including those containing threatened species of outstanding universal value from the point of view of science or conservation')]"
575,Ban Chiang Archaeological Site,cultural,['Thailand'],['Asia'],1992,30,"[('iii', 'to bear a unique or at least exceptional testimony to a cultural tradition or to a civilization which is living or which has disappeared')]"
590,Dong Phayayen-Khao Yai Forest Complex,natural,['Thailand'],['Asia'],2005,615500,"[('x', 'to contain the most important and significant natural habitats for in-situ conservation of biological diversity, including those containing threatened species of outstanding universal value from the point of view of science or conservation')]"
1461,Kaeng Krachan Forest Complex,natural,['Thailand'],['Asia'],2021,408940,"[('x', 'to contain the most important and significant natural habitats for in-situ conservation of biological diversity, including those containing threatened species of outstanding universal value from the point of view of science or conservation')]"
1662,The Ancient Town of Si Thep and its Associated Dvaravati Monuments,cultural,['Thailand'],['Asia'],2023,866.471,"[('ii', 'to exhibit an important interchange of human values, over a span of time or within a cultural area of the world, on developments in architecture or technology, monumental arts, town-planning or landscape design'), ('iii', 'to bear a unique or at least exceptional testimony to a cultural tradition or to a civilization which is living or which has disappeared')]"
1507,"Phu Phrabat, a testimony to the Sīma stone tradition of the Dvaravati period",cultural,['Thailand'],['Asia'],2024,585.955,"[('iii', 'to bear a unique or at least exceptional testimony to a cultural tradition or to a civilization which is living or which has disappeared'), ('v', 'to be an outstanding example of a traditional human settlement, land-use, or sea-use which is representative of a culture (or cultures), or human interaction with the environment especially when it has become vulnerable under the impact of irreversible change')]"
38,Amphitheatre of El Jem,cultural,['Tunisia'],['Africa'],1979,1.37,"[('iv', 'to be an outstanding example of a type of building, architectural or technological ensemble or landscape which illustrates (a) significant stage(s) in human history'), ('vi', 'to be directly or tangibly associated with events or living traditions, with ideas, or with beliefs, with artistic and literary works of outstanding universal significance. (The Committee considers that this criterion should preferably be used in conjunction with other criteria)')]"
37,Archaeological Site of Carthage,cultural,['Tunisia'],['Africa'],1979,498.08,"[('ii', 'to exhibit an important interchange of human values, over a span of time or within a cultural area of the world, on developments in architecture or technology, monumental arts, town-planning or landscape design'), ('iii', 'to bear a unique or at least exceptional testimony to a cultural tradition or to a civilization which is living or which has disappeared'), ('vi', 'to be directly or tangibly associated with events or living traditions, with ideas, or with beliefs, with artistic and literary works of outstanding universal significance. (The Committee considers that this criterion should preferably be used in conjunction with other criteria)')]"
36,Medina of Tunis,cultural,['Tunisia'],['Africa'],1979,296.41,"[('ii', 'to exhibit an important interchange of human values, over a span of time or within a cultural area of the world, on developments in architecture or technology, monumental arts, town-planning or landscape design'), ('iii', 'to bear a unique or at least exceptional testimony to a cultural tradition or to a civilization which is living or which has disappeared'), ('v', 'to be an outstanding example of a traditional human settlement, land-use, or sea-use which is representative of a culture (or cultures), or human interaction with the environment especially when it has become vulnerable under the impact of irreversible change')]"
8,Ichkeul National Park,natural,['Tunisia'],['Africa'],1980,12600,"[('x', 'to contain the most important and significant natural habitats for in-situ conservation of biological diversity, including those containing threatened species of outstanding universal value from the point of view of science or conservation')]"
332,Punic Town of Kerkuane and its Necropolis,cultural,['Tunisia'],['Africa'],1985,0.1119,"[('iii', 'to bear a unique or at least exceptional testimony to a cultural tradition or to a civilization which is living or which has disappeared')]"
499,Kairouan,cultural,['Tunisia'],['Africa'],1988,68.02,"[('i', 'to represent a masterpiece of human creative genius'), ('ii', 'to exhibit an important interchange of human values, over a span of time or within a cultural area of the world, on developments in architecture or technology, monumental arts, town-planning or landscape design'), ('iii', 'to bear a unique or at least exceptional testimony to a cultural tradition or to a civilization which is living or which has disappeared'), ('v', 'to be an outstanding example of a traditional human settlement, land-use, or sea-use which is representative of a culture (or cultures), or human interaction with the environment especially when it has become vulnerable under the impact of irreversible change'), ('vi', 'to be directly or tangibly associated with events or living traditions, with ideas, or with beliefs, with artistic and literary works of outstanding universal significance. (The Committee considers that this criterion should preferably be used in conjunction with other criteria)')]"
498,Medina of Sousse,cultural,['Tunisia'],['Africa'],1988,31.68,"[('iii', 'to bear a unique or at least exceptional testimony to a cultural tradition or to a civilization which is living or which has disappeared'), ('iv', 'to be an outstanding example of a type of building, architectural or technological ensemble or landscape which illustrates (a) significant stage(s) in human history'), ('v', 'to be an outstanding example of a traditional human settlement, land-use, or sea-use which is representative of a culture (or cultures), or human interaction with the environment especially when it has become vulnerable under the impact of irreversible change')]"
794,Dougga / Thugga,cultural,['Tunisia'],['Africa'],1997,75,"[('ii', 'to exhibit an important interchange of human values, over a span of time or within a cultural area of the world, on developments in architecture or technology, monumental arts, town-planning or landscape design'), ('iii', 'to bear a unique or at least exceptional testimony to a cultural tradition or to a civilization which is living or which has disappeared')]"
1640,Djerba: Testimony to a settlement pattern in an island territory,cultural,['Tunisia'],['Africa'],2023,5460.477,"[('v', 'to be an outstanding example of a traditional human settlement, land-use, or sea-use which is representative of a culture (or cultures), or human interaction with the environment especially when it has become vulnerable under the impact of irreversible change')]"
357,Göreme National Park and the Rock Sites of Cappadocia,mixed,['Türkiye'],['Asia'],1985,9883.81,"[('i', 'to represent a masterpiece of human creative genius'), ('iii', 'to bear a unique or at least exceptional testimony to a cultural tradition or to a civilization which is living or which has disappeared'), ('v', 'to be an outstanding example of a traditional human settlement, land-use, or sea-use which is representative of a culture (or cultures), or human interaction with the environment especially when it has become vulnerable under the impact of irreversible change'), ('vii', 'to contain superlative natural phenomena or areas of exceptional natural beauty and aesthetic importance')]"
358,Great Mosque and Hospital of Divriği,cultural,['Türkiye'],['Asia'],1985,2016,"[('i', 'to represent a masterpiece of human creative genius'), ('iv', 'to be an outstanding example of a type of building, architectural or technological ensemble or landscape which illustrates (a) significant stage(s) in human history')]"
356,Historic Areas of Istanbul,cultural,['Türkiye'],['Asia'],1985,765.5,"[('i', 'to represent a masterpiece of human creative genius'), ('ii', 'to exhibit an important interchange of human values, over a span of time or within a cultural area of the world, on developments in architecture or technology, monumental arts, town-planning or landscape design'), ('iii', 'to bear a unique or at least exceptional testimony to a cultural tradition or to a civilization which is living or which has disappeared'), ('iv', 'to be an outstanding example of a type of building, architectural or technological ensemble or landscape which illustrates (a) significant stage(s) in human history')]"
377,Hattusha: the Hittite Capital,cultural,['Türkiye'],['Asia'],1986,268.46,"[('i', 'to represent a masterpiece of human creative genius'), ('ii', 'to exhibit an important interchange of human values, over a span of time or within a cultural area of the world, on developments in architecture or technology, monumental arts, town-planning or landscape design'), ('iii', 'to bear a unique or at least exceptional testimony to a cultural tradition or to a civilization which is living or which has disappeared'), ('iv', 'to be an outstanding example of a type of building, architectural or technological ensemble or landscape which illustrates (a) significant stage(s) in human history')]"
448,Nemrut Dağ,cultural,['Türkiye'],['Asia'],1987,11,"[('i', 'to represent a masterpiece of human creative genius'), ('iii', 'to bear a unique or at least exceptional testimony to a cultural tradition or to a civilization which is living or which has disappeared'), ('iv', 'to be an outstanding example of a type of building, architectural or technological ensemble or landscape which illustrates (a) significant stage(s) in human history')]"
485,Hierapolis-Pamukkale,mixed,['Türkiye'],['Asia'],1988,1077,"[('iii', 'to bear a unique or at least exceptional testimony to a cultural tradition or to a civilization which is living or which has disappeared'), ('iv', 'to be an outstanding example of a type of building, architectural or technological ensemble or landscape which illustrates (a) significant stage(s) in human history'), ('vii', 'to contain superlative natural phenomena or areas of exceptional natural beauty and aesthetic importance')]"
484,Xanthos-Letoon,cultural,['Türkiye'],['Asia'],1988,126.4,"[('ii', 'to exhibit an important interchange of human values, over a span of time or within a cultural area of the world, on developments in architecture or technology, monumental arts, town-planning or landscape design'), ('iii', 'to bear a unique or at least exceptional testimony to a cultural tradition or to a civilization which is living or which has disappeared')]"
614,City of Safranbolu,cultural,['Türkiye'],['Asia'],1994,193,"[('ii', 'to exhibit an important interchange of human values, over a span of time or within a cultural area of the world, on developments in architecture or technology, monumental arts, town-planning or landscape design'), ('iv', 'to be an outstanding example of a type of building, architectural or technological ensemble or landscape which illustrates (a) significant stage(s) in human history'), ('v', 'to be an outstanding example of a traditional human settlement, land-use, or sea-use which is representative of a culture (or cultures), or human interaction with the environment especially when it has become vulnerable under the impact of irreversible change')]"
849,Archaeological Site of Troy,cultural,['Türkiye'],['Asia'],1998,158,"[('ii', 'to exhibit an important interchange of human values, over a span of time or within a cultural area of the world, on developments in architecture or technology, monumental arts, town-planning or landscape design'), ('iii', 'to bear a unique or at least exceptional testimony to a cultural tradition or to a civilization which is living or which has disappeared'), ('vi', 'to be directly or tangibly associated with events or living traditions, with ideas, or with beliefs, with artistic and literary works of outstanding universal significance. (The Committee considers that this criterion should preferably be used in conjunction with other criteria)')]"
1366,Selimiye Mosque and its Social Complex,cultural,['Türkiye'],['Asia'],2011,2.5,"[('i', 'to represent a masterpiece of human creative genius'), ('iv', 'to be an outstanding example of a type of building, architectural or technological ensemble or landscape which illustrates (a) significant stage(s) in human history')]"
1405,Neolithic Site of Çatalhöyük,cultural,['Türkiye'],['Asia'],2012,37,"[('iii', 'to bear a unique or at least exceptional testimony to a cultural tradition or to a civilization which is living or which has disappeared'), ('iv', 'to be an outstanding example of a type of building, architectural or technological ensemble or landscape which illustrates (a) significant stage(s) in human history')]"
1452,Bursa and Cumalıkızık: the Birth of the Ottoman Empire,cultural,['Türkiye'],['Asia'],2014,27.467,"[('i', 'to represent a masterpiece of human creative genius'), ('ii', 'to exhibit an important interchange of human values, over a span of time or within a cultural area of the world, on developments in architecture or technology, monumental arts, town-planning or landscape design'), ('iv', 'to be an outstanding example of a type of building, architectural or technological ensemble or landscape which illustrates (a) significant stage(s) in human history'), ('vi', 'to be directly or tangibly associated with events or living traditions, with ideas, or with beliefs, with artistic and literary works of outstanding universal significance. (The Committee considers that this criterion should preferably be used in conjunction with other criteria)')]"
1457,Pergamon and its Multi-Layered Cultural Landscape,cultural,['Türkiye'],['Asia'],2014,332.5,"[('i', 'to represent a masterpiece of human creative genius'), ('ii', 'to exhibit an important interchange of human values, over a span of time or within a cultural area of the world, on developments in architecture or technology, monumental arts, town-planning or landscape design'), ('iii', 'to bear a unique or at least exceptional testimony to a cultural tradition or to a civilization which is living or which has disappeared'), ('iv', 'to be an outstanding example of a type of building, architectural or technological ensemble or landscape which illustrates (a) significant stage(s) in human history'), ('vi', 'to be directly or tangibly associated with events or living traditions, with ideas, or with beliefs, with artistic and literary works of outstanding universal significance. (The Committee considers that this criterion should preferably be used in conjunction with other criteria)')]"
1488,Diyarbakır Fortress and Hevsel Gardens Cultural Landscape,cultural,['Türkiye'],['Asia'],2015,521.23,"[('iv', 'to be an outstanding example of a type of building, architectural or technological ensemble or landscape which illustrates (a) significant stage(s) in human history')]"
1018,Ephesus,cultural,['Türkiye'],['Asia'],2015,662.62,"[('iii', 'to bear a unique or at least exceptional testimony to a cultural tradition or to a civilization which is living or which has disappeared'), ('iv', 'to be an outstanding example of a type of building, architectural or technological ensemble or landscape which illustrates (a) significant stage(s) in human history'), ('vi', 'to be directly or tangibly associated with events or living traditions, with ideas, or with beliefs, with artistic and literary works of outstanding universal significance. (The Committee considers that this criterion should preferably be used in conjunction with other criteria)')]"
1518,Archaeological Site of Ani,cultural,['Türkiye'],['Asia'],2016,250.7,"[('ii', 'to exhibit an important interchange of human values, over a span of time or within a cultural area of the world, on developments in architecture or technology, monumental arts, town-planning or landscape design'), ('iii', 'to bear a unique or at least exceptional testimony to a cultural tradition or to a civilization which is living or which has disappeared'), ('iv', 'to be an outstanding example of a type of building, architectural or technological ensemble or landscape which illustrates (a) significant stage(s) in human history')]"
1519,Aphrodisias,cultural,['Türkiye'],['Asia'],2017,152.25,"[('ii', 'to exhibit an important interchange of human values, over a span of time or within a cultural area of the world, on developments in architecture or technology, monumental arts, town-planning or landscape design'), ('iii', 'to bear a unique or at least exceptional testimony to a cultural tradition or to a civilization which is living or which has disappeared'), ('iv', 'to be an outstanding example of a type of building, architectural or technological ensemble or landscape which illustrates (a) significant stage(s) in human history'), ('vi', 'to be directly or tangibly associated with events or living traditions, with ideas, or with beliefs, with artistic and literary works of outstanding universal significance. (The Committee considers that this criterion should preferably be used in conjunction with other criteria)')]"
1572,Göbekli Tepe,cultural,['Türkiye'],['Asia'],2018,126,"[('i', 'to represent a masterpiece of human creative genius'), ('ii', 'to exhibit an important interchange of human values, over a span of time or within a cultural area of the world, on developments in architecture or technology, monumental arts, town-planning or landscape design'), ('iv', 'to be an outstanding example of a type of building, architectural or technological ensemble or landscape which illustrates (a) significant stage(s) in human history')]"
1622,Arslantepe Mound,cultural,['Türkiye'],['Asia'],2021,4.85,"[('iii', 'to bear a unique or at least exceptional testimony to a cultural tradition or to a civilization which is living or which has disappeared')]"
1669,Gordion,cultural,['Türkiye'],['Asia'],2023,1064,"[('iii', 'to bear a unique or at least exceptional testimony to a cultural tradition or to a civilization which is living or which has disappeared')]"
1694,Wooden Hypostyle Mosques of Medieval Anatolia,cultural,['Türkiye'],['Asia'],2023,0.61,"[('ii', 'to exhibit an important interchange of human values, over a span of time or within a cultural area of the world, on developments in architecture or technology, monumental arts, town-planning or landscape design'), ('iv', 'to be an outstanding example of a type of building, architectural or technological ensemble or landscape which illustrates (a) significant stage(s) in human history')]"
1731,Sardis and the Lydian Tumuli of Bin Tepe,cultural,['Türkiye'],['Asia'],2025,9244,"[('iii', 'to bear a unique or at least exceptional testimony to a cultural tradition or to a civilization which is living or which has disappeared')]"
886,State Historical and Cultural Park “Ancient Merv”,cultural,['Turkmenistan'],['Asia'],1999,353.24,"[('ii', 'to exhibit an important interchange of human values, over a span of time or within a cultural area of the world, on developments in architecture or technology, monumental arts, town-planning or landscape design'), ('iii', 'to bear a unique or at least exceptional testimony to a cultural tradition or to a civilization which is living or which has disappeared')]"
1199,Kunya-Urgench,cultural,['Turkmenistan'],['Asia'],2005,353.24,"[('ii', 'to exhibit an important interchange of human values, over a span of time or within a cultural area of the world, on developments in architecture or technology, monumental arts, town-planning or landscape design'), ('iii', 'to bear a unique or at least exceptional testimony to a cultural tradition or to a civilization which is living or which has disappeared')]"
1242,Parthian Fortresses of Nisa,cultural,['Turkmenistan'],['Asia'],2007,77.905,"[('ii', 'to exhibit an important interchange of human values, over a span of time or within a cultural area of the world, on developments in architecture or technology, monumental arts, town-planning or landscape design'), ('iii', 'to bear a unique or at least exceptional testimony to a cultural tradition or to a civilization which is living or which has disappeared')]"
682,Bwindi Impenetrable National Park,natural,['Uganda'],['Africa'],1994,32092,"[('vii', 'to contain superlative natural phenomena or areas of exceptional natural beauty and aesthetic importance'), ('x', 'to contain the most important and significant natural habitats for in-situ conservation of biological diversity, including those containing threatened species of outstanding universal value from the point of view of science or conservation')]"
684,Rwenzori Mountains National Park,natural,['Uganda'],['Africa'],1994,99600,"[('vii', 'to contain superlative natural phenomena or areas of exceptional natural beauty and aesthetic importance'), ('x', 'to contain the most important and significant natural habitats for in-situ conservation of biological diversity, including those containing threatened species of outstanding universal value from the point of view of science or conservation')]"
1022,Tombs of Buganda Kings at Kasubi,cultural,['Uganda'],['Africa'],2001,26.8,"[('i', 'to represent a masterpiece of human creative genius'), ('iii', 'to bear a unique or at least exceptional testimony to a cultural tradition or to a civilization which is living or which has disappeared'), ('iv', 'to be an outstanding example of a type of building, architectural or technological ensemble or landscape which illustrates (a) significant stage(s) in human history'), ('vi', 'to be directly or tangibly associated with events or living traditions, with ideas, or with beliefs, with artistic and literary works of outstanding universal significance. (The Committee considers that this criterion should preferably be used in conjunction with other criteria)')]"
527,"Kyiv: Saint-Sophia Cathedral and Related Monastic Buildings, Kyiv-Pechersk Lavra",cultural_danger,['Ukraine'],['Europe'],1990,28.52,"[('i', 'to represent a masterpiece of human creative genius'), ('ii', 'to exhibit an important interchange of human values, over a span of time or within a cultural area of the world, on developments in architecture or technology, monumental arts, town-planning or landscape design'), ('iii', 'to bear a unique or at least exceptional testimony to a cultural tradition or to a civilization which is living or which has disappeared'), ('iv', 'to be an outstanding example of a type of building, architectural or technological ensemble or landscape which illustrates (a) significant stage(s) in human history')]"
865,L'viv – the Ensemble of the Historic Centre,cultural_danger,['Ukraine'],['Europe'],1998,120,"[('ii', 'to exhibit an important interchange of human values, over a span of time or within a cultural area of the world, on developments in architecture or technology, monumental arts, town-planning or landscape design'), ('v', 'to be an outstanding example of a traditional human settlement, land-use, or sea-use which is representative of a culture (or cultures), or human interaction with the environment especially when it has become vulnerable under the impact of irreversible change')]"
1330,Residence of Bukovinian and Dalmatian Metropolitans,cultural,['Ukraine'],['Europe'],2011,8,"[('ii', 'to exhibit an important interchange of human values, over a span of time or within a cultural area of the world, on developments in architecture or technology, monumental arts, town-planning or landscape design'), ('iii', 'to bear a unique or at least exceptional testimony to a cultural tradition or to a civilization which is living or which has disappeared'), ('iv', 'to be an outstanding example of a type of building, architectural or technological ensemble or landscape which illustrates (a) significant stage(s) in human history')]"
1411,Ancient City of Tauric Chersonese and its Chora,cultural,['Ukraine'],['Europe'],2013,259.3752,"[('ii', 'to exhibit an important interchange of human values, over a span of time or within a cultural area of the world, on developments in architecture or technology, monumental arts, town-planning or landscape design'), ('v', 'to be an outstanding example of a traditional human settlement, land-use, or sea-use which is representative of a culture (or cultures), or human interaction with the environment especially when it has become vulnerable under the impact of irreversible change')]"
1703,The Historic Centre of Odesa,cultural_danger,['Ukraine'],['Europe'],2023,618.54,"[('ii', 'to exhibit an important interchange of human values, over a span of time or within a cultural area of the world, on developments in architecture or technology, monumental arts, town-planning or landscape design'), ('iv', 'to be an outstanding example of a type of building, architectural or technological ensemble or landscape which illustrates (a) significant stage(s) in human history')]"
1343,"Cultural Sites of Al Ain (Hafit, Hili, Bidaa Bint Saud and Oases Areas)",cultural,['United Arab Emirates'],['Asia'],2011,4945.45,"[('iii', 'to bear a unique or at least exceptional testimony to a cultural tradition or to a civilization which is living or which has disappeared'), ('iv', 'to be an outstanding example of a type of building, architectural or technological ensemble or landscape which illustrates (a) significant stage(s) in human history'), ('v', 'to be an outstanding example of a traditional human settlement, land-use, or sea-use which is representative of a culture (or cultures), or human interaction with the environment especially when it has become vulnerable under the impact of irreversible change')]"
1735,Faya Palaeolandscape,cultural,['United Arab Emirates'],['Asia'],2025,29085,"[('iii', 'to bear a unique or at least exceptional testimony to a cultural tradition or to a civilization which is living or which has disappeared'), ('iv', 'to be an outstanding example of a type of building, architectural or technological ensemble or landscape which illustrates (a) significant stage(s) in human history')]"
374,Castles and Town Walls of King Edward in Gwynedd,cultural,['United Kingdom of Great Britain and Northern Ireland'],['Europe'],1986,6,"[('i', 'to represent a masterpiece of human creative genius'), ('iii', 'to bear a unique or at least exceptional testimony to a cultural tradition or to a civilization which is living or which has disappeared'), ('iv', 'to be an outstanding example of a type of building, architectural or technological ensemble or landscape which illustrates (a) significant stage(s) in human history')]"
370,Durham Castle and Cathedral,cultural,['United Kingdom of Great Britain and Northern Ireland'],['Europe'],1986,8.79,"[('ii', 'to exhibit an important interchange of human values, over a span of time or within a cultural area of the world, on developments in architecture or technology, monumental arts, town-planning or landscape design'), ('iv', 'to be an outstanding example of a type of building, architectural or technological ensemble or landscape which illustrates (a) significant stage(s) in human history'), ('vi', 'to be directly or tangibly associated with events or living traditions, with ideas, or with beliefs, with artistic and literary works of outstanding universal significance. (The Committee considers that this criterion should preferably be used in conjunction with other criteria)')]"
369,Giant's Causeway and Causeway Coast,natural,['United Kingdom of Great Britain and Northern Ireland'],['Europe'],1986,239.405,"[('vii', 'to contain superlative natural phenomena or areas of exceptional natural beauty and aesthetic importance'), ('viii', ""to be outstanding examples representing major stages of earth's history, including the record of life, significant on-going geological processes in the development of landforms, or significant geomorphic or physiographic features"")]"
371,Ironbridge Gorge,cultural,['United Kingdom of Great Britain and Northern Ireland'],['Europe'],1986,547.9,"[('i', 'to represent a masterpiece of human creative genius'), ('ii', 'to exhibit an important interchange of human values, over a span of time or within a cultural area of the world, on developments in architecture or technology, monumental arts, town-planning or landscape design'), ('iv', 'to be an outstanding example of a type of building, architectural or technological ensemble or landscape which illustrates (a) significant stage(s) in human history'), ('vi', 'to be directly or tangibly associated with events or living traditions, with ideas, or with beliefs, with artistic and literary works of outstanding universal significance. (The Committee considers that this criterion should preferably be used in conjunction with other criteria)')]"
387,St Kilda,mixed,['United Kingdom of Great Britain and Northern Ireland'],['Europe'],1986,24201.4004,"[('iii', 'to bear a unique or at least exceptional testimony to a cultural tradition or to a civilization which is living or which has disappeared'), ('v', 'to be an outstanding example of a traditional human settlement, land-use, or sea-use which is representative of a culture (or cultures), or human interaction with the environment especially when it has become vulnerable under the impact of irreversible change'), ('vii', 'to contain superlative natural phenomena or areas of exceptional natural beauty and aesthetic importance'), ('ix', 'to be outstanding examples representing significant on-going ecological and biological processes in the evolution and development of terrestrial, fresh water, coastal and marine ecosystems and communities of plants and animals'), ('x', 'to contain the most important and significant natural habitats for in-situ conservation of biological diversity, including those containing threatened species of outstanding universal value from the point of view of science or conservation')]"
373,"Stonehenge, Avebury and Associated Sites",cultural,['United Kingdom of Great Britain and Northern Ireland'],['Europe'],1986,4985.4,"[('i', 'to represent a masterpiece of human creative genius'), ('ii', 'to exhibit an important interchange of human values, over a span of time or within a cultural area of the world, on developments in architecture or technology, monumental arts, town-planning or landscape design'), ('iii', 'to bear a unique or at least exceptional testimony to a cultural tradition or to a civilization which is living or which has disappeared')]"
372,Studley Royal Park including the Ruins of Fountains Abbey,cultural,['United Kingdom of Great Britain and Northern Ireland'],['Europe'],1986,310,"[('i', 'to represent a masterpiece of human creative genius'), ('iv', 'to be an outstanding example of a type of building, architectural or technological ensemble or landscape which illustrates (a) significant stage(s) in human history')]"
425,Blenheim Palace,cultural,['United Kingdom of Great Britain and Northern Ireland'],['Europe'],1987,ni podatka,"[('ii', 'to exhibit an important interchange of human values, over a span of time or within a cultural area of the world, on developments in architecture or technology, monumental arts, town-planning or landscape design'), ('iv', 'to be an outstanding example of a type of building, architectural or technological ensemble or landscape which illustrates (a) significant stage(s) in human history')]"
428,City of Bath,cultural,['United Kingdom of Great Britain and Northern Ireland'],['Europe'],1987,2900,"[('i', 'to represent a masterpiece of human creative genius'), ('ii', 'to exhibit an important interchange of human values, over a span of time or within a cultural area of the world, on developments in architecture or technology, monumental arts, town-planning or landscape design'), ('iv', 'to be an outstanding example of a type of building, architectural or technological ensemble or landscape which illustrates (a) significant stage(s) in human history')]"
426,Palace of Westminster and Westminster Abbey including Saint Margaret’s Church,cultural,['United Kingdom of Great Britain and Northern Ireland'],['Europe'],1987,10.26,"[('i', 'to represent a masterpiece of human creative genius'), ('ii', 'to exhibit an important interchange of human values, over a span of time or within a cultural area of the world, on developments in architecture or technology, monumental arts, town-planning or landscape design'), ('iv', 'to be an outstanding example of a type of building, architectural or technological ensemble or landscape which illustrates (a) significant stage(s) in human history')]"
496,"Canterbury Cathedral, St Augustine's Abbey, and St Martin's Church",cultural,['United Kingdom of Great Britain and Northern Ireland'],['Europe'],1988,18.17,"[('i', 'to represent a masterpiece of human creative genius'), ('ii', 'to exhibit an important interchange of human values, over a span of time or within a cultural area of the world, on developments in architecture or technology, monumental arts, town-planning or landscape design'), ('vi', 'to be directly or tangibly associated with events or living traditions, with ideas, or with beliefs, with artistic and literary works of outstanding universal significance. (The Committee considers that this criterion should preferably be used in conjunction with other criteria)')]"
487,Henderson Island,natural,['United Kingdom of Great Britain and Northern Ireland'],['Europe'],1988,3700,"[('vii', 'to contain superlative natural phenomena or areas of exceptional natural beauty and aesthetic importance'), ('x', 'to contain the most important and significant natural habitats for in-situ conservation of biological diversity, including those containing threatened species of outstanding universal value from the point of view of science or conservation')]"
488,Tower of London,cultural,['United Kingdom of Great Britain and Northern Ireland'],['Europe'],1988,ni podatka,"[('ii', 'to exhibit an important interchange of human values, over a span of time or within a cultural area of the world, on developments in architecture or technology, monumental arts, town-planning or landscape design'), ('iv', 'to be an outstanding example of a type of building, architectural or technological ensemble or landscape which illustrates (a) significant stage(s) in human history')]"
740,Gough and Inaccessible Islands,natural,['United Kingdom of Great Britain and Northern Ireland'],['Europe'],1995,397900,"[('vii', 'to contain superlative natural phenomena or areas of exceptional natural beauty and aesthetic importance'), ('x', 'to contain the most important and significant natural habitats for in-situ conservation of biological diversity, including those containing threatened species of outstanding universal value from the point of view of science or conservation')]"
728,Old and New Towns of Edinburgh,cultural,['United Kingdom of Great Britain and Northern Ireland'],['Europe'],1995,ni podatka,"[('ii', 'to exhibit an important interchange of human values, over a span of time or within a cultural area of the world, on developments in architecture or technology, monumental arts, town-planning or landscape design'), ('iv', 'to be an outstanding example of a type of building, architectural or technological ensemble or landscape which illustrates (a) significant stage(s) in human history')]"
795,Maritime Greenwich,cultural,['United Kingdom of Great Britain and Northern Ireland'],['Europe'],1997,109.5,"[('i', 'to represent a masterpiece of human creative genius'), ('ii', 'to exhibit an important interchange of human values, over a span of time or within a cultural area of the world, on developments in architecture or technology, monumental arts, town-planning or landscape design'), ('iv', 'to be an outstanding example of a type of building, architectural or technological ensemble or landscape which illustrates (a) significant stage(s) in human history'), ('vi', 'to be directly or tangibly associated with events or living traditions, with ideas, or with beliefs, with artistic and literary works of outstanding universal significance. (The Committee considers that this criterion should preferably be used in conjunction with other criteria)')]"
514,Heart of Neolithic Orkney,cultural,['United Kingdom of Great Britain and Northern Ireland'],['Europe'],1999,15,"[('i', 'to represent a masterpiece of human creative genius'), ('ii', 'to exhibit an important interchange of human values, over a span of time or within a cultural area of the world, on developments in architecture or technology, monumental arts, town-planning or landscape design'), ('iii', 'to bear a unique or at least exceptional testimony to a cultural tradition or to a civilization which is living or which has disappeared'), ('iv', 'to be an outstanding example of a type of building, architectural or technological ensemble or landscape which illustrates (a) significant stage(s) in human history')]"
984,Blaenavon Industrial Landscape,cultural,['United Kingdom of Great Britain and Northern Ireland'],['Europe'],2000,3290,"[('iii', 'to bear a unique or at least exceptional testimony to a cultural tradition or to a civilization which is living or which has disappeared'), ('iv', 'to be an outstanding example of a type of building, architectural or technological ensemble or landscape which illustrates (a) significant stage(s) in human history')]"
983,"Historic Town of St George and Related Fortifications, Bermuda",cultural,['United Kingdom of Great Britain and Northern Ireland'],['Europe'],2000,257.5,"[('iv', 'to be an outstanding example of a type of building, architectural or technological ensemble or landscape which illustrates (a) significant stage(s) in human history')]"
1030,Derwent Valley Mills,cultural,['United Kingdom of Great Britain and Northern Ireland'],['Europe'],2001,1228.7,"[('ii', 'to exhibit an important interchange of human values, over a span of time or within a cultural area of the world, on developments in architecture or technology, monumental arts, town-planning or landscape design'), ('iv', 'to be an outstanding example of a type of building, architectural or technological ensemble or landscape which illustrates (a) significant stage(s) in human history')]"
1029,Dorset and East Devon Coast,natural,['United Kingdom of Great Britain and Northern Ireland'],['Europe'],2001,2550,"[('viii', ""to be outstanding examples representing major stages of earth's history, including the record of life, significant on-going geological processes in the development of landforms, or significant geomorphic or physiographic features"")]"
429,New Lanark,cultural,['United Kingdom of Great Britain and Northern Ireland'],['Europe'],2001,146,"[('ii', 'to exhibit an important interchange of human values, over a span of time or within a cultural area of the world, on developments in architecture or technology, monumental arts, town-planning or landscape design'), ('iv', 'to be an outstanding example of a type of building, architectural or technological ensemble or landscape which illustrates (a) significant stage(s) in human history'), ('vi', 'to be directly or tangibly associated with events or living traditions, with ideas, or with beliefs, with artistic and literary works of outstanding universal significance. (The Committee considers that this criterion should preferably be used in conjunction with other criteria)')]"
1028,Saltaire,cultural,['United Kingdom of Great Britain and Northern Ireland'],['Europe'],2001,20,"[('ii', 'to exhibit an important interchange of human values, over a span of time or within a cultural area of the world, on developments in architecture or technology, monumental arts, town-planning or landscape design'), ('iv', 'to be an outstanding example of a type of building, architectural or technological ensemble or landscape which illustrates (a) significant stage(s) in human history')]"
1084,"Royal Botanic Gardens, Kew",cultural,['United Kingdom of Great Britain and Northern Ireland'],['Europe'],2003,132,"[('ii', 'to exhibit an important interchange of human values, over a span of time or within a cultural area of the world, on developments in architecture or technology, monumental arts, town-planning or landscape design'), ('iii', 'to bear a unique or at least exceptional testimony to a cultural tradition or to a civilization which is living or which has disappeared'), ('iv', 'to be an outstanding example of a type of building, architectural or technological ensemble or landscape which illustrates (a) significant stage(s) in human history')]"
1215,Cornwall and West Devon Mining Landscape,cultural,['United Kingdom of Great Britain and Northern Ireland'],['Europe'],2006,19719,"[('ii', 'to exhibit an important interchange of human values, over a span of time or within a cultural area of the world, on developments in architecture or technology, monumental arts, town-planning or landscape design'), ('iii', 'to bear a unique or at least exceptional testimony to a cultural tradition or to a civilization which is living or which has disappeared'), ('iv', 'to be an outstanding example of a type of building, architectural or technological ensemble or landscape which illustrates (a) significant stage(s) in human history')]"
1303,Pontcysyllte Aqueduct and Canal,cultural,['United Kingdom of Great Britain and Northern Ireland'],['Europe'],2009,105,"[('i', 'to represent a masterpiece of human creative genius'), ('ii', 'to exhibit an important interchange of human values, over a span of time or within a cultural area of the world, on developments in architecture or technology, monumental arts, town-planning or landscape design'), ('iv', 'to be an outstanding example of a type of building, architectural or technological ensemble or landscape which illustrates (a) significant stage(s) in human history')]"
1485,The Forth Bridge,cultural,['United Kingdom of Great Britain and Northern Ireland'],['Europe'],2015,7.5,"[('i', 'to represent a masterpiece of human creative genius'), ('iv', 'to be an outstanding example of a type of building, architectural or technological ensemble or landscape which illustrates (a) significant stage(s) in human history')]"
1500,Gorham's Cave Complex,cultural,['United Kingdom of Great Britain and Northern Ireland'],['Europe'],2016,28,"[('iii', 'to bear a unique or at least exceptional testimony to a cultural tradition or to a civilization which is living or which has disappeared')]"
422,The English Lake District,cultural,['United Kingdom of Great Britain and Northern Ireland'],['Europe'],2017,229205.19,"[('ii', 'to exhibit an important interchange of human values, over a span of time or within a cultural area of the world, on developments in architecture or technology, monumental arts, town-planning or landscape design'), ('v', 'to be an outstanding example of a traditional human settlement, land-use, or sea-use which is representative of a culture (or cultures), or human interaction with the environment especially when it has become vulnerable under the impact of irreversible change'), ('vi', 'to be directly or tangibly associated with events or living traditions, with ideas, or with beliefs, with artistic and literary works of outstanding universal significance. (The Committee considers that this criterion should preferably be used in conjunction with other criteria)')]"
1594,Jodrell Bank Observatory,cultural,['United Kingdom of Great Britain and Northern Ireland'],['Europe'],2019,17.38,"[('i', 'to represent a masterpiece of human creative genius'), ('ii', 'to exhibit an important interchange of human values, over a span of time or within a cultural area of the world, on developments in architecture or technology, monumental arts, town-planning or landscape design'), ('iv', 'to be an outstanding example of a type of building, architectural or technological ensemble or landscape which illustrates (a) significant stage(s) in human history'), ('vi', 'to be directly or tangibly associated with events or living traditions, with ideas, or with beliefs, with artistic and literary works of outstanding universal significance. (The Committee considers that this criterion should preferably be used in conjunction with other criteria)')]"
1633,The Slate Landscape of Northwest Wales,cultural,['United Kingdom of Great Britain and Northern Ireland'],['Europe'],2021,3259.01,"[('ii', 'to exhibit an important interchange of human values, over a span of time or within a cultural area of the world, on developments in architecture or technology, monumental arts, town-planning or landscape design'), ('iv', 'to be an outstanding example of a type of building, architectural or technological ensemble or landscape which illustrates (a) significant stage(s) in human history')]"
1722,The Flow Country,natural,['United Kingdom of Great Britain and Northern Ireland'],['Europe'],2024,187026,"[('ix', 'to be outstanding examples representing significant on-going ecological and biological processes in the evolution and development of terrestrial, fresh water, coastal and marine ecosystems and communities of plants and animals')]"
39,Ngorongoro Conservation Area,mixed,['United Republic of Tanzania'],['Africa'],1979,809440,"[('iv', 'to be an outstanding example of a type of building, architectural or technological ensemble or landscape which illustrates (a) significant stage(s) in human history'), ('vii', 'to contain superlative natural phenomena or areas of exceptional natural beauty and aesthetic importance'), ('viii', ""to be outstanding examples representing major stages of earth's history, including the record of life, significant on-going geological processes in the development of landforms, or significant geomorphic or physiographic features""), ('ix', 'to be outstanding examples representing significant on-going ecological and biological processes in the evolution and development of terrestrial, fresh water, coastal and marine ecosystems and communities of plants and animals'), ('x', 'to contain the most important and significant natural habitats for in-situ conservation of biological diversity, including those containing threatened species of outstanding universal value from the point of view of science or conservation')]"
144,Ruins of Kilwa Kisiwani and Ruins of Songo Mnara,cultural,['United Republic of Tanzania'],['Africa'],1981,ni podatka,"[('iii', 'to bear a unique or at least exceptional testimony to a cultural tradition or to a civilization which is living or which has disappeared')]"
156,Serengeti National Park,natural,['United Republic of Tanzania'],['Africa'],1981,1476300,"[('vii', 'to contain superlative natural phenomena or areas of exceptional natural beauty and aesthetic importance'), ('x', 'to contain the most important and significant natural habitats for in-situ conservation of biological diversity, including those containing threatened species of outstanding universal value from the point of view of science or conservation')]"
199,Selous Game Reserve,natural_danger,['United Republic of Tanzania'],['Africa'],1982,5120000,"[('ix', 'to be outstanding examples representing significant on-going ecological and biological processes in the evolution and development of terrestrial, fresh water, coastal and marine ecosystems and communities of plants and animals'), ('x', 'to contain the most important and significant natural habitats for in-situ conservation of biological diversity, including those containing threatened species of outstanding universal value from the point of view of science or conservation')]"
403,Kilimanjaro National Park,natural,['United Republic of Tanzania'],['Africa'],1987,75575,"[('vii', 'to contain superlative natural phenomena or areas of exceptional natural beauty and aesthetic importance')]"
173,Stone Town of Zanzibar,cultural,['United Republic of Tanzania'],['Africa'],2000,96,"[('ii', 'to exhibit an important interchange of human values, over a span of time or within a cultural area of the world, on developments in architecture or technology, monumental arts, town-planning or landscape design'), ('iii', 'to bear a unique or at least exceptional testimony to a cultural tradition or to a civilization which is living or which has disappeared'), ('vi', 'to be directly or tangibly associated with events or living traditions, with ideas, or with beliefs, with artistic and literary works of outstanding universal significance. (The Committee considers that this criterion should preferably be used in conjunction with other criteria)')]"
1183,Kondoa Rock-Art Sites,cultural,['United Republic of Tanzania'],['Africa'],2006,233600,"[('iii', 'to bear a unique or at least exceptional testimony to a cultural tradition or to a civilization which is living or which has disappeared'), ('vi', 'to be directly or tangibly associated with events or living traditions, with ideas, or with beliefs, with artistic and literary works of outstanding universal significance. (The Committee considers that this criterion should preferably be used in conjunction with other criteria)')]"
27,Mesa Verde National Park,cultural,['United States of America'],['North America'],1978,21043,"[('iii', 'to bear a unique or at least exceptional testimony to a cultural tradition or to a civilization which is living or which has disappeared')]"
28,Yellowstone National Park,natural,['United States of America'],['North America'],1978,898349,"[('vii', 'to contain superlative natural phenomena or areas of exceptional natural beauty and aesthetic importance'), ('viii', ""to be outstanding examples representing major stages of earth's history, including the record of life, significant on-going geological processes in the development of landforms, or significant geomorphic or physiographic features""), ('ix', 'to be outstanding examples representing significant on-going ecological and biological processes in the evolution and development of terrestrial, fresh water, coastal and marine ecosystems and communities of plants and animals'), ('x', 'to contain the most important and significant natural habitats for in-situ conservation of biological diversity, including those containing threatened species of outstanding universal value from the point of view of science or conservation')]"
76,Everglades National Park,natural_danger,['United States of America'],['North America'],1979,567017,"[('viii', ""to be outstanding examples representing major stages of earth's history, including the record of life, significant on-going geological processes in the development of landforms, or significant geomorphic or physiographic features""), ('ix', 'to be outstanding examples representing significant on-going ecological and biological processes in the evolution and development of terrestrial, fresh water, coastal and marine ecosystems and communities of plants and animals'), ('x', 'to contain the most important and significant natural habitats for in-situ conservation of biological diversity, including those containing threatened species of outstanding universal value from the point of view of science or conservation')]"
75,Grand Canyon National Park,natural,['United States of America'],['North America'],1979,493270,"[('vii', 'to contain superlative natural phenomena or areas of exceptional natural beauty and aesthetic importance'), ('viii', ""to be outstanding examples representing major stages of earth's history, including the record of life, significant on-going geological processes in the development of landforms, or significant geomorphic or physiographic features""), ('ix', 'to be outstanding examples representing significant on-going ecological and biological processes in the evolution and development of terrestrial, fresh water, coastal and marine ecosystems and communities of plants and animals'), ('x', 'to contain the most important and significant natural habitats for in-situ conservation of biological diversity, including those containing threatened species of outstanding universal value from the point of view of science or conservation')]"
78,Independence Hall,cultural,['United States of America'],['North America'],1979,2,"[('vi', 'to be directly or tangibly associated with events or living traditions, with ideas, or with beliefs, with artistic and literary works of outstanding universal significance. (The Committee considers that this criterion should preferably be used in conjunction with other criteria)')]"
134,Redwood National and State Parks,natural,['United States of America'],['North America'],1980,41571,"[('vii', 'to contain superlative natural phenomena or areas of exceptional natural beauty and aesthetic importance'), ('ix', 'to be outstanding examples representing significant on-going ecological and biological processes in the evolution and development of terrestrial, fresh water, coastal and marine ecosystems and communities of plants and animals')]"
150,Mammoth Cave National Park,natural,['United States of America'],['North America'],1981,21191,"[('vii', 'to contain superlative natural phenomena or areas of exceptional natural beauty and aesthetic importance'), ('viii', ""to be outstanding examples representing major stages of earth's history, including the record of life, significant on-going geological processes in the development of landforms, or significant geomorphic or physiographic features""), ('x', 'to contain the most important and significant natural habitats for in-situ conservation of biological diversity, including those containing threatened species of outstanding universal value from the point of view of science or conservation')]"
151,Olympic National Park,natural,['United States of America'],['North America'],1981,369659.8,"[('vii', 'to contain superlative natural phenomena or areas of exceptional natural beauty and aesthetic importance'), ('ix', 'to be outstanding examples representing significant on-going ecological and biological processes in the evolution and development of terrestrial, fresh water, coastal and marine ecosystems and communities of plants and animals')]"
198,Cahokia Mounds State Historic Site,cultural,['United States of America'],['North America'],1982,541,"[('iii', 'to bear a unique or at least exceptional testimony to a cultural tradition or to a civilization which is living or which has disappeared'), ('iv', 'to be an outstanding example of a type of building, architectural or technological ensemble or landscape which illustrates (a) significant stage(s) in human history')]"
259,Great Smoky Mountains National Park,natural,['United States of America'],['North America'],1983,209000,"[('vii', 'to contain superlative natural phenomena or areas of exceptional natural beauty and aesthetic importance'), ('viii', ""to be outstanding examples representing major stages of earth's history, including the record of life, significant on-going geological processes in the development of landforms, or significant geomorphic or physiographic features""), ('ix', 'to be outstanding examples representing significant on-going ecological and biological processes in the evolution and development of terrestrial, fresh water, coastal and marine ecosystems and communities of plants and animals'), ('x', 'to contain the most important and significant natural habitats for in-situ conservation of biological diversity, including those containing threatened species of outstanding universal value from the point of view of science or conservation')]"
266,La Fortaleza and San Juan National Historic Site in Puerto Rico,cultural,['United States of America'],['North America'],1983,33.39,"[('vi', 'to be directly or tangibly associated with events or living traditions, with ideas, or with beliefs, with artistic and literary works of outstanding universal significance. (The Committee considers that this criterion should preferably be used in conjunction with other criteria)')]"
307,Statue of Liberty,cultural,['United States of America'],['North America'],1984,5.95,"[('i', 'to represent a masterpiece of human creative genius'), ('vi', 'to be directly or tangibly associated with events or living traditions, with ideas, or with beliefs, with artistic and literary works of outstanding universal significance. (The Committee considers that this criterion should preferably be used in conjunction with other criteria)')]"
308,Yosemite National Park,natural,['United States of America'],['North America'],1984,307934,"[('vii', 'to contain superlative natural phenomena or areas of exceptional natural beauty and aesthetic importance'), ('viii', ""to be outstanding examples representing major stages of earth's history, including the record of life, significant on-going geological processes in the development of landforms, or significant geomorphic or physiographic features"")]"
353,Chaco Culture,cultural,['United States of America'],['North America'],1987,14261,"[('iii', 'to bear a unique or at least exceptional testimony to a cultural tradition or to a civilization which is living or which has disappeared')]"
409,Hawaii Volcanoes National Park,natural,['United States of America'],['North America'],1987,87940,"[('viii', ""to be outstanding examples representing major stages of earth's history, including the record of life, significant on-going geological processes in the development of landforms, or significant geomorphic or physiographic features"")]"
442,Monticello and the University of Virginia in Charlottesville,cultural,['United States of America'],['North America'],1987,795.96,"[('i', 'to represent a masterpiece of human creative genius'), ('iv', 'to be an outstanding example of a type of building, architectural or technological ensemble or landscape which illustrates (a) significant stage(s) in human history'), ('vi', 'to be directly or tangibly associated with events or living traditions, with ideas, or with beliefs, with artistic and literary works of outstanding universal significance. (The Committee considers that this criterion should preferably be used in conjunction with other criteria)')]"
492,Taos Pueblo,cultural,['United States of America'],['North America'],1992,19.01,"[('iv', 'to be an outstanding example of a type of building, architectural or technological ensemble or landscape which illustrates (a) significant stage(s) in human history')]"
721,Carlsbad Caverns National Park,natural,['United States of America'],['North America'],1995,18926,"[('vii', 'to contain superlative natural phenomena or areas of exceptional natural beauty and aesthetic importance'), ('viii', ""to be outstanding examples representing major stages of earth's history, including the record of life, significant on-going geological processes in the development of landforms, or significant geomorphic or physiographic features"")]"
1326,Papahānaumokuākea,mixed,['United States of America'],['North America'],2010,36207499,"[('iii', 'to bear a unique or at least exceptional testimony to a cultural tradition or to a civilization which is living or which has disappeared'), ('vi', 'to be directly or tangibly associated with events or living traditions, with ideas, or with beliefs, with artistic and literary works of outstanding universal significance. (The Committee considers that this criterion should preferably be used in conjunction with other criteria)'), ('viii', ""to be outstanding examples representing major stages of earth's history, including the record of life, significant on-going geological processes in the development of landforms, or significant geomorphic or physiographic features""), ('ix', 'to be outstanding examples representing significant on-going ecological and biological processes in the evolution and development of terrestrial, fresh water, coastal and marine ecosystems and communities of plants and animals'), ('x', 'to contain the most important and significant natural habitats for in-situ conservation of biological diversity, including those containing threatened species of outstanding universal value from the point of view of science or conservation')]"
1435,Monumental Earthworks of Poverty Point,cultural,['United States of America'],['North America'],2014,163,"[('iii', 'to bear a unique or at least exceptional testimony to a cultural tradition or to a civilization which is living or which has disappeared')]"
1466,San Antonio Missions,cultural,['United States of America'],['North America'],2015,300.8,"[('ii', 'to exhibit an important interchange of human values, over a span of time or within a cultural area of the world, on developments in architecture or technology, monumental arts, town-planning or landscape design')]"
1496,The 20th-Century Architecture of Frank Lloyd Wright,cultural,['United States of America'],['North America'],2019,25.723,"[('ii', 'to exhibit an important interchange of human values, over a span of time or within a cultural area of the world, on developments in architecture or technology, monumental arts, town-planning or landscape design')]"
1689,Hopewell Ceremonial Earthworks,cultural,['United States of America'],['North America'],2023,320.7,"[('i', 'to represent a masterpiece of human creative genius'), ('iii', 'to bear a unique or at least exceptional testimony to a cultural tradition or to a civilization which is living or which has disappeared')]"
747,Historic Quarter of the City of Colonia del Sacramento,cultural,['Uruguay'],['South America'],1995,19,"[('iv', 'to be an outstanding example of a type of building, architectural or technological ensemble or landscape which illustrates (a) significant stage(s) in human history')]"
1464,Fray Bentos Industrial Landscape,cultural,['Uruguay'],['South America'],2015,273.8,"[('ii', 'to exhibit an important interchange of human values, over a span of time or within a cultural area of the world, on developments in architecture or technology, monumental arts, town-planning or landscape design'), ('iv', 'to be an outstanding example of a type of building, architectural or technological ensemble or landscape which illustrates (a) significant stage(s) in human history')]"
1612,The work of engineer Eladio Dieste: Church of Atlántida,cultural,['Uruguay'],['South America'],2021,0.56,"[('iv', 'to be an outstanding example of a type of building, architectural or technological ensemble or landscape which illustrates (a) significant stage(s) in human history')]"
543,Itchan Kala,cultural,['Uzbekistan'],['Asia'],1990,37.5,"[('iii', 'to bear a unique or at least exceptional testimony to a cultural tradition or to a civilization which is living or which has disappeared'), ('iv', 'to be an outstanding example of a type of building, architectural or technological ensemble or landscape which illustrates (a) significant stage(s) in human history'), ('v', 'to be an outstanding example of a traditional human settlement, land-use, or sea-use which is representative of a culture (or cultures), or human interaction with the environment especially when it has become vulnerable under the impact of irreversible change')]"
602,Historic Centre of Bukhara,cultural,['Uzbekistan'],['Asia'],1993,216,"[('ii', 'to exhibit an important interchange of human values, over a span of time or within a cultural area of the world, on developments in architecture or technology, monumental arts, town-planning or landscape design'), ('iv', 'to be an outstanding example of a type of building, architectural or technological ensemble or landscape which illustrates (a) significant stage(s) in human history'), ('vi', 'to be directly or tangibly associated with events or living traditions, with ideas, or with beliefs, with artistic and literary works of outstanding universal significance. (The Committee considers that this criterion should preferably be used in conjunction with other criteria)')]"
885,Historic Centre of Shakhrisyabz,cultural_danger,['Uzbekistan'],['Asia'],2000,240,"[('iii', 'to bear a unique or at least exceptional testimony to a cultural tradition or to a civilization which is living or which has disappeared'), ('iv', 'to be an outstanding example of a type of building, architectural or technological ensemble or landscape which illustrates (a) significant stage(s) in human history')]"
603,Samarkand – Crossroad of Cultures,cultural,['Uzbekistan'],['Asia'],2001,1123,"[('i', 'to represent a masterpiece of human creative genius'), ('ii', 'to exhibit an important interchange of human values, over a span of time or within a cultural area of the world, on developments in architecture or technology, monumental arts, town-planning or landscape design'), ('iv', 'to be an outstanding example of a type of building, architectural or technological ensemble or landscape which illustrates (a) significant stage(s) in human history')]"
1280,Chief Roi Mata’s Domain,cultural,['Vanuatu'],['Oceania'],2008,886.31,"[('iii', 'to bear a unique or at least exceptional testimony to a cultural tradition or to a civilization which is living or which has disappeared'), ('v', 'to be an outstanding example of a traditional human settlement, land-use, or sea-use which is representative of a culture (or cultures), or human interaction with the environment especially when it has become vulnerable under the impact of irreversible change'), ('vi', 'to be directly or tangibly associated with events or living traditions, with ideas, or with beliefs, with artistic and literary works of outstanding universal significance. (The Committee considers that this criterion should preferably be used in conjunction with other criteria)')]"
658,Coro and its Port,cultural_danger,['Venezuela (Bolivarian Republic of)'],['South America'],1993,18.4,"[('iv', 'to be an outstanding example of a type of building, architectural or technological ensemble or landscape which illustrates (a) significant stage(s) in human history'), ('v', 'to be an outstanding example of a traditional human settlement, land-use, or sea-use which is representative of a culture (or cultures), or human interaction with the environment especially when it has become vulnerable under the impact of irreversible change')]"
701,Canaima National Park,natural,['Venezuela (Bolivarian Republic of)'],['South America'],1994,3000000,"[('vii', 'to contain superlative natural phenomena or areas of exceptional natural beauty and aesthetic importance'), ('viii', ""to be outstanding examples representing major stages of earth's history, including the record of life, significant on-going geological processes in the development of landforms, or significant geomorphic or physiographic features""), ('ix', 'to be outstanding examples representing significant on-going ecological and biological processes in the evolution and development of terrestrial, fresh water, coastal and marine ecosystems and communities of plants and animals'), ('x', 'to contain the most important and significant natural habitats for in-situ conservation of biological diversity, including those containing threatened species of outstanding universal value from the point of view of science or conservation')]"
986,Ciudad Universitaria de Caracas,cultural,['Venezuela (Bolivarian Republic of)'],['South America'],2000,164.203,"[('i', 'to represent a masterpiece of human creative genius'), ('iv', 'to be an outstanding example of a type of building, architectural or technological ensemble or landscape which illustrates (a) significant stage(s) in human history')]"
678,Complex of Hué Monuments,cultural,['Viet Nam'],['Asia'],1993,315.47,"[('iv', 'to be an outstanding example of a type of building, architectural or technological ensemble or landscape which illustrates (a) significant stage(s) in human history')]"
672,Ha Long Bay - Cat Ba Archipelago,natural,['Viet Nam'],['Asia'],1994,65650,"[('vii', 'to contain superlative natural phenomena or areas of exceptional natural beauty and aesthetic importance'), ('viii', ""to be outstanding examples representing major stages of earth's history, including the record of life, significant on-going geological processes in the development of landforms, or significant geomorphic or physiographic features"")]"
948,Hoi An Ancient Town,cultural,['Viet Nam'],['Asia'],1999,30,"[('ii', 'to exhibit an important interchange of human values, over a span of time or within a cultural area of the world, on developments in architecture or technology, monumental arts, town-planning or landscape design'), ('v', 'to be an outstanding example of a traditional human settlement, land-use, or sea-use which is representative of a culture (or cultures), or human interaction with the environment especially when it has become vulnerable under the impact of irreversible change')]"
949,My Son Sanctuary,cultural,['Viet Nam'],['Asia'],1999,142,"[('ii', 'to exhibit an important interchange of human values, over a span of time or within a cultural area of the world, on developments in architecture or technology, monumental arts, town-planning or landscape design'), ('iii', 'to bear a unique or at least exceptional testimony to a cultural tradition or to a civilization which is living or which has disappeared')]"
1328,Central Sector of the Imperial Citadel of Thang Long - Hanoi,cultural,['Viet Nam'],['Asia'],2010,18.395,"[('ii', 'to exhibit an important interchange of human values, over a span of time or within a cultural area of the world, on developments in architecture or technology, monumental arts, town-planning or landscape design'), ('iii', 'to bear a unique or at least exceptional testimony to a cultural tradition or to a civilization which is living or which has disappeared'), ('vi', 'to be directly or tangibly associated with events or living traditions, with ideas, or with beliefs, with artistic and literary works of outstanding universal significance. (The Committee considers that this criterion should preferably be used in conjunction with other criteria)')]"
1358,Citadel of the Ho Dynasty,cultural,['Viet Nam'],['Asia'],2011,155.5,"[('ii', 'to exhibit an important interchange of human values, over a span of time or within a cultural area of the world, on developments in architecture or technology, monumental arts, town-planning or landscape design'), ('iv', 'to be an outstanding example of a type of building, architectural or technological ensemble or landscape which illustrates (a) significant stage(s) in human history')]"
1438,Trang An Landscape Complex,mixed,['Viet Nam'],['Asia'],2014,6226,"[('v', 'to be an outstanding example of a traditional human settlement, land-use, or sea-use which is representative of a culture (or cultures), or human interaction with the environment especially when it has become vulnerable under the impact of irreversible change'), ('vii', 'to contain superlative natural phenomena or areas of exceptional natural beauty and aesthetic importance'), ('viii', ""to be outstanding examples representing major stages of earth's history, including the record of life, significant on-going geological processes in the development of landforms, or significant geomorphic or physiographic features"")]"
1732,"Yen Tu-Vinh Nghiem-Con Son, Kiep Bac Complex of Monuments and Landscapes",cultural,['Viet Nam'],['Asia'],2025,525.748,"[('iii', 'to bear a unique or at least exceptional testimony to a cultural tradition or to a civilization which is living or which has disappeared'), ('vi', 'to be directly or tangibly associated with events or living traditions, with ideas, or with beliefs, with artistic and literary works of outstanding universal significance. (The Committee considers that this criterion should preferably be used in conjunction with other criteria)')]"
192,Old Walled City of Shibam,cultural_danger,['Yemen'],['Asia'],1982,ni podatka,"[('iii', 'to bear a unique or at least exceptional testimony to a cultural tradition or to a civilization which is living or which has disappeared'), ('iv', 'to be an outstanding example of a type of building, architectural or technological ensemble or landscape which illustrates (a) significant stage(s) in human history'), ('v', 'to be an outstanding example of a traditional human settlement, land-use, or sea-use which is representative of a culture (or cultures), or human interaction with the environment especially when it has become vulnerable under the impact of irreversible change')]"
385,Old City of Sana'a,cultural_danger,['Yemen'],['Asia'],1986,ni podatka,"[('iv', 'to be an outstanding example of a type of building, architectural or technological ensemble or landscape which illustrates (a) significant stage(s) in human history'), ('v', 'to be an outstanding example of a traditional human settlement, land-use, or sea-use which is representative of a culture (or cultures), or human interaction with the environment especially when it has become vulnerable under the impact of irreversible change'), ('vi', 'to be directly or tangibly associated with events or living traditions, with ideas, or with beliefs, with artistic and literary works of outstanding universal significance. (The Committee considers that this criterion should preferably be used in conjunction with other criteria)')]"
611,Historic Town of Zabid,cultural_danger,['Yemen'],['Asia'],1993,ni podatka,"[('ii', 'to exhibit an important interchange of human values, over a span of time or within a cultural area of the world, on developments in architecture or technology, monumental arts, town-planning or landscape design'), ('iv', 'to be an outstanding example of a type of building, architectural or technological ensemble or landscape which illustrates (a) significant stage(s) in human history'), ('vi', 'to be directly or tangibly associated with events or living traditions, with ideas, or with beliefs, with artistic and literary works of outstanding universal significance. (The Committee considers that this criterion should preferably be used in conjunction with other criteria)')]"
1263,Socotra Archipelago,natural,['Yemen'],['Asia'],2008,410460,"[('x', 'to contain the most important and significant natural habitats for in-situ conservation of biological diversity, including those containing threatened species of outstanding universal value from the point of view of science or conservation')]"
1700,"Landmarks of the Ancient Kingdom of Saba, Marib",cultural_danger,['Yemen'],['Asia'],2023,375.29,"[('iii', 'to bear a unique or at least exceptional testimony to a cultural tradition or to a civilization which is living or which has disappeared'), ('iv', 'to be an outstanding example of a type of building, architectural or technological ensemble or landscape which illustrates (a) significant stage(s) in human history')]"
509,Mosi-oa-Tunya / Victoria Falls,natural,"['Zambia', 'Zimbabwe']",['Africa'],1989,6860,"[('vii', 'to contain superlative natural phenomena or areas of exceptional natural beauty and aesthetic importance'), ('viii', ""to be outstanding examples representing major stages of earth's history, including the record of life, significant on-going geological processes in the development of landforms, or significant geomorphic or physiographic features"")]"
302,"Mana Pools National Park, Sapi and Chewore Safari Areas",natural,['Zimbabwe'],['Africa'],1984,676600,"[('vii', 'to contain superlative natural phenomena or areas of exceptional natural beauty and aesthetic importance'), ('ix', 'to be outstanding examples representing significant on-going ecological and biological processes in the evolution and development of terrestrial, fresh water, coastal and marine ecosystems and communities of plants and animals'), ('x', 'to contain the most important and significant natural habitats for in-situ conservation of biological diversity, including those containing threatened species of outstanding universal value from the point of view of science or conservation')]"
364,Great Zimbabwe National Monument,cultural,['Zimbabwe'],['Africa'],1986,722,"[('i', 'to represent a masterpiece of human creative genius'), ('iii', 'to bear a unique or at least exceptional testimony to a cultural tradition or to a civilization which is living or which has disappeared'), ('vi', 'to be directly or tangibly associated with events or living traditions, with ideas, or with beliefs, with artistic and literary works of outstanding universal significance. (The Committee considers that this criterion should preferably be used in conjunction with other criteria)')]"
365,Khami Ruins National Monument,cultural,['Zimbabwe'],['Africa'],1986,ni podatka,"[('iii', 'to bear a unique or at least exceptional testimony to a cultural tradition or to a civilization which is living or which has disappeared'), ('iv', 'to be an outstanding example of a type of building, architectural or technological ensemble or landscape which illustrates (a) significant stage(s) in human history')]"
306,Matobo Hills,cultural,['Zimbabwe'],['Africa'],2003,205000,"[('iii', 'to bear a unique or at least exceptional testimony to a cultural tradition or to a civilization which is living or which has disappeared'), ('v', 'to be an outstanding example of a traditional human settlement, land-use, or sea-use which is representative of a culture (or cultures), or human interaction with the environment especially when it has become vulnerable under the impact of irreversible change'), ('vi', 'to be directly or tangibly associated with events or living traditions, with ideas, or with beliefs, with artistic and literary works of outstanding universal significance. (The Committee considers that this criterion should preferably be used in conjunction with other criteria)')]"
